customer_id,company_size,plan,monthly_usage,support_tickets,contract_length,monthly_revenue,churned,days_since_last_login,num_users,industry
CUST0001,Small,Basic,219.17,10,6,336.13,0,11,13,Technology
CUST0002,Small,Basic,229.0,10,6,360.97,1,53,11,Technology
CUST0003,Small,Basic,135.06,4,12,314.55,0,27,5,Retail
CUST0004,Small,Basic,251.78,9,12,419.54,1,68,17,Healthcare
CUST0005,Small,Basic,194.34,3,12,379.79,0,5,14,Manufacturing
CUST0006,Enterprise,Enterprise,1208.55,2,36,1714.71,0,5,159,Healthcare
CUST0007,Medium,Professional,365.36,4,12,922.3,0,17,29,Finance
CUST0008,Small,Basic,255.45,7,6,399.68,1,51,15,Retail
CUST0009,Enterprise,Enterprise,1016.51,3,36,1947.11,0,4,245,Finance
CUST0010,Medium,Professional,444.8,2,24,1367.3,0,32,59,Finance
CUST0011,Enterprise,Enterprise,1177.13,3,36,2928.81,0,12,139,Technology
CUST0012,Medium,Professional,572.68,5,12,807.67,0,17,60,Manufacturing
CUST0013,Small,Basic,292.97,4,12,335.51,0,64,18,Healthcare
CUST0014,Enterprise,Enterprise,1131.5,0,24,2732.12,0,10,229,Healthcare
CUST0015,Enterprise,Enterprise,768.52,3,24,4155.44,0,2,178,Technology
CUST0016,Enterprise,Enterprise,912.05,3,24,2874.9,0,6,132,Retail
CUST0017,Medium,Professional,659.85,4,24,897.87,0,7,50,Finance
CUST0018,Small,Basic,107.24,2,6,324.11,1,42,12,Technology
CUST0019,Small,Basic,110.75,9,12,355.09,1,52,20,Finance
CUST0020,Medium,Professional,569.35,6,12,1171.55,1,6,47,Technology
CUST0021,Enterprise,Enterprise,812.15,1,36,3904.31,0,8,127,Healthcare
CUST0022,Medium,Professional,687.6,2,12,1496.03,0,10,60,Technology
CUST0023,Small,Basic,296.33,6,6,350.7,1,58,17,Manufacturing
CUST0024,Medium,Professional,531.67,5,12,1318.82,0,3,56,Retail
CUST0025,Small,Basic,64.22,10,6,441.83,0,10,20,Technology
CUST0026,Medium,Professional,531.57,1,12,1263.72,1,39,40,Technology
CUST0027,Medium,Professional,395.47,4,24,784.33,0,8,45,Retail
CUST0028,Medium,Professional,329.3,2,12,1360.49,0,32,29,Healthcare
CUST0029,Enterprise,Enterprise,1189.34,0,36,3499.22,0,9,162,Healthcare
CUST0030,Enterprise,Enterprise,917.88,1,24,4425.47,0,10,134,Technology
CUST0031,Medium,Professional,553.71,3,12,946.94,1,2,41,Healthcare
CUST0032,Medium,Professional,524.36,1,24,1293.74,0,4,41,Finance
CUST0033,Medium,Professional,316.73,3,12,989.15,0,2,48,Finance
CUST0034,Medium,Professional,689.53,6,24,1153.93,0,9,31,Finance
CUST0035,Enterprise,Enterprise,1325.91,3,36,1285.9,0,7,145,Finance
CUST0036,Small,Basic,137.41,5,12,319.87,1,28,6,Technology
CUST0037,Small,Basic,137.79,10,12,401.28,1,51,13,Finance
CUST0038,Small,Basic,195.15,6,6,338.23,1,4,5,Retail
CUST0039,Small,Basic,146.3,5,6,418.02,1,32,15,Manufacturing
CUST0040,Small,Basic,205.79,3,12,325.98,0,38,11,Manufacturing
CUST0041,Small,Basic,219.33,4,12,343.67,0,38,14,Manufacturing
CUST0042,Small,Basic,166.25,9,12,359.71,1,27,11,Technology
CUST0043,Medium,Professional,337.35,2,24,1140.03,0,19,43,Finance
CUST0044,Small,Basic,163.85,5,6,328.35,1,49,6,Finance
CUST0045,Small,Basic,244.61,5,6,335.71,0,22,5,Finance
CUST0046,Medium,Professional,353.34,4,24,1475.88,0,33,60,Retail
CUST0047,Small,Basic,257.64,10,12,419.61,0,57,19,Retail
CUST0048,Medium,Professional,550.7,3,24,842.64,1,28,40,Manufacturing
CUST0049,Small,Basic,87.71,8,6,377.93,0,19,15,Healthcare
CUST0050,Medium,Professional,633.16,4,12,1081.19,0,37,46,Technology
CUST0051,Enterprise,Enterprise,938.89,3,36,3481.21,0,13,247,Technology
CUST0052,Enterprise,Enterprise,723.22,2,36,3114.55,0,12,156,Retail
CUST0053,Enterprise,Enterprise,767.16,3,24,5422.07,0,4,236,Manufacturing
CUST0054,Small,Basic,240.31,8,12,379.71,0,35,17,Finance
CUST0055,Small,Basic,299.98,7,6,344.93,0,28,7,Manufacturing
CUST0056,Enterprise,Enterprise,890.84,3,24,4048.49,0,3,163,Technology
CUST0057,Medium,Professional,611.12,2,12,863.14,0,19,41,Finance
CUST0058,Enterprise,Enterprise,1453.18,1,36,3704.62,0,2,247,Technology
CUST0059,Small,Basic,249.06,2,6,378.28,0,44,14,Finance
CUST0060,Small,Basic,76.38,7,12,366.82,1,58,15,Healthcare
CUST0061,Small,Basic,166.22,6,12,397.35,0,41,13,Manufacturing
CUST0062,Small,Basic,134.1,9,12,390.22,1,41,19,Technology
CUST0063,Small,Basic,188.95,10,12,394.01,1,24,13,Finance
CUST0064,Medium,Professional,479.27,1,24,1020.65,0,5,40,Manufacturing
CUST0065,Medium,Professional,470.2,6,24,987.05,0,35,44,Manufacturing
CUST0066,Small,Basic,79.89,10,12,381.49,1,23,13,Manufacturing
CUST0067,Small,Basic,106.87,4,12,397.92,1,38,14,Manufacturing
CUST0068,Small,Basic,209.47,9,6,331.9,0,13,6,Retail
CUST0069,Small,Basic,113.12,9,6,361.56,0,14,20,Retail
CUST0070,Medium,Professional,334.07,2,24,1301.24,0,7,28,Manufacturing
CUST0071,Medium,Professional,418.94,5,24,901.59,0,27,39,Manufacturing
CUST0072,Small,Basic,116.16,3,6,325.92,1,20,8,Retail
CUST0073,Small,Basic,122.81,5,12,330.09,0,36,5,Retail
CUST0074,Small,Basic,156.28,10,6,380.65,1,28,12,Manufacturing
CUST0075,Enterprise,Enterprise,1051.32,3,36,5058.63,0,9,118,Healthcare
CUST0076,Medium,Professional,593.81,5,24,1250.29,1,16,56,Healthcare
CUST0077,Enterprise,Enterprise,1161.0,1,36,2676.25,0,15,247,Finance
CUST0078,Enterprise,Enterprise,1475.24,3,36,1186.05,0,11,146,Manufacturing
CUST0079,Medium,Professional,565.03,4,24,1217.79,1,35,35,Healthcare
CUST0080,Small,Basic,214.42,10,6,398.65,1,59,15,Technology
CUST0081,Medium,Professional,406.82,2,12,1192.11,0,18,56,Finance
CUST0082,Small,Basic,188.06,3,6,346.08,0,28,12,Manufacturing
CUST0083,Medium,Professional,503.55,3,24,904.94,0,26,32,Technology
CUST0084,Small,Basic,266.01,6,6,367.16,1,53,9,Manufacturing
CUST0085,Small,Basic,266.32,9,12,318.24,1,68,5,Retail
CUST0086,Medium,Professional,692.31,2,12,1421.9,0,36,59,Healthcare
CUST0087,Small,Basic,297.1,4,12,437.07,0,63,20,Manufacturing
CUST0088,Medium,Professional,339.88,4,24,1011.46,0,0,46,Finance
CUST0089,Enterprise,Enterprise,970.85,3,36,5130.48,0,2,139,Manufacturing
CUST0090,Small,Basic,268.1,2,12,409.5,0,8,15,Retail
CUST0091,Enterprise,Enterprise,1054.94,2,24,3082.77,1,0,123,Healthcare
CUST0092,Small,Basic,191.48,4,12,354.87,1,21,16,Technology
CUST0093,Enterprise,Enterprise,1068.92,2,24,3394.66,0,14,161,Retail
CUST0094,Enterprise,Enterprise,759.09,2,24,2223.54,0,9,219,Technology
CUST0095,Medium,Professional,641.33,1,24,865.36,0,15,54,Manufacturing
CUST0096,Medium,Professional,409.79,5,24,1486.99,0,3,43,Healthcare
CUST0097,Enterprise,Enterprise,875.2,1,36,1981.9,0,8,173,Manufacturing
CUST0098,Medium,Professional,592.94,1,24,1140.05,0,18,27,Finance
CUST0099,Small,Basic,182.71,6,12,365.12,1,21,9,Manufacturing
CUST0100,Enterprise,Enterprise,1074.67,0,24,2219.41,0,4,175,Manufacturing
CUST0101,Enterprise,Enterprise,772.24,3,36,2003.25,0,0,201,Finance
CUST0102,Medium,Professional,343.34,2,24,1133.58,1,30,41,Technology
CUST0103,Small,Basic,277.35,6,12,369.4,1,52,12,Retail
CUST0104,Enterprise,Enterprise,1409.81,1,24,993.61,0,12,177,Technology
CUST0105,Medium,Professional,546.26,3,24,870.36,0,2,34,Retail
CUST0106,Medium,Professional,517.79,6,24,790.57,1,22,40,Finance
CUST0107,Small,Basic,215.69,2,6,355.51,0,6,8,Healthcare
CUST0108,Enterprise,Enterprise,1169.11,1,24,5382.03,0,10,244,Finance
CUST0109,Small,Basic,77.48,2,6,347.16,1,16,9,Retail
CUST0110,Medium,Professional,510.43,6,24,1155.63,0,4,26,Finance
CUST0111,Medium,Professional,590.9,6,12,1032.01,0,33,31,Healthcare
CUST0112,Small,Basic,172.57,9,6,391.0,0,9,20,Technology
CUST0113,Medium,Professional,452.36,5,24,1290.92,1,33,29,Healthcare
CUST0114,Medium,Professional,472.03,2,12,807.42,0,26,31,Retail
CUST0115,Small,Basic,143.58,4,12,330.31,1,60,8,Manufacturing
CUST0116,Small,Basic,189.09,10,6,333.63,1,42,8,Technology
CUST0117,Small,Basic,200.1,7,12,413.74,0,13,18,Manufacturing
CUST0118,Small,Basic,78.72,6,12,352.21,0,28,20,Finance
CUST0119,Enterprise,Enterprise,723.16,2,36,6228.02,0,9,242,Retail
CUST0120,Small,Basic,235.24,2,6,339.21,0,11,9,Healthcare
CUST0121,Small,Basic,244.21,3,12,379.53,0,6,19,Finance
CUST0122,Small,Basic,201.77,8,12,341.07,1,34,7,Retail
CUST0123,Small,Basic,181.73,6,12,408.36,1,5,18,Retail
CUST0124,Small,Basic,241.04,6,6,335.24,1,41,11,Retail
CUST0125,Medium,Professional,500.1,6,12,1309.53,1,22,36,Manufacturing
CUST0126,Medium,Professional,529.36,6,24,1034.63,0,40,54,Technology
CUST0127,Medium,Professional,632.81,3,24,1442.73,0,5,45,Technology
CUST0128,Small,Basic,236.45,5,12,373.89,0,42,17,Technology
CUST0129,Medium,Professional,440.44,6,24,982.87,0,9,32,Technology
CUST0130,Small,Basic,94.29,9,6,365.22,1,59,10,Finance
CUST0131,Medium,Professional,475.91,4,12,940.8,0,28,45,Retail
CUST0132,Medium,Professional,315.04,3,24,1077.13,0,18,47,Healthcare
CUST0133,Medium,Professional,479.89,5,12,1281.78,0,12,57,Technology
CUST0134,Medium,Professional,692.95,1,24,1121.93,0,32,28,Manufacturing
CUST0135,Small,Basic,140.97,6,6,397.73,1,49,19,Technology
CUST0136,Medium,Professional,431.88,5,12,891.21,0,24,28,Healthcare
CUST0137,Enterprise,Enterprise,948.19,3,36,5280.6,0,4,185,Retail
CUST0138,Small,Basic,217.53,10,6,367.15,0,11,17,Technology
CUST0139,Medium,Professional,436.69,4,12,1062.56,0,12,26,Manufacturing
CUST0140,Small,Basic,215.48,4,6,336.34,1,48,14,Finance
CUST0141,Enterprise,Enterprise,1241.09,1,36,1936.49,0,14,142,Finance
CUST0142,Small,Basic,275.99,5,12,381.53,0,47,12,Manufacturing
CUST0143,Enterprise,Enterprise,1473.01,1,36,2876.03,0,4,218,Retail
CUST0144,Medium,Professional,414.03,2,12,992.82,0,17,48,Technology
CUST0145,Small,Basic,271.16,2,12,433.43,1,53,18,Retail
CUST0146,Small,Basic,129.67,3,6,372.24,0,42,17,Retail
CUST0147,Small,Basic,162.15,2,12,356.35,1,10,20,Finance
CUST0148,Enterprise,Enterprise,788.95,2,36,2095.88,0,7,240,Finance
CUST0149,Small,Basic,199.18,2,12,432.45,0,65,19,Technology
CUST0150,Small,Basic,96.83,3,12,316.83,0,67,5,Finance
CUST0151,Enterprise,Enterprise,1012.36,3,24,4365.96,0,1,239,Technology
CUST0152,Small,Basic,233.24,3,6,311.38,1,42,5,Healthcare
CUST0153,Medium,Professional,552.69,2,24,921.66,0,4,36,Healthcare
CUST0154,Small,Basic,128.9,6,6,334.21,1,65,11,Manufacturing
CUST0155,Medium,Professional,644.86,1,24,832.98,0,21,27,Retail
CUST0156,Medium,Professional,435.61,2,24,1122.41,0,31,50,Healthcare
CUST0157,Enterprise,Enterprise,763.14,1,36,4012.11,0,9,232,Healthcare
CUST0158,Small,Basic,91.66,9,12,377.93,1,44,14,Technology
CUST0159,Medium,Professional,330.02,6,12,1445.04,0,25,52,Healthcare
CUST0160,Enterprise,Enterprise,727.84,0,36,1930.64,0,7,136,Finance
CUST0161,Small,Basic,143.0,3,12,336.05,0,17,6,Healthcare
CUST0162,Small,Basic,174.76,8,6,334.1,1,15,13,Manufacturing
CUST0163,Medium,Professional,380.07,2,24,743.29,0,4,38,Healthcare
CUST0164,Enterprise,Enterprise,1413.07,1,36,2961.2,0,5,181,Manufacturing
CUST0165,Small,Basic,56.57,10,12,337.42,1,47,11,Retail
CUST0166,Small,Basic,181.42,8,12,329.79,1,9,7,Retail
CUST0167,Medium,Professional,651.18,5,12,1191.02,0,40,53,Healthcare
CUST0168,Medium,Professional,365.86,3,24,844.21,0,14,28,Finance
CUST0169,Enterprise,Enterprise,800.14,2,36,4194.82,0,2,120,Retail
CUST0170,Medium,Professional,637.01,5,24,1292.67,0,2,34,Finance
CUST0171,Small,Basic,204.53,2,12,385.47,0,63,13,Technology
CUST0172,Small,Basic,124.36,3,12,395.08,1,7,14,Retail
CUST0173,Medium,Professional,593.68,3,24,1104.64,0,25,38,Manufacturing
CUST0174,Medium,Professional,479.84,2,24,1157.29,0,6,31,Healthcare
CUST0175,Enterprise,Enterprise,1350.78,2,24,4995.63,0,6,207,Manufacturing
CUST0176,Enterprise,Enterprise,772.04,3,24,3348.38,0,14,219,Manufacturing
CUST0177,Medium,Professional,414.3,1,24,1308.82,0,6,28,Finance
CUST0178,Medium,Professional,445.01,3,12,1200.61,0,4,50,Healthcare
CUST0179,Enterprise,Enterprise,802.93,0,24,2180.2,0,12,171,Manufacturing
CUST0180,Medium,Professional,500.03,1,24,900.35,0,2,48,Healthcare
CUST0181,Enterprise,Enterprise,962.37,2,24,3979.96,0,5,232,Healthcare
CUST0182,Medium,Professional,583.5,3,24,1065.7,0,30,44,Retail
CUST0183,Small,Basic,199.23,6,6,344.0,0,29,8,Healthcare
CUST0184,Medium,Professional,359.11,6,24,1154.25,1,15,58,Retail
CUST0185,Small,Basic,152.59,9,6,354.58,0,7,19,Technology
CUST0186,Small,Basic,128.44,4,12,373.05,0,58,15,Retail
CUST0187,Medium,Professional,411.6,3,12,963.25,0,14,41,Healthcare
CUST0188,Enterprise,Enterprise,979.04,2,36,2493.95,0,9,153,Healthcare
CUST0189,Small,Basic,122.61,6,6,431.19,1,10,17,Retail
CUST0190,Medium,Professional,673.21,6,24,1454.83,1,17,55,Manufacturing
CUST0191,Medium,Professional,555.18,1,12,1295.29,0,6,40,Retail
CUST0192,Small,Basic,151.73,9,6,346.72,1,61,9,Manufacturing
CUST0193,Small,Basic,183.79,2,6,315.13,0,22,6,Healthcare
CUST0194,Enterprise,Enterprise,849.05,2,36,988.95,1,1,109,Finance
CUST0195,Medium,Professional,655.7,2,24,1394.25,0,32,46,Retail
CUST0196,Enterprise,Enterprise,1274.88,0,36,4724.66,0,10,184,Finance
CUST0197,Medium,Professional,630.8,5,24,1358.77,1,20,37,Retail
CUST0198,Small,Basic,115.2,5,6,368.01,0,57,9,Technology
CUST0199,Small,Basic,65.53,3,6,320.05,1,59,5,Healthcare
CUST0200,Medium,Professional,447.02,2,24,1042.45,0,14,44,Manufacturing
CUST0201,Small,Basic,239.34,5,12,384.14,0,31,16,Manufacturing
CUST0202,Enterprise,Enterprise,762.48,0,36,3018.26,0,1,120,Retail
CUST0203,Small,Basic,79.06,5,12,363.31,1,62,9,Retail
CUST0204,Medium,Professional,525.56,5,24,1070.17,0,29,28,Retail
CUST0205,Medium,Professional,531.32,1,12,1148.23,0,27,50,Healthcare
CUST0206,Medium,Professional,312.69,4,24,706.85,0,11,28,Technology
CUST0207,Small,Basic,143.91,10,12,426.99,0,17,17,Manufacturing
CUST0208,Small,Basic,258.71,2,6,407.77,0,38,17,Healthcare
CUST0209,Medium,Professional,362.05,2,24,876.75,1,7,49,Retail
CUST0210,Medium,Professional,478.58,6,12,1118.1,0,3,26,Manufacturing
CUST0211,Medium,Professional,356.05,3,12,1130.67,0,14,39,Technology
CUST0212,Small,Basic,153.39,6,6,408.1,0,7,15,Retail
CUST0213,Enterprise,Enterprise,737.51,2,36,2653.13,0,12,144,Retail
CUST0214,Medium,Professional,396.39,2,24,1327.67,0,19,51,Healthcare
CUST0215,Enterprise,Enterprise,1010.74,2,24,3140.42,0,6,114,Finance
CUST0216,Enterprise,Enterprise,741.23,3,24,5361.56,0,1,194,Technology
CUST0217,Enterprise,Enterprise,867.11,2,36,2941.05,0,9,250,Finance
CUST0218,Small,Basic,278.61,5,12,329.7,0,50,11,Technology
CUST0219,Small,Basic,127.11,7,12,372.21,0,65,14,Retail
CUST0220,Small,Basic,142.68,8,6,378.19,0,5,20,Manufacturing
CUST0221,Medium,Professional,418.08,2,24,1241.36,0,21,26,Finance
CUST0222,Enterprise,Enterprise,905.86,3,36,4036.43,0,15,227,Retail
CUST0223,Small,Basic,180.99,3,6,445.91,0,6,20,Healthcare
CUST0224,Small,Basic,176.43,7,6,333.94,0,7,12,Manufacturing
CUST0225,Enterprise,Enterprise,709.48,2,36,5600.37,1,9,224,Retail
CUST0226,Enterprise,Enterprise,892.78,2,24,4445.73,0,11,145,Manufacturing
CUST0227,Small,Basic,124.99,3,6,358.27,1,4,17,Manufacturing
CUST0228,Small,Basic,70.67,8,6,340.19,1,42,20,Manufacturing
CUST0229,Enterprise,Enterprise,916.88,0,36,4395.77,0,8,110,Technology
CUST0230,Medium,Professional,534.81,6,12,782.67,0,25,36,Retail
CUST0231,Small,Basic,145.96,4,12,384.73,0,10,12,Healthcare
CUST0232,Small,Basic,292.23,7,12,343.44,0,3,18,Healthcare
CUST0233,Medium,Professional,571.88,6,12,1068.05,1,24,47,Manufacturing
CUST0234,Small,Basic,145.0,4,6,329.62,1,49,12,Retail
CUST0235,Small,Basic,83.13,4,6,391.4,1,55,14,Technology
CUST0236,Medium,Professional,538.77,3,12,1312.07,1,24,31,Retail
CUST0237,Small,Basic,192.99,4,6,337.23,1,48,7,Manufacturing
CUST0238,Small,Basic,155.28,9,12,359.21,1,9,20,Healthcare
CUST0239,Medium,Professional,354.2,1,12,1021.42,0,25,56,Finance
CUST0240,Small,Basic,125.11,5,6,368.2,1,61,15,Retail
CUST0241,Enterprise,Enterprise,960.71,2,24,2569.25,0,12,174,Manufacturing
CUST0242,Small,Basic,285.74,5,12,352.69,0,56,10,Retail
CUST0243,Enterprise,Enterprise,893.62,1,36,2386.44,0,13,204,Technology
CUST0244,Medium,Professional,517.46,3,24,1136.99,0,34,55,Technology
CUST0245,Small,Basic,190.81,8,6,349.22,0,42,12,Technology
CUST0246,Small,Basic,161.44,8,6,339.77,1,59,8,Manufacturing
CUST0247,Medium,Professional,418.17,1,12,1066.03,0,7,34,Retail
CUST0248,Small,Basic,137.08,3,12,348.07,0,56,15,Finance
CUST0249,Small,Basic,262.3,3,6,386.75,0,21,14,Manufacturing
CUST0250,Medium,Professional,392.74,4,24,1425.46,1,40,60,Finance
CUST0251,Small,Basic,226.18,5,6,349.8,0,35,11,Manufacturing
CUST0252,Medium,Professional,345.58,6,24,1321.22,0,31,59,Technology
CUST0253,Medium,Professional,546.95,6,24,1052.17,0,19,50,Healthcare
CUST0254,Small,Basic,95.76,4,6,330.2,1,65,9,Retail
CUST0255,Small,Basic,188.73,9,6,383.06,1,36,17,Retail
CUST0256,Enterprise,Enterprise,809.23,3,36,1909.26,0,15,113,Healthcare
CUST0257,Medium,Professional,618.35,2,12,1039.07,1,18,53,Manufacturing
CUST0258,Medium,Professional,519.89,1,24,920.34,1,36,35,Finance
CUST0259,Enterprise,Enterprise,1137.08,3,36,3594.18,0,3,193,Retail
CUST0260,Small,Basic,159.77,3,6,324.0,1,30,6,Finance
CUST0261,Medium,Professional,625.41,1,12,1247.85,0,36,52,Retail
CUST0262,Medium,Professional,529.09,5,24,1223.66,1,6,35,Healthcare
CUST0263,Enterprise,Enterprise,899.74,2,24,1501.24,0,7,170,Manufacturing
CUST0264,Medium,Professional,553.45,1,12,1001.86,0,25,42,Manufacturing
CUST0265,Medium,Professional,647.56,6,12,1163.74,0,5,48,Healthcare
CUST0266,Medium,Professional,387.13,4,24,1008.32,0,13,47,Manufacturing
CUST0267,Enterprise,Enterprise,1330.64,0,36,2828.5,0,1,186,Healthcare
CUST0268,Small,Basic,100.58,4,12,319.48,1,38,10,Manufacturing
CUST0269,Small,Basic,62.95,6,6,366.95,1,29,16,Healthcare
CUST0270,Medium,Professional,507.78,4,12,1133.64,1,0,25,Technology
CUST0271,Enterprise,Enterprise,1006.46,0,24,2736.05,0,3,208,Healthcare
CUST0272,Small,Basic,182.63,2,6,354.21,0,21,9,Healthcare
CUST0273,Medium,Professional,643.99,1,24,841.74,0,6,34,Finance
CUST0274,Medium,Professional,399.11,6,12,1213.32,0,5,49,Technology
CUST0275,Medium,Professional,382.18,5,24,996.76,1,32,43,Retail
CUST0276,Small,Basic,173.72,3,6,340.36,0,30,6,Manufacturing
CUST0277,Small,Basic,146.71,8,6,338.0,1,46,5,Retail
CUST0278,Enterprise,Enterprise,872.59,0,36,4717.06,0,12,118,Finance
CUST0279,Enterprise,Enterprise,921.97,2,24,2211.63,0,2,208,Retail
CUST0280,Enterprise,Enterprise,948.14,3,24,2958.31,0,7,139,Finance
CUST0281,Enterprise,Enterprise,1232.86,1,36,3415.75,1,3,129,Technology
CUST0282,Medium,Professional,366.79,2,24,1044.96,0,17,35,Finance
CUST0283,Enterprise,Enterprise,910.36,0,24,3649.58,0,15,107,Technology
CUST0284,Small,Basic,273.57,3,6,334.67,0,29,10,Healthcare
CUST0285,Small,Basic,280.06,4,12,323.4,0,4,5,Technology
CUST0286,Small,Basic,256.5,7,12,375.28,0,15,12,Manufacturing
CUST0287,Small,Basic,266.51,6,12,314.44,1,41,6,Technology
CUST0288,Small,Basic,165.98,9,6,373.07,0,25,11,Manufacturing
CUST0289,Enterprise,Enterprise,886.4,2,24,5128.02,0,0,162,Retail
CUST0290,Enterprise,Enterprise,864.16,1,24,2351.18,0,13,196,Technology
CUST0291,Enterprise,Enterprise,1417.83,3,24,2001.3,0,11,136,Technology
CUST0292,Medium,Professional,536.76,1,12,1514.32,0,27,57,Technology
CUST0293,Small,Basic,225.18,7,12,398.08,0,40,13,Finance
CUST0294,Small,Basic,88.85,4,6,371.97,1,57,11,Finance
CUST0295,Small,Basic,165.84,3,12,351.9,1,11,16,Manufacturing
CUST0296,Enterprise,Enterprise,772.97,1,24,4425.26,0,11,110,Healthcare
CUST0297,Medium,Professional,641.84,5,24,832.72,1,35,41,Technology
CUST0298,Small,Basic,82.68,8,6,320.45,1,47,9,Manufacturing
CUST0299,Medium,Professional,379.1,6,12,749.99,0,28,41,Technology
CUST0300,Enterprise,Enterprise,834.39,3,24,5418.17,0,12,184,Technology
CUST0301,Medium,Professional,411.94,2,24,1255.83,0,2,36,Manufacturing
CUST0302,Small,Basic,65.24,6,12,401.65,1,49,14,Retail
CUST0303,Medium,Professional,695.76,6,12,1512.45,0,22,58,Finance
CUST0304,Small,Basic,199.28,2,12,345.57,1,35,15,Manufacturing
CUST0305,Medium,Professional,406.61,6,12,717.04,0,3,39,Manufacturing
CUST0306,Medium,Professional,370.44,5,12,1331.85,0,20,49,Finance
CUST0307,Enterprise,Enterprise,1150.49,1,24,2125.97,0,15,107,Healthcare
CUST0308,Medium,Professional,510.58,1,12,1334.6,0,21,30,Finance
CUST0309,Enterprise,Enterprise,747.64,1,36,3037.12,0,4,187,Finance
CUST0310,Enterprise,Enterprise,1168.81,2,36,3908.52,0,9,118,Retail
CUST0311,Medium,Professional,369.68,5,24,1128.62,0,39,52,Finance
CUST0312,Medium,Professional,350.94,6,24,1203.51,0,0,36,Finance
CUST0313,Small,Basic,209.91,3,6,322.64,1,63,6,Retail
CUST0314,Small,Basic,255.42,7,6,408.85,1,57,15,Technology
CUST0315,Small,Basic,62.04,9,6,346.41,0,53,7,Finance
CUST0316,Medium,Professional,615.49,5,24,1197.61,0,14,49,Manufacturing
CUST0317,Enterprise,Enterprise,759.36,1,24,3742.89,0,12,108,Technology
CUST0318,Medium,Professional,581.8,4,24,1234.58,0,10,30,Technology
CUST0319,Small,Basic,224.3,10,12,362.1,0,33,8,Manufacturing
CUST0320,Small,Basic,88.4,7,12,331.18,1,0,6,Healthcare
CUST0321,Enterprise,Enterprise,1210.55,0,24,4179.58,0,15,222,Healthcare
CUST0322,Enterprise,Enterprise,1213.49,3,24,3856.19,0,5,220,Healthcare
CUST0323,Small,Basic,106.56,6,12,387.18,1,7,19,Manufacturing
CUST0324,Small,Basic,188.4,8,6,371.55,1,66,16,Technology
CUST0325,Medium,Professional,331.58,6,24,1044.13,0,2,55,Retail
CUST0326,Enterprise,Enterprise,1459.25,1,24,4915.28,0,6,137,Retail
CUST0327,Small,Basic,258.53,6,6,332.27,0,40,7,Finance
CUST0328,Small,Basic,279.29,2,12,420.93,0,66,17,Technology
CUST0329,Medium,Professional,669.97,5,12,1046.91,0,6,34,Technology
CUST0330,Enterprise,Enterprise,729.97,2,36,4658.84,0,12,205,Retail
CUST0331,Medium,Professional,576.21,1,24,1543.6,0,30,50,Retail
CUST0332,Small,Basic,293.12,5,6,398.11,0,17,14,Healthcare
CUST0333,Enterprise,Enterprise,850.35,1,24,4241.44,0,13,182,Manufacturing
CUST0334,Enterprise,Enterprise,1267.66,3,36,2775.66,0,4,114,Retail
CUST0335,Enterprise,Enterprise,1369.58,1,24,4580.92,0,1,107,Retail
CUST0336,Medium,Professional,554.16,1,24,1179.97,0,1,42,Healthcare
CUST0337,Medium,Professional,437.7,3,24,798.2,0,5,36,Manufacturing
CUST0338,Small,Basic,117.27,8,6,364.58,1,65,11,Manufacturing
CUST0339,Medium,Professional,389.51,5,12,996.6,0,19,33,Technology
CUST0340,Medium,Professional,486.68,6,12,921.99,0,33,49,Healthcare
CUST0341,Medium,Professional,524.58,5,24,1042.45,1,38,25,Manufacturing
CUST0342,Medium,Professional,404.46,6,24,875.79,0,19,46,Technology
CUST0343,Enterprise,Enterprise,1228.42,1,36,2055.1,0,0,114,Retail
CUST0344,Small,Basic,135.79,5,6,414.97,1,68,18,Healthcare
CUST0345,Enterprise,Enterprise,935.03,3,24,3821.59,0,4,191,Manufacturing
CUST0346,Enterprise,Enterprise,877.8,1,24,1792.35,0,9,146,Retail
CUST0347,Small,Basic,266.6,3,6,337.36,0,60,14,Healthcare
CUST0348,Small,Basic,84.34,5,6,375.67,1,43,17,Retail
CUST0349,Enterprise,Enterprise,1323.15,3,24,5483.94,0,10,217,Retail
CUST0350,Small,Basic,194.07,4,6,320.85,0,62,6,Finance
CUST0351,Small,Basic,145.83,2,12,379.2,1,68,18,Technology
CUST0352,Enterprise,Enterprise,1241.4,1,24,2416.5,0,7,182,Healthcare
CUST0353,Small,Basic,66.32,2,6,343.64,0,38,8,Healthcare
CUST0354,Medium,Professional,437.09,4,12,1422.31,0,22,58,Manufacturing
CUST0355,Enterprise,Enterprise,868.95,0,24,5102.72,0,5,203,Finance
CUST0356,Small,Basic,215.49,2,6,374.38,0,6,13,Technology
CUST0357,Medium,Professional,382.2,6,12,1026.71,1,40,32,Manufacturing
CUST0358,Medium,Professional,467.53,1,12,1364.77,0,32,58,Manufacturing
CUST0359,Small,Basic,257.87,5,12,344.73,0,45,8,Technology
CUST0360,Small,Basic,132.65,2,12,422.49,0,1,20,Healthcare
CUST0361,Enterprise,Enterprise,1278.85,0,24,4477.57,0,8,226,Technology
CUST0362,Enterprise,Enterprise,1399.31,2,24,3846.08,0,11,175,Manufacturing
CUST0363,Medium,Professional,303.87,2,12,1352.58,0,10,32,Healthcare
CUST0364,Enterprise,Enterprise,846.3,3,36,1415.79,0,12,168,Manufacturing
CUST0365,Enterprise,Enterprise,790.45,0,24,2608.67,0,5,222,Healthcare
CUST0366,Medium,Professional,544.54,6,24,1318.0,0,8,53,Retail
CUST0367,Small,Basic,53.09,10,12,342.28,0,28,18,Manufacturing
CUST0368,Medium,Professional,438.3,6,24,1137.45,1,24,31,Healthcare
CUST0369,Enterprise,Enterprise,1381.5,1,36,5312.92,0,2,113,Retail
CUST0370,Small,Basic,150.82,5,12,342.42,0,10,13,Healthcare
CUST0371,Medium,Professional,598.1,1,24,1083.64,0,6,56,Retail
CUST0372,Medium,Professional,656.04,5,24,873.22,0,13,25,Technology
CUST0373,Enterprise,Enterprise,965.58,3,36,2530.37,0,11,193,Manufacturing
CUST0374,Small,Basic,186.92,7,12,348.57,1,13,12,Technology
CUST0375,Medium,Professional,348.3,4,12,1424.74,0,13,51,Finance
CUST0376,Medium,Professional,608.86,4,12,816.36,0,29,31,Finance
CUST0377,Small,Basic,259.7,9,12,427.35,0,65,20,Retail
CUST0378,Medium,Professional,563.01,5,24,861.43,0,20,36,Finance
CUST0379,Medium,Professional,481.14,2,24,1347.1,0,8,40,Manufacturing
CUST0380,Small,Basic,100.22,6,6,413.91,0,44,15,Retail
CUST0381,Enterprise,Enterprise,1268.28,2,36,3378.48,0,15,145,Finance
CUST0382,Medium,Professional,509.09,1,12,1446.39,0,24,59,Manufacturing
CUST0383,Small,Basic,259.85,6,6,360.99,0,26,10,Technology
CUST0384,Small,Basic,235.6,10,6,436.06,1,49,19,Technology
CUST0385,Medium,Professional,686.33,1,24,765.22,0,0,28,Healthcare
CUST0386,Medium,Professional,602.04,5,24,1097.86,1,38,53,Finance
CUST0387,Small,Basic,233.77,3,6,324.45,1,48,10,Finance
CUST0388,Medium,Professional,432.23,6,12,1336.95,1,9,33,Healthcare
CUST0389,Medium,Professional,329.15,6,24,1144.86,0,20,44,Healthcare
CUST0390,Medium,Professional,336.78,2,24,1404.11,0,13,57,Finance
CUST0391,Small,Basic,299.16,2,12,362.76,0,14,11,Healthcare
CUST0392,Small,Basic,145.34,3,12,373.1,1,49,12,Manufacturing
CUST0393,Small,Basic,60.96,5,12,380.35,1,41,16,Healthcare
CUST0394,Small,Basic,266.24,8,6,315.95,1,13,5,Technology
CUST0395,Medium,Professional,586.75,1,24,836.62,0,5,29,Manufacturing
CUST0396,Enterprise,Enterprise,1026.11,3,36,5895.22,0,12,242,Finance
CUST0397,Small,Basic,238.99,2,6,346.32,0,9,8,Technology
CUST0398,Small,Basic,145.35,2,12,351.25,1,60,14,Retail
CUST0399,Small,Basic,290.03,4,12,420.44,0,38,17,Finance
CUST0400,Enterprise,Enterprise,733.42,3,24,2829.61,0,2,102,Healthcare
CUST0401,Small,Basic,98.58,4,12,329.08,0,6,9,Healthcare
CUST0402,Medium,Professional,339.28,6,24,1517.92,0,37,60,Retail
CUST0403,Small,Basic,129.45,9,6,367.71,1,42,12,Healthcare
CUST0404,Medium,Professional,683.46,2,24,1003.03,0,0,34,Healthcare
CUST0405,Medium,Professional,651.15,4,24,1250.15,0,28,52,Finance
CUST0406,Medium,Professional,643.49,2,24,1269.37,1,34,31,Healthcare
CUST0407,Medium,Professional,607.68,2,24,840.78,0,2,26,Technology
CUST0408,Enterprise,Enterprise,1014.0,2,36,4194.57,0,4,238,Retail
CUST0409,Small,Basic,239.3,4,6,395.12,1,57,16,Retail
CUST0410,Enterprise,Enterprise,732.34,3,36,2227.76,0,7,137,Retail
CUST0411,Small,Basic,167.42,9,12,373.75,1,5,11,Healthcare
CUST0412,Small,Basic,144.16,8,6,346.37,1,46,13,Healthcare
CUST0413,Medium,Professional,441.16,3,24,779.93,0,31,49,Technology
CUST0414,Small,Basic,102.88,4,12,329.86,0,20,9,Retail
CUST0415,Medium,Professional,570.09,4,24,1035.69,0,13,51,Technology
CUST0416,Small,Basic,207.39,2,6,332.45,1,18,6,Manufacturing
CUST0417,Enterprise,Enterprise,1402.81,2,24,1965.35,0,2,232,Healthcare
CUST0418,Enterprise,Enterprise,1335.69,1,24,5374.76,0,8,223,Retail
CUST0419,Enterprise,Enterprise,713.25,3,24,4085.34,0,4,117,Healthcare
CUST0420,Medium,Professional,337.28,6,12,813.44,0,8,27,Finance
CUST0421,Enterprise,Enterprise,1258.11,3,24,3298.5,0,7,210,Retail
CUST0422,Enterprise,Enterprise,1040.39,2,24,4442.99,0,15,197,Manufacturing
CUST0423,Small,Basic,194.5,3,6,335.85,1,66,18,Technology
CUST0424,Medium,Professional,560.63,3,24,1073.47,0,16,45,Finance
CUST0425,Medium,Professional,465.29,5,12,789.08,1,30,42,Manufacturing
CUST0426,Medium,Professional,594.31,6,24,831.0,0,7,41,Retail
CUST0427,Enterprise,Enterprise,1340.68,0,36,4810.94,0,5,141,Manufacturing
CUST0428,Enterprise,Enterprise,751.26,1,24,3380.73,0,11,137,Technology
CUST0429,Medium,Professional,678.29,2,12,1087.92,0,40,50,Technology
CUST0430,Small,Basic,203.8,2,6,393.05,1,46,14,Technology
CUST0431,Enterprise,Enterprise,1235.73,3,36,1327.45,0,6,122,Technology
CUST0432,Enterprise,Enterprise,977.98,2,36,5036.89,0,7,240,Technology
CUST0433,Medium,Professional,502.5,5,24,1033.39,0,4,50,Finance
CUST0434,Enterprise,Enterprise,1255.35,3,36,2349.46,0,15,231,Healthcare
CUST0435,Enterprise,Enterprise,1085.58,2,24,3374.9,0,2,217,Healthcare
CUST0436,Medium,Professional,506.6,1,24,894.41,0,16,39,Finance
CUST0437,Small,Basic,128.47,5,12,412.9,1,34,15,Technology
CUST0438,Medium,Professional,382.71,2,24,1186.82,0,15,37,Finance
CUST0439,Small,Basic,203.46,10,12,318.89,0,5,8,Healthcare
CUST0440,Medium,Professional,496.32,5,24,1069.14,0,17,56,Healthcare
CUST0441,Small,Basic,148.43,4,12,393.88,0,58,18,Retail
CUST0442,Medium,Professional,430.17,5,12,1274.52,0,16,25,Retail
CUST0443,Small,Basic,174.69,5,6,381.13,0,53,20,Healthcare
CUST0444,Small,Basic,294.82,5,6,351.63,0,12,17,Healthcare
CUST0445,Medium,Professional,489.19,1,12,1415.57,0,11,49,Finance
CUST0446,Enterprise,Enterprise,940.03,0,36,3267.56,0,12,232,Finance
CUST0447,Small,Basic,236.15,6,12,374.61,1,46,13,Finance
CUST0448,Enterprise,Enterprise,1393.89,1,36,3861.08,0,5,165,Retail
CUST0449,Small,Basic,145.27,6,6,393.41,1,59,20,Healthcare
CUST0450,Enterprise,Enterprise,1379.12,0,36,3868.07,0,2,186,Finance
CUST0451,Small,Basic,117.81,9,12,378.56,1,46,14,Finance
CUST0452,Enterprise,Enterprise,1282.22,2,24,5291.41,0,2,205,Retail
CUST0453,Small,Basic,56.59,8,6,333.81,1,67,7,Manufacturing
CUST0454,Small,Basic,127.34,5,12,367.39,1,36,9,Technology
CUST0455,Small,Basic,266.06,9,12,358.84,0,69,10,Finance
CUST0456,Medium,Professional,509.38,6,24,1423.32,0,34,59,Retail
CUST0457,Medium,Professional,464.88,2,24,898.57,1,19,39,Healthcare
CUST0458,Enterprise,Enterprise,1250.22,3,24,3769.7,0,15,134,Retail
CUST0459,Enterprise,Enterprise,1029.39,3,24,2153.92,0,12,159,Manufacturing
CUST0460,Enterprise,Enterprise,1113.29,2,24,4155.29,0,9,156,Manufacturing
CUST0461,Enterprise,Enterprise,931.68,3,24,4242.21,0,14,205,Retail
CUST0462,Medium,Professional,374.38,1,12,1291.76,0,18,45,Retail
CUST0463,Medium,Professional,436.77,3,12,1227.33,0,31,39,Manufacturing
CUST0464,Medium,Professional,322.42,4,12,1192.51,0,4,27,Manufacturing
CUST0465,Small,Basic,293.65,5,6,390.42,0,49,13,Finance
CUST0466,Small,Basic,180.28,5,6,337.67,1,60,6,Manufacturing
CUST0467,Enterprise,Enterprise,902.65,2,24,2298.78,0,6,140,Healthcare
CUST0468,Enterprise,Enterprise,959.61,1,36,1136.35,0,8,155,Technology
CUST0469,Enterprise,Enterprise,1250.73,1,36,1184.28,0,11,102,Manufacturing
CUST0470,Small,Basic,64.94,4,6,327.9,0,68,7,Finance
CUST0471,Medium,Professional,622.21,4,24,913.91,1,12,45,Finance
CUST0472,Small,Basic,189.76,10,12,319.38,1,62,9,Manufacturing
CUST0473,Medium,Professional,327.55,2,12,924.9,0,28,45,Finance
CUST0474,Medium,Professional,593.46,1,24,1514.29,0,39,54,Healthcare
CUST0475,Small,Basic,97.47,9,12,336.29,1,70,7,Retail
CUST0476,Small,Basic,60.94,4,6,376.2,0,22,15,Healthcare
CUST0477,Small,Basic,214.48,10,12,358.79,1,32,11,Finance
CUST0478,Medium,Professional,671.36,1,24,1410.41,0,29,29,Finance
CUST0479,Small,Basic,255.91,6,6,421.6,1,67,18,Technology
CUST0480,Enterprise,Enterprise,780.98,1,24,1645.45,0,12,119,Technology
CUST0481,Medium,Professional,606.51,5,12,1057.5,0,22,36,Retail
CUST0482,Enterprise,Enterprise,1226.03,3,36,2082.72,0,11,142,Manufacturing
CUST0483,Enterprise,Enterprise,1360.92,2,36,1939.34,0,7,183,Retail
CUST0484,Small,Basic,50.05,2,12,360.65,0,36,13,Finance
CUST0485,Small,Basic,263.93,2,6,409.7,0,35,14,Retail
CUST0486,Medium,Professional,355.36,3,12,1305.34,0,37,34,Retail
CUST0487,Enterprise,Enterprise,1287.41,2,24,2884.02,0,15,123,Healthcare
CUST0488,Enterprise,Enterprise,762.78,0,36,2590.57,0,10,124,Retail
CUST0489,Medium,Professional,553.55,6,12,785.66,1,24,32,Manufacturing
CUST0490,Small,Basic,62.63,8,6,355.01,1,57,9,Retail
CUST0491,Medium,Professional,352.88,1,12,1202.85,0,30,39,Retail
CUST0492,Medium,Professional,604.81,4,12,1354.4,1,35,41,Technology
CUST0493,Medium,Professional,396.93,3,12,1158.65,0,27,37,Manufacturing
CUST0494,Small,Basic,136.13,2,12,373.04,1,39,18,Retail
CUST0495,Medium,Professional,379.87,3,12,1072.16,0,9,53,Healthcare
CUST0496,Small,Basic,267.19,6,6,333.6,0,1,6,Technology
CUST0497,Small,Basic,100.95,10,6,364.1,1,33,20,Technology
CUST0498,Medium,Professional,533.2,6,24,987.28,1,33,34,Retail
CUST0499,Small,Basic,166.24,2,6,362.57,0,8,11,Finance
CUST0500,Medium,Professional,392.47,4,24,782.93,0,32,48,Healthcare
CUST0501,Enterprise,Enterprise,859.1,3,24,2195.33,1,0,224,Technology
CUST0502,Small,Basic,221.08,7,12,358.23,1,38,20,Retail
CUST0503,Small,Basic,286.03,6,6,343.26,1,28,6,Retail
CUST0504,Medium,Professional,466.93,5,12,915.8,0,9,30,Manufacturing
CUST0505,Enterprise,Enterprise,1164.82,1,24,3216.8,0,4,184,Healthcare
CUST0506,Enterprise,Enterprise,1224.99,1,24,2166.74,0,10,210,Retail
CUST0507,Enterprise,Enterprise,1281.66,2,24,4678.29,0,13,130,Retail
CUST0508,Medium,Professional,373.9,5,12,1240.19,1,39,42,Healthcare
CUST0509,Medium,Professional,575.26,4,12,1145.56,0,8,39,Retail
CUST0510,Medium,Professional,355.01,2,24,1297.2,1,14,48,Retail
CUST0511,Enterprise,Enterprise,1306.22,0,24,4845.53,0,5,205,Technology
CUST0512,Enterprise,Enterprise,1042.04,0,24,3368.7,0,12,225,Manufacturing
CUST0513,Medium,Professional,508.26,4,12,1312.89,0,29,59,Manufacturing
CUST0514,Enterprise,Enterprise,1146.16,0,24,3133.72,0,6,162,Technology
CUST0515,Enterprise,Enterprise,1251.96,1,24,3439.13,0,14,173,Manufacturing
CUST0516,Small,Basic,148.27,7,6,343.28,1,57,8,Manufacturing
CUST0517,Medium,Professional,576.69,6,24,764.49,0,10,37,Manufacturing
CUST0518,Small,Basic,231.72,10,12,347.36,0,20,19,Technology
CUST0519,Small,Basic,90.53,4,6,353.84,0,22,10,Manufacturing
CUST0520,Medium,Professional,550.58,1,24,1103.6,0,8,44,Technology
CUST0521,Medium,Professional,517.4,1,24,1397.09,0,38,41,Technology
CUST0522,Small,Basic,111.18,10,6,392.48,1,35,20,Finance
CUST0523,Enterprise,Enterprise,729.38,0,36,4746.42,0,9,153,Retail
CUST0524,Small,Basic,202.77,10,12,353.42,0,22,18,Technology
CUST0525,Small,Basic,274.38,3,12,321.87,0,54,6,Retail
CUST0526,Small,Basic,181.76,10,12,363.53,0,26,9,Technology
CUST0527,Small,Basic,156.76,7,12,342.41,1,33,7,Retail
CUST0528,Small,Basic,173.13,4,12,344.42,0,29,9,Retail
CUST0529,Small,Basic,249.89,8,6,333.37,1,52,5,Finance
CUST0530,Medium,Professional,401.77,1,24,1315.09,0,19,38,Healthcare
CUST0531,Small,Basic,231.1,2,12,319.11,0,22,5,Retail
CUST0532,Enterprise,Enterprise,1085.2,3,24,2341.29,0,10,222,Healthcare
CUST0533,Enterprise,Enterprise,1144.14,0,36,1592.33,0,6,114,Manufacturing
CUST0534,Enterprise,Enterprise,971.32,3,24,4785.36,0,5,190,Healthcare
CUST0535,Small,Basic,227.46,6,12,351.94,1,52,8,Manufacturing
CUST0536,Small,Basic,143.55,2,6,352.61,0,25,14,Finance
CUST0537,Medium,Professional,669.45,6,24,817.87,0,33,55,Manufacturing
CUST0538,Small,Basic,101.3,2,6,360.85,1,58,8,Healthcare
CUST0539,Small,Basic,133.32,2,6,385.64,0,13,14,Retail
CUST0540,Small,Basic,98.14,6,6,345.27,1,68,14,Healthcare
CUST0541,Medium,Professional,683.32,5,12,1263.36,1,32,42,Manufacturing
CUST0542,Small,Basic,193.52,4,12,414.17,0,9,15,Retail
CUST0543,Medium,Professional,342.37,1,12,1257.04,0,5,28,Healthcare
CUST0544,Medium,Professional,585.16,6,12,1035.57,1,34,53,Finance
CUST0545,Medium,Professional,338.91,3,24,937.83,0,29,30,Manufacturing
CUST0546,Small,Basic,247.19,7,12,356.49,1,58,13,Finance
CUST0547,Medium,Professional,607.18,5,24,1245.31,1,36,47,Technology
CUST0548,Medium,Professional,513.1,4,24,1187.28,0,37,31,Technology
CUST0549,Small,Basic,102.06,8,12,343.0,1,55,10,Retail
CUST0550,Medium,Professional,345.73,5,24,1336.85,0,29,40,Healthcare
CUST0551,Enterprise,Enterprise,1248.41,3,24,3910.9,0,10,145,Technology
CUST0552,Small,Basic,239.27,4,6,366.66,0,57,9,Technology
CUST0553,Medium,Professional,419.89,6,24,1405.32,0,19,53,Manufacturing
CUST0554,Medium,Professional,639.05,3,24,864.16,0,3,47,Manufacturing
CUST0555,Enterprise,Enterprise,787.76,2,36,2379.04,0,0,100,Retail
CUST0556,Small,Basic,186.28,4,12,366.25,1,60,15,Retail
CUST0557,Small,Basic,83.57,3,6,346.65,1,2,16,Retail
CUST0558,Medium,Professional,644.06,6,24,1342.37,0,38,33,Manufacturing
CUST0559,Small,Basic,106.44,8,12,384.16,0,0,18,Retail
CUST0560,Medium,Professional,313.38,1,24,1175.13,0,36,42,Finance
CUST0561,Small,Basic,166.23,3,12,349.57,0,66,20,Healthcare
CUST0562,Small,Basic,203.26,7,12,336.33,0,68,7,Technology
CUST0563,Medium,Professional,684.23,3,24,1075.02,0,18,55,Manufacturing
CUST0564,Medium,Professional,529.14,6,12,1361.55,0,18,41,Retail
CUST0565,Small,Basic,113.01,6,12,399.75,0,35,20,Retail
CUST0566,Medium,Professional,447.91,2,24,885.54,0,16,36,Technology
CUST0567,Medium,Professional,686.94,5,12,918.1,0,9,58,Finance
CUST0568,Enterprise,Enterprise,868.69,2,24,2874.29,0,1,160,Manufacturing
CUST0569,Small,Basic,144.95,8,6,371.75,1,60,19,Technology
CUST0570,Enterprise,Enterprise,1242.79,0,36,4043.57,0,3,103,Retail
CUST0571,Enterprise,Enterprise,967.97,2,36,3299.66,0,3,210,Healthcare
CUST0572,Small,Basic,179.99,4,6,366.12,0,40,12,Retail
CUST0573,Enterprise,Enterprise,981.21,2,36,3385.62,0,8,103,Technology
CUST0574,Medium,Professional,680.2,6,12,803.21,0,7,28,Technology
CUST0575,Small,Basic,274.0,4,6,358.62,1,32,9,Technology
CUST0576,Medium,Professional,402.93,1,24,996.82,0,17,42,Technology
CUST0577,Small,Basic,160.14,9,6,340.52,0,25,6,Manufacturing
CUST0578,Medium,Professional,545.59,1,12,1318.66,0,28,31,Finance
CUST0579,Small,Basic,54.69,9,12,324.1,0,19,7,Technology
CUST0580,Enterprise,Enterprise,1159.71,3,36,4668.12,0,15,199,Technology
CUST0581,Medium,Professional,348.48,5,24,1122.73,0,22,25,Technology
CUST0582,Medium,Professional,332.18,4,24,1194.39,0,18,30,Healthcare
CUST0583,Medium,Professional,658.58,6,24,989.43,0,22,49,Finance
CUST0584,Medium,Professional,495.69,1,12,1249.6,0,34,33,Manufacturing
CUST0585,Medium,Professional,322.42,6,24,731.28,0,2,53,Manufacturing
CUST0586,Enterprise,Enterprise,1292.84,1,24,4080.47,1,2,233,Finance
CUST0587,Medium,Professional,397.07,6,12,1112.48,1,8,26,Finance
CUST0588,Enterprise,Enterprise,1354.24,0,24,3050.25,0,3,124,Technology
CUST0589,Small,Basic,131.06,10,12,374.99,1,17,11,Retail
CUST0590,Enterprise,Enterprise,1306.04,1,24,3550.31,0,11,144,Finance
CUST0591,Small,Basic,244.42,2,12,339.61,1,62,6,Manufacturing
CUST0592,Small,Basic,154.06,9,12,338.64,1,16,7,Technology
CUST0593,Medium,Professional,538.51,6,12,1211.86,0,31,51,Healthcare
CUST0594,Medium,Professional,376.76,5,12,1080.49,0,6,44,Technology
CUST0595,Medium,Professional,321.23,1,24,1059.42,0,9,54,Retail
CUST0596,Medium,Professional,414.03,4,24,876.97,0,16,35,Manufacturing
CUST0597,Small,Basic,171.27,3,6,318.26,0,9,6,Manufacturing
CUST0598,Medium,Professional,392.03,1,24,1240.27,0,20,45,Manufacturing
CUST0599,Medium,Professional,534.04,1,24,1097.67,1,27,37,Finance
CUST0600,Medium,Professional,552.81,3,12,1208.48,0,12,49,Retail
CUST0601,Medium,Professional,483.43,2,24,1106.3,0,21,28,Technology
CUST0602,Medium,Professional,334.59,5,12,1039.21,0,31,35,Healthcare
CUST0603,Medium,Professional,399.13,4,12,1377.02,0,37,54,Finance
CUST0604,Enterprise,Enterprise,732.05,3,24,2015.62,0,1,246,Retail
CUST0605,Medium,Professional,577.26,4,12,1035.27,0,13,31,Manufacturing
CUST0606,Small,Basic,225.83,2,6,341.12,0,58,7,Healthcare
CUST0607,Enterprise,Enterprise,1263.12,0,36,5227.77,0,2,203,Finance
CUST0608,Medium,Professional,615.08,1,12,1100.06,0,39,43,Healthcare
CUST0609,Medium,Professional,486.14,1,24,795.17,0,23,48,Technology
CUST0610,Medium,Professional,395.45,1,24,968.09,0,30,60,Retail
CUST0611,Enterprise,Enterprise,982.17,2,36,2491.8,0,13,153,Retail
CUST0612,Small,Basic,167.54,10,6,397.53,0,68,19,Technology
CUST0613,Medium,Professional,332.07,2,12,1298.8,0,18,29,Manufacturing
CUST0614,Small,Basic,268.75,10,6,336.65,1,2,13,Technology
CUST0615,Enterprise,Enterprise,933.21,0,24,4143.76,0,0,221,Retail
CUST0616,Enterprise,Enterprise,1224.61,2,36,2962.86,0,15,233,Finance
CUST0617,Enterprise,Enterprise,837.39,2,36,3818.92,0,7,213,Retail
CUST0618,Enterprise,Enterprise,1194.9,1,24,4321.75,0,9,112,Healthcare
CUST0619,Enterprise,Enterprise,1159.62,3,36,4230.49,0,8,139,Finance
CUST0620,Medium,Professional,449.17,5,12,1013.11,0,10,27,Finance
CUST0621,Enterprise,Enterprise,1442.25,1,36,2117.78,0,0,203,Technology
CUST0622,Enterprise,Enterprise,1475.68,1,36,2605.32,0,14,184,Retail
CUST0623,Medium,Professional,309.92,5,24,1259.6,0,14,27,Technology
CUST0624,Small,Basic,98.93,3,12,336.24,0,68,11,Technology
CUST0625,Enterprise,Enterprise,1426.76,2,24,4503.51,0,12,200,Technology
CUST0626,Small,Basic,294.38,10,12,364.12,1,11,16,Manufacturing
CUST0627,Medium,Professional,591.44,4,24,908.11,0,8,51,Manufacturing
CUST0628,Small,Basic,66.53,8,12,386.54,1,11,11,Retail
CUST0629,Medium,Professional,379.7,4,12,1247.18,0,18,60,Healthcare
CUST0630,Enterprise,Enterprise,879.62,0,36,1838.42,0,4,177,Technology
CUST0631,Small,Basic,57.11,6,6,368.74,0,63,14,Manufacturing
CUST0632,Medium,Professional,551.2,4,24,1110.25,0,7,48,Technology
CUST0633,Small,Basic,165.26,4,12,329.73,1,45,13,Retail
CUST0634,Small,Basic,178.47,4,6,359.05,0,12,16,Healthcare
CUST0635,Medium,Professional,408.58,6,24,978.85,1,23,45,Finance
CUST0636,Small,Basic,244.7,8,12,344.99,0,43,9,Retail
CUST0637,Small,Basic,154.34,3,6,362.41,0,14,9,Finance
CUST0638,Medium,Professional,655.89,5,24,910.07,0,33,44,Technology
CUST0639,Small,Basic,82.18,4,6,395.45,1,29,14,Healthcare
CUST0640,Small,Basic,69.43,9,6,345.47,1,55,7,Finance
CUST0641,Small,Basic,66.56,2,6,344.18,0,12,6,Technology
CUST0642,Small,Basic,86.39,6,6,344.39,1,44,11,Retail
CUST0643,Enterprise,Enterprise,1123.07,1,24,2868.38,0,9,161,Retail
CUST0644,Small,Basic,141.62,4,12,360.11,0,56,8,Retail
CUST0645,Small,Basic,151.89,7,6,372.69,1,15,16,Technology
CUST0646,Small,Basic,70.56,9,6,385.19,1,14,16,Retail
CUST0647,Medium,Professional,521.57,3,12,1097.82,1,27,44,Manufacturing
CUST0648,Enterprise,Enterprise,1498.98,3,24,1672.9,0,3,221,Technology
CUST0649,Medium,Professional,596.57,2,12,1259.54,0,4,30,Retail
CUST0650,Small,Basic,119.63,6,12,418.61,1,51,17,Finance
CUST0651,Enterprise,Enterprise,786.43,2,36,3100.41,0,15,224,Retail
CUST0652,Small,Basic,293.02,8,6,329.76,1,41,6,Finance
CUST0653,Medium,Professional,617.09,2,24,951.82,0,18,29,Retail
CUST0654,Medium,Professional,681.03,1,12,1416.15,0,27,59,Manufacturing
CUST0655,Small,Basic,58.21,10,6,369.68,0,38,15,Technology
CUST0656,Medium,Professional,527.54,4,12,1155.56,0,35,33,Finance
CUST0657,Medium,Professional,405.36,5,24,989.8,0,24,60,Retail
CUST0658,Enterprise,Enterprise,802.56,2,24,3591.12,0,11,172,Healthcare
CUST0659,Small,Basic,152.98,2,12,367.91,1,31,15,Retail
CUST0660,Medium,Professional,307.88,3,12,756.55,0,2,29,Healthcare
CUST0661,Medium,Professional,694.31,4,12,1354.99,0,36,51,Manufacturing
CUST0662,Small,Basic,174.18,7,12,420.11,0,21,20,Retail
CUST0663,Enterprise,Enterprise,1372.3,1,24,3581.88,0,9,151,Healthcare
CUST0664,Enterprise,Enterprise,1274.17,0,24,2442.57,0,10,202,Healthcare
CUST0665,Enterprise,Enterprise,1221.23,2,24,3694.12,0,9,221,Retail
CUST0666,Small,Basic,217.89,10,12,402.9,0,23,18,Retail
CUST0667,Enterprise,Enterprise,914.35,3,36,3976.5,0,1,247,Retail
CUST0668,Medium,Professional,637.65,4,24,1354.19,0,20,40,Healthcare
CUST0669,Medium,Professional,402.58,5,12,1229.67,0,15,51,Technology
CUST0670,Small,Basic,171.35,8,12,334.06,1,54,5,Technology
CUST0671,Small,Basic,214.67,4,12,345.29,0,5,13,Technology
CUST0672,Enterprise,Enterprise,1393.74,3,36,1347.07,0,11,114,Manufacturing
CUST0673,Small,Basic,180.49,10,6,348.07,1,32,9,Technology
CUST0674,Small,Basic,251.46,5,12,330.82,1,54,8,Technology
CUST0675,Small,Basic,172.59,7,6,345.28,1,14,13,Technology
CUST0676,Medium,Professional,445.2,6,12,913.07,0,23,40,Manufacturing
CUST0677,Medium,Professional,576.27,6,12,856.4,0,15,27,Technology
CUST0678,Small,Basic,264.41,8,6,397.69,0,1,16,Manufacturing
CUST0679,Enterprise,Enterprise,937.94,1,24,4553.41,0,14,165,Manufacturing
CUST0680,Enterprise,Enterprise,1076.87,3,36,2213.88,0,10,170,Manufacturing
CUST0681,Enterprise,Enterprise,1062.61,0,36,3157.11,0,1,166,Technology
CUST0682,Medium,Professional,425.49,1,24,1303.77,0,7,33,Finance
CUST0683,Medium,Professional,480.6,6,24,893.6,0,8,33,Retail
CUST0684,Enterprise,Enterprise,1014.8,3,24,4477.11,1,7,172,Retail
CUST0685,Enterprise,Enterprise,909.43,1,24,2112.09,0,1,158,Technology
CUST0686,Medium,Professional,305.65,5,12,1289.62,0,27,34,Manufacturing
CUST0687,Enterprise,Enterprise,1456.84,2,24,5445.54,0,9,226,Manufacturing
CUST0688,Small,Basic,231.68,5,12,387.28,1,53,11,Manufacturing
CUST0689,Small,Basic,142.41,9,6,360.41,1,10,13,Finance
CUST0690,Enterprise,Enterprise,1288.88,2,36,3014.87,0,2,201,Finance
CUST0691,Small,Basic,51.34,10,6,348.98,1,48,12,Technology
CUST0692,Medium,Professional,404.12,5,12,795.96,0,31,33,Manufacturing
CUST0693,Small,Basic,79.21,2,12,368.67,0,16,15,Manufacturing
CUST0694,Medium,Professional,506.79,4,24,1407.85,0,10,52,Healthcare
CUST0695,Enterprise,Enterprise,742.58,1,36,3317.42,0,1,138,Manufacturing
CUST0696,Medium,Professional,316.32,3,24,938.07,0,35,35,Technology
CUST0697,Small,Basic,95.16,4,12,322.18,0,65,9,Manufacturing
CUST0698,Enterprise,Enterprise,1120.81,1,24,5639.43,0,13,249,Retail
CUST0699,Enterprise,Enterprise,1015.34,0,24,1217.85,0,10,124,Finance
CUST0700,Medium,Professional,431.77,1,12,1352.78,0,39,55,Technology
CUST0701,Enterprise,Enterprise,958.54,0,36,5741.74,0,2,245,Healthcare
CUST0702,Small,Basic,72.3,5,12,357.74,0,20,17,Retail
CUST0703,Small,Basic,233.97,6,12,343.63,0,16,9,Manufacturing
CUST0704,Enterprise,Enterprise,1081.15,3,36,4779.9,0,2,231,Technology
CUST0705,Medium,Professional,689.31,6,24,954.59,0,14,52,Healthcare
CUST0706,Enterprise,Enterprise,1074.58,0,36,3186.41,0,15,234,Finance
CUST0707,Medium,Professional,527.41,5,24,921.17,0,4,44,Finance
CUST0708,Small,Basic,138.86,3,12,385.6,1,64,18,Retail
CUST0709,Small,Basic,269.19,6,12,322.56,0,40,10,Manufacturing
CUST0710,Enterprise,Enterprise,868.85,0,24,2776.7,0,8,215,Manufacturing
CUST0711,Medium,Professional,562.32,4,12,1266.69,0,25,26,Technology
CUST0712,Medium,Professional,576.26,6,24,1174.02,0,25,44,Retail
CUST0713,Small,Basic,264.75,5,6,333.67,0,61,5,Technology
CUST0714,Medium,Professional,359.27,4,24,1309.98,0,1,59,Finance
CUST0715,Medium,Professional,534.09,2,24,877.61,0,18,53,Finance
CUST0716,Small,Basic,294.87,9,12,334.53,0,70,5,Manufacturing
CUST0717,Medium,Professional,392.76,1,24,1247.46,1,33,56,Technology
CUST0718,Small,Basic,79.24,7,12,340.5,1,57,7,Retail
CUST0719,Small,Basic,196.91,7,6,350.38,1,59,11,Technology
CUST0720,Medium,Professional,618.39,2,24,967.04,0,39,49,Healthcare
CUST0721,Medium,Professional,340.36,4,24,1192.98,0,31,33,Technology
CUST0722,Medium,Professional,369.89,5,12,1077.41,0,2,26,Finance
CUST0723,Medium,Professional,697.47,3,24,1258.03,0,2,39,Healthcare
CUST0724,Small,Basic,226.6,9,6,365.03,0,58,9,Retail
CUST0725,Enterprise,Enterprise,833.64,0,24,1489.29,0,6,126,Technology
CUST0726,Medium,Professional,361.72,3,12,1007.31,0,21,53,Finance
CUST0727,Enterprise,Enterprise,896.25,3,24,2023.9,0,10,212,Technology
CUST0728,Small,Basic,87.9,10,6,371.56,1,53,16,Finance
CUST0729,Enterprise,Enterprise,1454.99,3,36,2342.54,0,4,205,Finance
CUST0730,Enterprise,Enterprise,1047.26,3,24,3680.38,0,1,121,Retail
CUST0731,Enterprise,Enterprise,1035.44,2,36,1487.42,0,10,114,Finance
CUST0732,Enterprise,Enterprise,1056.95,1,36,2735.47,0,14,235,Technology
CUST0733,Enterprise,Enterprise,1280.08,1,36,5087.63,0,9,177,Manufacturing
CUST0734,Medium,Professional,311.16,5,12,1332.79,1,37,58,Retail
CUST0735,Medium,Professional,403.9,5,24,1268.24,1,22,57,Healthcare
CUST0736,Medium,Professional,440.13,3,12,1125.55,0,36,25,Technology
CUST0737,Medium,Professional,629.14,3,12,1340.81,1,29,40,Manufacturing
CUST0738,Enterprise,Enterprise,1081.0,3,24,4676.92,0,2,120,Manufacturing
CUST0739,Medium,Professional,533.72,6,24,1150.75,0,27,60,Retail
CUST0740,Medium,Professional,493.91,4,12,851.88,0,8,51,Manufacturing
CUST0741,Enterprise,Enterprise,1297.2,2,24,2337.35,0,3,130,Retail
CUST0742,Small,Basic,79.44,6,6,335.44,1,47,16,Manufacturing
CUST0743,Small,Basic,284.21,6,6,348.98,1,36,9,Manufacturing
CUST0744,Small,Basic,193.26,9,12,335.36,0,43,16,Manufacturing
CUST0745,Enterprise,Enterprise,1309.34,3,36,2121.0,0,4,133,Manufacturing
CUST0746,Small,Basic,185.25,9,12,432.61,0,35,18,Healthcare
CUST0747,Medium,Professional,376.97,5,12,984.05,0,34,44,Finance
CUST0748,Enterprise,Enterprise,796.23,1,24,4873.63,0,0,233,Technology
CUST0749,Small,Basic,150.45,2,12,397.91,0,62,19,Finance
CUST0750,Small,Basic,145.5,3,12,370.99,0,14,10,Technology
CUST0751,Small,Basic,126.7,8,6,358.67,1,21,9,Retail
CUST0752,Small,Basic,153.21,7,6,314.85,1,33,6,Healthcare
CUST0753,Small,Basic,177.16,10,12,365.95,0,49,12,Technology
CUST0754,Small,Basic,151.87,5,6,345.02,1,2,19,Healthcare
CUST0755,Medium,Professional,421.85,4,12,978.59,1,28,40,Retail
CUST0756,Small,Basic,184.38,8,6,370.58,1,57,9,Retail
CUST0757,Enterprise,Enterprise,1446.81,3,24,2410.51,0,8,174,Manufacturing
CUST0758,Enterprise,Enterprise,829.13,0,24,2938.91,0,9,154,Manufacturing
CUST0759,Enterprise,Enterprise,1188.36,2,24,2263.98,0,10,242,Technology
CUST0760,Small,Basic,53.97,4,12,370.72,0,0,15,Manufacturing
CUST0761,Enterprise,Enterprise,1309.97,0,36,3908.86,0,2,144,Technology
CUST0762,Medium,Professional,454.7,6,24,816.91,1,0,47,Manufacturing
CUST0763,Enterprise,Enterprise,1244.44,2,36,5838.29,0,6,213,Healthcare
CUST0764,Medium,Professional,314.72,4,24,1253.0,0,38,39,Retail
CUST0765,Enterprise,Enterprise,836.38,1,36,4792.7,0,5,201,Finance
CUST0766,Medium,Professional,652.4,6,12,1223.07,0,17,33,Finance
CUST0767,Enterprise,Enterprise,701.56,3,36,3478.02,0,1,236,Technology
CUST0768,Medium,Professional,498.23,5,24,1345.71,0,2,51,Healthcare
CUST0769,Small,Basic,98.65,3,12,369.69,0,3,18,Finance
CUST0770,Enterprise,Enterprise,831.59,2,24,2229.31,0,2,208,Finance
CUST0771,Small,Basic,260.13,5,12,399.8,0,13,18,Technology
CUST0772,Enterprise,Enterprise,1320.6,3,24,3054.09,0,3,185,Healthcare
CUST0773,Small,Basic,245.66,2,6,325.5,1,56,6,Retail
CUST0774,Medium,Professional,417.97,4,12,1206.61,0,25,29,Retail
CUST0775,Small,Basic,269.98,3,12,323.38,0,43,5,Manufacturing
CUST0776,Medium,Professional,538.07,1,12,969.12,0,37,46,Technology
CUST0777,Enterprise,Enterprise,1085.12,3,36,2417.52,0,5,132,Finance
CUST0778,Small,Basic,127.8,10,12,370.69,1,18,14,Technology
CUST0779,Medium,Professional,322.93,5,12,1066.79,0,35,43,Healthcare
CUST0780,Small,Basic,135.39,9,6,334.92,1,59,11,Manufacturing
CUST0781,Enterprise,Enterprise,962.9,0,36,2037.72,0,14,244,Healthcare
CUST0782,Medium,Professional,549.57,2,24,970.72,0,30,25,Technology
CUST0783,Enterprise,Enterprise,990.25,0,24,4287.41,1,11,196,Healthcare
CUST0784,Small,Basic,60.98,2,12,403.96,1,25,19,Technology
CUST0785,Small,Basic,94.64,2,6,352.22,0,22,13,Finance
CUST0786,Small,Basic,134.6,5,6,359.9,1,39,9,Technology
CUST0787,Enterprise,Enterprise,1402.71,0,36,1859.71,0,3,143,Healthcare
CUST0788,Enterprise,Enterprise,1179.64,1,36,3288.53,0,1,149,Finance
CUST0789,Small,Basic,207.36,6,6,355.31,0,16,14,Retail
CUST0790,Enterprise,Enterprise,833.95,3,24,2617.13,0,11,153,Retail
CUST0791,Small,Basic,168.44,8,12,377.92,1,4,16,Manufacturing
CUST0792,Medium,Professional,528.55,3,24,1115.9,0,16,40,Finance
CUST0793,Enterprise,Enterprise,1072.2,2,24,3441.13,0,13,175,Finance
CUST0794,Medium,Professional,476.68,3,12,1250.26,0,4,56,Manufacturing
CUST0795,Small,Basic,79.65,7,6,352.7,1,4,7,Technology
CUST0796,Small,Basic,97.66,4,12,396.32,0,69,15,Healthcare
CUST0797,Enterprise,Enterprise,1456.65,0,36,2362.95,0,15,172,Technology
CUST0798,Enterprise,Enterprise,886.98,3,36,4618.48,0,14,158,Finance
CUST0799,Small,Basic,102.4,9,12,383.6,1,3,11,Technology
CUST0800,Enterprise,Enterprise,971.86,3,36,1092.92,0,13,178,Retail
CUST0801,Enterprise,Enterprise,1437.72,1,24,4610.1,0,10,237,Manufacturing
CUST0802,Enterprise,Enterprise,1458.95,0,24,2970.96,0,12,246,Retail
CUST0803,Small,Basic,76.08,10,6,372.37,1,22,19,Technology
CUST0804,Medium,Professional,413.53,2,24,1349.45,0,18,36,Retail
CUST0805,Medium,Professional,456.44,1,24,1034.37,0,8,48,Technology
CUST0806,Medium,Professional,648.18,3,12,979.46,0,27,49,Manufacturing
CUST0807,Small,Basic,118.86,2,12,369.8,0,18,14,Manufacturing
CUST0808,Medium,Professional,484.08,5,24,1182.96,0,2,40,Manufacturing
CUST0809,Medium,Professional,456.44,2,24,1372.95,0,26,54,Healthcare
CUST0810,Medium,Professional,457.42,1,12,1290.74,0,15,54,Retail
CUST0811,Small,Basic,277.18,8,6,333.27,1,70,14,Finance
CUST0812,Small,Basic,162.73,6,12,352.92,0,26,8,Healthcare
CUST0813,Small,Basic,149.17,2,6,422.42,1,32,19,Manufacturing
CUST0814,Small,Basic,228.4,9,6,345.26,0,17,19,Finance
CUST0815,Enterprise,Enterprise,935.32,3,24,1952.81,0,5,143,Healthcare
CUST0816,Medium,Professional,657.08,5,12,1039.91,0,13,34,Technology
CUST0817,Enterprise,Enterprise,1012.49,2,24,3403.49,0,14,233,Technology
CUST0818,Small,Basic,277.19,5,12,428.51,1,11,17,Technology
CUST0819,Enterprise,Enterprise,876.45,0,24,2348.73,0,5,186,Technology
CUST0820,Medium,Professional,549.87,5,12,832.64,0,25,31,Technology
CUST0821,Small,Basic,213.5,2,12,323.69,1,49,8,Technology
CUST0822,Small,Basic,271.37,8,6,354.43,0,38,13,Finance
CUST0823,Enterprise,Enterprise,901.55,0,24,2500.07,0,10,126,Manufacturing
CUST0824,Medium,Professional,691.21,6,24,1192.57,1,30,33,Manufacturing
CUST0825,Medium,Professional,501.37,6,12,1280.29,0,0,53,Technology
CUST0826,Enterprise,Enterprise,1195.81,0,24,4106.61,0,4,131,Retail
CUST0827,Small,Basic,234.81,7,12,337.07,1,17,17,Healthcare
CUST0828,Medium,Professional,391.6,6,12,1001.44,0,21,51,Technology
CUST0829,Medium,Professional,543.23,4,12,966.24,0,33,40,Finance
CUST0830,Medium,Professional,320.84,2,12,748.26,0,13,29,Manufacturing
CUST0831,Medium,Professional,424.59,6,24,1152.04,0,12,38,Finance
CUST0832,Medium,Professional,408.74,4,12,1235.13,0,5,44,Finance
CUST0833,Small,Basic,240.08,9,12,344.83,0,2,10,Healthcare
CUST0834,Enterprise,Enterprise,905.83,3,24,2632.62,0,9,176,Manufacturing
CUST0835,Medium,Professional,378.29,2,24,1311.93,1,0,55,Manufacturing
CUST0836,Medium,Professional,688.2,3,24,1267.73,0,24,48,Retail
CUST0837,Small,Basic,98.56,8,6,316.47,0,32,6,Retail
CUST0838,Medium,Professional,560.36,4,12,1054.72,0,15,56,Healthcare
CUST0839,Enterprise,Enterprise,909.06,3,24,3139.43,0,4,192,Technology
CUST0840,Medium,Professional,459.07,5,24,1424.5,0,5,35,Retail
CUST0841,Enterprise,Enterprise,1100.52,3,36,1680.45,0,9,142,Finance
CUST0842,Small,Basic,282.5,8,6,357.64,1,39,16,Technology
CUST0843,Enterprise,Enterprise,1119.97,2,36,4776.76,0,13,100,Finance
CUST0844,Small,Basic,162.67,5,6,327.03,1,23,9,Healthcare
CUST0845,Enterprise,Enterprise,1052.58,0,36,4567.22,0,5,149,Finance
CUST0846,Small,Basic,169.47,3,6,327.38,1,1,13,Technology
CUST0847,Medium,Professional,450.27,5,12,1280.51,0,17,27,Technology
CUST0848,Enterprise,Enterprise,1499.56,1,36,4426.85,0,11,209,Manufacturing
CUST0849,Medium,Professional,482.77,6,12,997.52,0,25,47,Manufacturing
CUST0850,Small,Basic,142.11,9,6,329.28,1,65,8,Finance
CUST0851,Small,Basic,292.4,7,6,361.44,1,56,15,Finance
CUST0852,Medium,Professional,694.75,6,24,1220.03,0,6,30,Manufacturing
CUST0853,Medium,Professional,351.14,1,12,924.84,0,19,34,Healthcare
CUST0854,Enterprise,Enterprise,1085.73,1,24,4852.21,0,7,219,Retail
CUST0855,Small,Basic,241.58,5,12,337.03,0,32,5,Technology
CUST0856,Medium,Professional,648.78,5,24,1112.02,1,38,59,Technology
CUST0857,Small,Basic,252.11,5,12,413.73,1,33,17,Healthcare
CUST0858,Small,Basic,193.21,4,6,414.09,0,40,15,Technology
CUST0859,Medium,Professional,691.94,3,24,1392.27,0,23,44,Retail
CUST0860,Medium,Professional,426.37,3,24,1216.2,0,14,39,Finance
CUST0861,Small,Basic,199.72,6,6,383.04,0,64,14,Manufacturing
CUST0862,Small,Basic,226.04,8,12,365.52,0,7,20,Technology
CUST0863,Small,Basic,225.1,2,6,383.52,0,22,11,Healthcare
CUST0864,Small,Basic,155.61,9,12,352.87,0,44,10,Manufacturing
CUST0865,Small,Basic,74.33,7,12,404.82,0,6,14,Manufacturing
CUST0866,Medium,Professional,416.43,2,24,1016.5,0,13,35,Healthcare
CUST0867,Medium,Professional,571.33,2,12,1161.09,0,24,25,Finance
CUST0868,Medium,Professional,371.85,1,24,734.58,0,7,35,Manufacturing
CUST0869,Medium,Professional,347.52,4,12,974.23,0,31,34,Healthcare
CUST0870,Enterprise,Enterprise,1322.18,3,24,2954.21,0,8,196,Retail
CUST0871,Small,Basic,55.76,9,6,320.98,1,35,8,Manufacturing
CUST0872,Enterprise,Enterprise,938.69,1,36,4132.12,0,3,146,Technology
CUST0873,Small,Basic,65.98,10,12,333.92,0,15,5,Retail
CUST0874,Enterprise,Enterprise,704.26,3,24,4504.64,0,10,130,Finance
CUST0875,Medium,Professional,333.84,1,12,1271.23,0,32,35,Finance
CUST0876,Small,Basic,214.79,9,12,310.63,0,17,5,Retail
CUST0877,Medium,Professional,565.05,1,12,1074.28,1,15,47,Healthcare
CUST0878,Small,Basic,197.95,6,6,361.7,0,16,11,Finance
CUST0879,Small,Basic,150.01,3,6,375.94,0,32,13,Manufacturing
CUST0880,Medium,Professional,585.78,5,12,927.13,0,32,29,Finance
CUST0881,Enterprise,Enterprise,1471.21,1,24,1358.52,0,2,180,Manufacturing
CUST0882,Small,Basic,277.31,6,12,404.21,0,18,18,Retail
CUST0883,Small,Basic,287.95,3,12,361.88,0,22,8,Finance
CUST0884,Medium,Professional,520.62,5,24,1371.91,0,6,56,Healthcare
CUST0885,Small,Basic,169.22,4,12,415.4,1,33,17,Finance
CUST0886,Medium,Professional,321.15,6,24,1292.77,0,40,33,Retail
CUST0887,Medium,Professional,619.39,5,24,933.96,0,18,51,Finance
CUST0888,Medium,Professional,462.61,3,24,1295.64,0,5,39,Manufacturing
CUST0889,Medium,Professional,521.66,4,24,1171.27,0,0,30,Technology
CUST0890,Medium,Professional,462.19,5,12,1080.18,0,12,33,Manufacturing
CUST0891,Medium,Professional,542.95,2,12,954.66,0,33,59,Technology
CUST0892,Small,Basic,173.88,4,12,368.95,0,47,9,Finance
CUST0893,Enterprise,Enterprise,932.05,3,24,2331.15,0,9,163,Healthcare
CUST0894,Medium,Professional,674.17,5,12,1260.97,1,31,50,Technology
CUST0895,Medium,Professional,656.08,2,24,1142.57,0,25,46,Technology
CUST0896,Medium,Professional,464.29,4,12,1337.33,0,0,37,Technology
CUST0897,Small,Basic,184.11,6,6,370.55,0,13,17,Healthcare
CUST0898,Small,Basic,77.67,6,6,332.3,1,5,16,Manufacturing
CUST0899,Medium,Professional,683.88,3,24,1190.05,0,7,27,Manufacturing
CUST0900,Medium,Professional,500.74,6,24,1222.42,1,24,33,Retail
CUST0901,Enterprise,Enterprise,741.63,2,24,4537.83,0,13,132,Technology
CUST0902,Medium,Professional,399.1,2,24,1137.98,1,32,43,Technology
CUST0903,Enterprise,Enterprise,858.73,0,36,1104.82,0,5,167,Healthcare
CUST0904,Medium,Professional,409.54,2,12,1157.36,0,9,34,Retail
CUST0905,Small,Basic,105.44,8,6,330.28,1,61,6,Retail
CUST0906,Medium,Professional,584.63,2,24,1317.95,0,20,44,Manufacturing
CUST0907,Small,Basic,168.01,3,12,323.24,1,55,6,Finance
CUST0908,Small,Basic,132.8,7,6,383.3,1,67,14,Manufacturing
CUST0909,Medium,Professional,352.19,6,12,945.29,1,38,38,Finance
CUST0910,Enterprise,Enterprise,759.9,2,24,4420.13,0,9,148,Retail
CUST0911,Medium,Professional,656.63,5,24,1280.82,0,22,34,Finance
CUST0912,Medium,Professional,509.51,5,24,730.49,0,1,32,Manufacturing
CUST0913,Medium,Professional,617.76,6,12,1281.46,0,12,33,Healthcare
CUST0914,Medium,Professional,475.1,5,12,1139.77,0,24,59,Manufacturing
CUST0915,Medium,Professional,536.85,1,12,1160.75,0,32,42,Manufacturing
CUST0916,Small,Basic,92.78,2,6,342.63,1,68,12,Retail
CUST0917,Medium,Professional,556.97,2,12,795.8,0,13,42,Technology
CUST0918,Medium,Professional,588.83,4,24,1373.83,0,39,48,Technology
CUST0919,Medium,Professional,370.69,1,24,788.53,0,34,25,Technology
CUST0920,Small,Basic,254.21,5,6,360.19,1,41,17,Retail
CUST0921,Medium,Professional,447.46,4,24,1276.13,0,5,50,Retail
CUST0922,Small,Basic,211.89,2,6,348.62,1,39,10,Manufacturing
CUST0923,Enterprise,Enterprise,1064.02,3,24,4582.16,0,3,148,Finance
CUST0924,Medium,Professional,344.01,1,12,944.71,0,2,25,Finance
CUST0925,Small,Basic,185.59,7,6,310.07,1,10,5,Technology
CUST0926,Enterprise,Enterprise,823.61,0,36,2056.98,0,8,213,Manufacturing
CUST0927,Small,Basic,85.46,5,12,321.79,1,3,6,Technology
CUST0928,Small,Basic,221.69,3,12,401.06,1,62,14,Manufacturing
CUST0929,Small,Basic,140.12,3,6,379.08,0,5,14,Technology
CUST0930,Medium,Professional,657.25,6,12,1119.76,0,19,46,Finance
CUST0931,Small,Basic,283.22,3,12,339.24,0,0,8,Healthcare
CUST0932,Enterprise,Enterprise,1351.72,0,36,3814.05,0,13,137,Finance
CUST0933,Small,Basic,138.15,9,12,346.36,1,54,15,Healthcare
CUST0934,Medium,Professional,453.27,5,12,1469.62,0,31,46,Manufacturing
CUST0935,Medium,Professional,510.78,6,24,1183.17,0,14,39,Manufacturing
CUST0936,Small,Basic,289.4,3,12,323.13,0,7,11,Finance
CUST0937,Enterprise,Enterprise,894.0,1,36,3707.96,0,1,135,Healthcare
CUST0938,Enterprise,Enterprise,997.35,0,36,3283.66,0,2,136,Technology
CUST0939,Enterprise,Enterprise,761.65,3,24,4217.15,0,4,107,Retail
CUST0940,Medium,Professional,589.02,4,24,1001.09,0,0,58,Manufacturing
CUST0941,Small,Basic,52.72,8,6,317.85,1,58,6,Finance
CUST0942,Enterprise,Enterprise,917.46,0,24,4042.83,0,12,228,Healthcare
CUST0943,Medium,Professional,629.0,5,12,994.25,0,38,50,Finance
CUST0944,Medium,Professional,558.66,2,24,853.1,0,17,50,Manufacturing
CUST0945,Small,Basic,66.33,2,6,354.43,1,39,15,Technology
CUST0946,Medium,Professional,525.5,4,12,1123.58,1,2,27,Finance
CUST0947,Enterprise,Enterprise,1100.17,2,36,1241.86,0,12,102,Technology
CUST0948,Medium,Professional,500.87,2,12,1229.96,0,1,31,Finance
CUST0949,Medium,Professional,331.5,6,24,1104.48,0,5,27,Manufacturing
CUST0950,Enterprise,Enterprise,1057.98,1,36,1828.11,0,10,136,Finance
CUST0951,Enterprise,Enterprise,891.29,0,36,5658.03,0,4,210,Retail
CUST0952,Small,Basic,174.73,9,6,335.26,1,40,5,Manufacturing
CUST0953,Small,Basic,94.8,9,6,353.14,0,33,13,Healthcare
CUST0954,Enterprise,Enterprise,1477.34,3,24,2504.32,0,1,213,Healthcare
CUST0955,Medium,Professional,449.47,6,24,1102.97,0,26,33,Healthcare
CUST0956,Enterprise,Enterprise,1259.8,0,24,2662.5,0,4,110,Healthcare
CUST0957,Small,Basic,217.29,7,12,356.61,1,59,17,Healthcare
CUST0958,Enterprise,Enterprise,1433.97,3,24,4738.4,0,13,219,Retail
CUST0959,Small,Basic,78.58,9,12,373.76,0,4,15,Healthcare
CUST0960,Small,Basic,65.6,7,12,323.39,0,55,11,Manufacturing
CUST0961,Small,Basic,113.02,4,12,330.46,1,10,5,Finance
CUST0962,Medium,Professional,509.91,6,24,882.91,0,16,44,Healthcare
CUST0963,Small,Basic,99.65,8,6,416.69,1,61,18,Technology
CUST0964,Enterprise,Enterprise,1358.41,1,36,4380.44,0,2,211,Finance
CUST0965,Medium,Professional,305.67,4,24,1113.91,0,9,45,Retail
CUST0966,Small,Basic,285.83,4,12,413.27,0,57,18,Healthcare
CUST0967,Small,Basic,200.24,5,6,334.13,1,44,11,Retail
CUST0968,Enterprise,Enterprise,712.95,2,36,1722.3,0,3,247,Finance
CUST0969,Medium,Professional,345.35,2,24,1235.65,0,29,47,Manufacturing
CUST0970,Medium,Professional,553.64,6,24,1024.47,0,39,35,Finance
CUST0971,Enterprise,Enterprise,782.94,0,36,4405.87,0,14,126,Technology
CUST0972,Medium,Professional,345.8,4,24,1412.6,0,7,51,Technology
CUST0973,Medium,Professional,503.02,3,12,1407.83,0,16,50,Manufacturing
CUST0974,Medium,Professional,310.5,3,12,772.07,0,33,25,Manufacturing
CUST0975,Small,Basic,188.93,8,6,379.53,0,24,10,Retail
CUST0976,Enterprise,Enterprise,1481.88,1,36,4669.77,0,12,247,Manufacturing
CUST0977,Small,Basic,207.86,8,6,380.78,0,33,12,Retail
CUST0978,Enterprise,Enterprise,1203.12,1,24,4454.37,0,0,152,Finance
CUST0979,Enterprise,Enterprise,1486.73,2,24,2471.03,0,5,120,Retail
CUST0980,Small,Basic,242.6,2,12,381.84,1,35,12,Finance
CUST0981,Medium,Professional,342.83,3,12,1367.9,0,16,31,Finance
CUST0982,Small,Basic,172.76,2,6,351.88,1,52,16,Technology
CUST0983,Small,Basic,252.14,4,12,369.24,1,38,18,Technology
CUST0984,Medium,Professional,493.56,5,24,1239.21,0,38,27,Finance
CUST0985,Medium,Professional,514.38,5,12,773.49,0,32,41,Finance
CUST0986,Enterprise,Enterprise,875.81,1,24,1186.54,0,8,129,Finance
CUST0987,Enterprise,Enterprise,1296.16,3,36,2784.95,0,13,189,Finance
CUST0988,Enterprise,Enterprise,1469.5,0,36,4812.23,0,9,164,Manufacturing
CUST0989,Enterprise,Enterprise,1352.71,0,36,3813.75,0,12,224,Finance
CUST0990,Small,Basic,196.72,6,12,350.81,1,67,7,Retail
CUST0991,Small,Basic,68.16,7,6,346.16,1,47,15,Technology
CUST0992,Small,Basic,166.34,7,6,394.2,1,29,15,Healthcare
CUST0993,Small,Basic,229.07,3,12,328.32,0,53,11,Manufacturing
CUST0994,Small,Basic,174.66,6,12,333.67,1,53,15,Manufacturing
CUST0995,Small,Basic,121.26,2,6,350.87,1,59,15,Manufacturing
CUST0996,Small,Basic,73.78,8,12,311.92,1,38,6,Manufacturing
CUST0997,Medium,Professional,457.33,6,12,1033.01,0,29,60,Healthcare
CUST0998,Enterprise,Enterprise,810.99,2,24,4671.01,0,13,126,Technology
CUST0999,Small,Basic,283.53,2,6,383.42,0,33,16,Technology
CUST1000,Small,Basic,117.48,4,12,354.74,0,17,14,Technology
CUST1001,Small,Basic,209.23,3,12,365.69,0,66,9,Technology
CUST1002,Medium,Professional,390.33,3,24,834.35,0,18,56,Retail
CUST1003,Medium,Professional,577.99,1,12,1060.78,1,31,40,Healthcare
CUST1004,Medium,Professional,436.18,5,12,877.78,0,33,54,Technology
CUST1005,Enterprise,Enterprise,1431.3,1,24,2727.73,0,11,179,Healthcare
CUST1006,Enterprise,Enterprise,922.27,1,24,4704.6,0,9,231,Manufacturing
CUST1007,Medium,Professional,396.22,4,12,1013.29,0,11,34,Retail
CUST1008,Medium,Professional,441.77,2,12,1132.45,0,9,53,Manufacturing
CUST1009,Medium,Professional,559.45,6,12,1053.32,1,27,28,Manufacturing
CUST1010,Medium,Professional,343.67,1,24,1090.65,0,15,42,Finance
CUST1011,Small,Basic,118.86,8,6,320.17,1,50,6,Finance
CUST1012,Medium,Professional,439.05,3,12,1030.0,0,38,42,Finance
CUST1013,Small,Basic,92.56,3,6,442.05,1,21,20,Technology
CUST1014,Small,Basic,94.38,6,6,322.5,1,9,5,Manufacturing
CUST1015,Medium,Professional,489.03,1,12,1121.25,0,1,55,Technology
CUST1016,Enterprise,Enterprise,779.99,2,24,4015.42,0,14,234,Healthcare
CUST1017,Enterprise,Enterprise,710.85,2,36,2427.37,0,9,165,Healthcare
CUST1018,Enterprise,Enterprise,818.32,3,24,5412.53,0,7,223,Retail
CUST1019,Small,Basic,139.85,3,12,331.47,0,24,5,Finance
CUST1020,Medium,Professional,694.93,5,24,928.77,0,11,42,Manufacturing
CUST1021,Enterprise,Enterprise,947.46,0,36,3677.73,0,10,200,Healthcare
CUST1022,Medium,Professional,415.36,1,24,1224.78,0,31,54,Technology
CUST1023,Medium,Professional,421.46,3,12,1013.2,0,4,34,Finance
CUST1024,Medium,Professional,495.35,1,12,1241.41,0,27,38,Technology
CUST1025,Small,Basic,288.42,6,6,332.65,0,18,9,Technology
CUST1026,Medium,Professional,399.49,6,24,1091.3,0,40,30,Finance
CUST1027,Enterprise,Enterprise,838.64,3,36,1868.01,0,10,125,Manufacturing
CUST1028,Medium,Professional,420.42,1,12,1216.41,0,19,37,Finance
CUST1029,Medium,Professional,355.44,4,12,1073.71,0,20,49,Manufacturing
CUST1030,Medium,Professional,311.07,5,24,1324.04,0,1,52,Healthcare
CUST1031,Small,Basic,195.08,7,6,333.94,0,16,9,Manufacturing
CUST1032,Enterprise,Enterprise,1236.06,3,36,1970.88,0,14,113,Retail
CUST1033,Small,Basic,191.36,7,12,320.01,1,7,8,Technology
CUST1034,Medium,Professional,354.56,6,24,921.79,0,40,28,Retail
CUST1035,Medium,Professional,345.88,1,12,860.18,0,9,25,Healthcare
CUST1036,Medium,Professional,456.29,1,24,1271.12,0,19,40,Technology
CUST1037,Enterprise,Enterprise,1387.45,0,36,4815.61,0,13,239,Finance
CUST1038,Small,Basic,169.04,6,6,376.57,0,37,12,Technology
CUST1039,Medium,Professional,485.59,4,12,1225.09,1,9,42,Retail
CUST1040,Small,Basic,60.66,7,12,363.89,0,17,17,Manufacturing
CUST1041,Small,Basic,137.21,10,6,370.71,1,49,10,Manufacturing
CUST1042,Medium,Professional,586.07,2,24,1059.25,0,17,47,Finance
CUST1043,Enterprise,Enterprise,1470.04,1,36,1522.24,0,8,117,Healthcare
CUST1044,Medium,Professional,317.97,6,12,1177.33,0,10,47,Healthcare
CUST1045,Medium,Professional,342.17,2,12,1192.21,0,24,55,Technology
CUST1046,Enterprise,Enterprise,1053.22,2,24,2361.37,0,0,115,Manufacturing
CUST1047,Small,Basic,98.93,9,6,450.11,1,56,19,Healthcare
CUST1048,Small,Basic,71.5,2,6,351.15,1,12,10,Finance
CUST1049,Enterprise,Enterprise,972.57,3,24,2441.13,0,6,192,Finance
CUST1050,Enterprise,Enterprise,1341.28,3,24,4393.65,0,13,228,Retail
CUST1051,Medium,Professional,499.48,1,12,855.62,0,38,33,Technology
CUST1052,Small,Basic,66.99,4,12,349.04,1,36,14,Technology
CUST1053,Small,Basic,195.69,6,6,332.16,1,3,14,Retail
CUST1054,Small,Basic,186.77,7,6,335.23,1,7,15,Manufacturing
CUST1055,Enterprise,Enterprise,976.68,0,24,2400.03,0,13,244,Technology
CUST1056,Enterprise,Enterprise,783.25,3,24,3254.12,0,7,241,Retail
CUST1057,Medium,Professional,513.67,4,12,1278.09,0,1,39,Manufacturing
CUST1058,Small,Basic,187.39,3,12,377.53,1,56,17,Technology
CUST1059,Enterprise,Enterprise,890.54,0,24,3880.24,0,0,194,Retail
CUST1060,Medium,Professional,330.64,2,12,763.53,1,28,25,Retail
CUST1061,Small,Basic,169.68,3,12,333.34,1,9,12,Technology
CUST1062,Small,Basic,228.28,7,12,414.34,1,70,16,Retail
CUST1063,Medium,Professional,321.6,4,12,1229.12,0,39,42,Finance
CUST1064,Small,Basic,235.48,5,12,345.98,0,15,9,Technology
CUST1065,Small,Basic,288.26,2,12,370.49,0,63,12,Finance
CUST1066,Small,Basic,119.77,8,6,431.74,1,63,17,Healthcare
CUST1067,Small,Basic,183.12,6,12,324.88,0,4,6,Manufacturing
CUST1068,Enterprise,Enterprise,1305.8,2,24,2193.92,0,13,186,Healthcare
CUST1069,Enterprise,Enterprise,1386.81,3,36,4472.55,0,13,241,Technology
CUST1070,Enterprise,Enterprise,805.5,0,24,4561.57,0,8,166,Retail
CUST1071,Small,Basic,59.65,6,12,345.07,1,46,12,Healthcare
CUST1072,Enterprise,Enterprise,1368.8,1,36,4560.07,0,14,103,Healthcare
CUST1073,Small,Basic,152.15,3,6,329.25,0,35,6,Manufacturing
CUST1074,Small,Basic,114.89,9,12,324.28,1,16,7,Retail
CUST1075,Small,Basic,221.11,9,6,334.8,1,40,6,Finance
CUST1076,Small,Basic,185.11,2,12,327.23,1,30,13,Finance
CUST1077,Medium,Professional,528.15,6,24,1002.88,1,26,32,Technology
CUST1078,Enterprise,Enterprise,967.99,3,36,5168.51,0,11,136,Manufacturing
CUST1079,Medium,Professional,664.75,1,12,1110.1,0,6,35,Healthcare
CUST1080,Medium,Professional,451.54,5,12,1087.71,0,2,57,Healthcare
CUST1081,Small,Basic,191.35,10,6,354.22,1,53,7,Finance
CUST1082,Enterprise,Enterprise,953.55,1,36,2633.19,0,9,235,Technology
CUST1083,Small,Basic,223.27,9,6,361.45,1,52,16,Healthcare
CUST1084,Medium,Professional,479.59,4,12,822.9,0,14,29,Healthcare
CUST1085,Enterprise,Enterprise,1184.44,2,24,2114.41,0,10,162,Finance
CUST1086,Medium,Professional,659.95,4,12,921.05,0,0,57,Technology
CUST1087,Small,Basic,258.46,2,6,354.91,0,21,20,Manufacturing
CUST1088,Medium,Professional,350.98,6,24,1079.51,1,35,58,Finance
CUST1089,Small,Basic,68.44,7,6,385.09,0,57,15,Healthcare
CUST1090,Medium,Professional,593.38,6,12,1279.28,0,37,52,Manufacturing
CUST1091,Small,Basic,144.84,9,12,320.69,0,22,5,Retail
CUST1092,Small,Basic,191.03,10,6,338.91,1,65,8,Retail
CUST1093,Small,Basic,60.48,5,6,351.52,1,55,17,Manufacturing
CUST1094,Enterprise,Enterprise,930.27,3,24,4769.71,0,14,180,Retail
CUST1095,Small,Basic,216.61,4,6,384.76,0,12,13,Finance
CUST1096,Enterprise,Enterprise,705.33,0,24,2345.95,0,11,107,Retail
CUST1097,Medium,Professional,667.2,6,24,1257.73,0,7,53,Retail
CUST1098,Medium,Professional,687.38,1,12,920.05,0,14,30,Manufacturing
CUST1099,Small,Basic,226.7,7,6,386.03,0,4,15,Healthcare
CUST1100,Small,Basic,84.22,8,6,334.53,1,28,6,Retail
CUST1101,Medium,Professional,352.72,6,24,1070.16,0,5,56,Healthcare
CUST1102,Small,Basic,59.7,6,6,339.16,1,48,7,Finance
CUST1103,Medium,Professional,636.28,3,24,1306.65,0,31,55,Finance
CUST1104,Medium,Professional,685.17,3,12,1063.6,0,26,59,Manufacturing
CUST1105,Small,Basic,215.15,7,12,385.31,0,50,18,Healthcare
CUST1106,Enterprise,Enterprise,932.74,1,24,3473.51,0,13,225,Manufacturing
CUST1107,Small,Basic,149.67,2,12,402.22,0,34,15,Healthcare
CUST1108,Small,Basic,184.0,3,6,326.06,1,42,6,Finance
CUST1109,Small,Basic,278.06,10,12,312.51,0,8,5,Retail
CUST1110,Small,Basic,264.93,5,12,377.3,0,37,11,Retail
CUST1111,Small,Basic,59.02,2,6,337.97,1,67,11,Healthcare
CUST1112,Enterprise,Enterprise,1205.24,1,24,4291.19,0,1,110,Manufacturing
CUST1113,Enterprise,Enterprise,1389.59,0,36,2425.18,0,2,196,Technology
CUST1114,Small,Basic,98.57,6,12,348.86,1,41,9,Manufacturing
CUST1115,Small,Basic,144.15,8,12,367.33,1,11,19,Technology
CUST1116,Medium,Professional,452.96,4,12,1371.3,0,25,55,Manufacturing
CUST1117,Medium,Professional,608.48,4,24,1481.67,0,23,53,Retail
CUST1118,Medium,Professional,338.16,2,12,1379.59,0,13,46,Technology
CUST1119,Medium,Professional,509.36,5,24,1286.17,1,14,30,Manufacturing
CUST1120,Small,Basic,130.36,8,6,397.82,1,0,14,Manufacturing
CUST1121,Enterprise,Enterprise,957.47,3,24,3190.22,0,2,225,Finance
CUST1122,Medium,Professional,366.48,4,12,1225.64,1,7,49,Manufacturing
CUST1123,Medium,Professional,459.76,3,24,1284.33,0,7,58,Manufacturing
CUST1124,Medium,Professional,525.52,2,24,1125.52,0,9,42,Healthcare
CUST1125,Enterprise,Enterprise,868.49,2,36,3106.43,0,4,195,Finance
CUST1126,Small,Basic,127.96,5,6,385.99,0,25,18,Manufacturing
CUST1127,Medium,Professional,326.71,6,12,1312.51,0,35,31,Retail
CUST1128,Medium,Professional,533.79,3,24,1291.46,0,23,37,Healthcare
CUST1129,Enterprise,Enterprise,1174.11,0,24,3783.29,0,6,243,Manufacturing
CUST1130,Medium,Professional,432.06,5,24,904.16,1,38,33,Healthcare
CUST1131,Medium,Professional,695.63,1,12,1185.3,1,39,55,Retail
CUST1132,Medium,Professional,354.79,4,12,1190.39,0,27,25,Finance
CUST1133,Small,Basic,226.56,7,12,334.12,0,39,8,Healthcare
CUST1134,Medium,Professional,584.54,4,24,918.36,0,35,38,Healthcare
CUST1135,Medium,Professional,310.12,3,12,1014.9,0,29,60,Healthcare
CUST1136,Medium,Professional,452.98,2,12,1105.61,0,0,38,Healthcare
CUST1137,Medium,Professional,666.32,5,24,947.55,0,0,25,Healthcare
CUST1138,Medium,Professional,409.67,1,24,1399.62,0,36,55,Technology
CUST1139,Enterprise,Enterprise,730.55,0,24,3584.39,0,4,216,Manufacturing
CUST1140,Enterprise,Enterprise,744.84,0,24,5100.28,0,10,133,Finance
CUST1141,Small,Basic,259.32,7,12,370.33,0,21,11,Retail
CUST1142,Medium,Professional,466.55,6,24,1257.07,1,3,48,Retail
CUST1143,Small,Basic,202.13,10,12,359.67,1,52,13,Retail
CUST1144,Small,Basic,191.55,9,6,375.88,1,11,16,Technology
CUST1145,Small,Basic,241.68,2,6,338.01,0,27,7,Technology
CUST1146,Small,Basic,236.85,4,6,372.33,1,39,12,Manufacturing
CUST1147,Small,Basic,118.2,5,6,339.92,0,22,9,Healthcare
CUST1148,Medium,Professional,439.54,6,24,1313.92,0,33,41,Healthcare
CUST1149,Small,Basic,136.73,6,12,391.16,1,26,17,Finance
CUST1150,Medium,Professional,387.3,3,24,1424.44,0,2,42,Retail
CUST1151,Medium,Professional,448.91,4,24,1087.8,0,37,36,Retail
CUST1152,Medium,Professional,490.2,3,24,774.63,0,6,47,Healthcare
CUST1153,Small,Basic,252.31,9,12,423.28,0,55,19,Healthcare
CUST1154,Enterprise,Enterprise,1242.84,2,36,2525.84,0,1,164,Manufacturing
CUST1155,Enterprise,Enterprise,1463.19,3,36,5111.76,0,0,229,Finance
CUST1156,Enterprise,Enterprise,803.91,2,24,5539.44,0,1,234,Finance
CUST1157,Enterprise,Enterprise,1068.47,1,24,1940.35,0,6,136,Healthcare
CUST1158,Small,Basic,231.03,4,6,331.44,1,47,10,Healthcare
CUST1159,Small,Basic,278.21,8,6,386.84,0,59,20,Finance
CUST1160,Small,Basic,274.51,8,12,341.78,1,50,15,Technology
CUST1161,Medium,Professional,447.65,3,12,1213.91,0,32,26,Healthcare
CUST1162,Medium,Professional,499.98,1,12,944.92,0,13,50,Retail
CUST1163,Small,Basic,218.82,9,12,336.52,1,4,10,Technology
CUST1164,Small,Basic,251.56,7,12,418.77,0,12,17,Manufacturing
CUST1165,Enterprise,Enterprise,1249.04,0,36,4142.03,0,15,103,Manufacturing
CUST1166,Medium,Professional,541.45,4,12,1117.68,0,32,28,Manufacturing
CUST1167,Medium,Professional,692.29,5,12,774.47,0,24,59,Manufacturing
CUST1168,Small,Basic,99.4,9,12,393.63,1,55,15,Technology
CUST1169,Small,Basic,113.08,7,12,345.47,0,37,20,Healthcare
CUST1170,Medium,Professional,429.85,6,24,1186.14,0,2,36,Technology
CUST1171,Medium,Professional,513.99,2,12,962.81,0,9,59,Healthcare
CUST1172,Enterprise,Enterprise,1435.02,3,24,1765.77,0,1,188,Manufacturing
CUST1173,Small,Basic,134.44,6,6,362.43,1,54,8,Healthcare
CUST1174,Enterprise,Enterprise,1369.48,3,24,2678.88,0,3,165,Finance
CUST1175,Small,Basic,223.56,2,6,372.9,0,47,14,Retail
CUST1176,Enterprise,Enterprise,921.48,0,24,4694.95,0,12,211,Finance
CUST1177,Small,Basic,118.69,9,6,419.67,1,40,18,Healthcare
CUST1178,Small,Basic,196.98,7,12,384.25,1,69,15,Finance
CUST1179,Small,Basic,165.49,9,6,403.36,1,26,15,Retail
CUST1180,Medium,Professional,552.55,5,12,1202.77,1,22,41,Finance
CUST1181,Small,Basic,57.39,4,12,365.68,0,45,14,Retail
CUST1182,Enterprise,Enterprise,1491.74,3,36,1883.3,0,4,105,Manufacturing
CUST1183,Small,Basic,94.66,4,12,328.51,0,51,11,Technology
CUST1184,Enterprise,Enterprise,1204.22,2,36,1658.53,0,12,207,Healthcare
CUST1185,Medium,Professional,669.56,2,12,1435.78,0,25,54,Manufacturing
CUST1186,Enterprise,Enterprise,1006.68,3,24,3205.06,0,13,218,Retail
CUST1187,Medium,Professional,539.83,6,12,999.84,0,26,33,Technology
CUST1188,Medium,Professional,680.74,1,12,1027.52,0,38,35,Healthcare
CUST1189,Medium,Professional,589.22,2,24,799.64,0,11,37,Manufacturing
CUST1190,Small,Basic,164.8,9,12,329.66,0,30,14,Finance
CUST1191,Medium,Professional,397.95,6,12,942.66,1,4,32,Manufacturing
CUST1192,Medium,Professional,328.15,4,24,1086.4,0,16,51,Technology
CUST1193,Small,Basic,123.24,8,6,334.27,1,5,5,Retail
CUST1194,Medium,Professional,638.83,5,12,1088.3,0,7,53,Retail
CUST1195,Medium,Professional,384.03,1,24,1273.92,0,21,46,Healthcare
CUST1196,Medium,Professional,418.12,4,24,1114.84,0,21,56,Technology
CUST1197,Medium,Professional,310.38,3,24,821.19,0,36,27,Healthcare
CUST1198,Small,Basic,218.32,4,12,337.85,0,16,10,Healthcare
CUST1199,Enterprise,Enterprise,1166.58,1,24,2310.68,0,0,165,Healthcare
CUST1200,Medium,Professional,688.96,6,12,1287.72,0,9,58,Retail
CUST1201,Small,Basic,267.7,9,6,420.28,0,22,16,Retail
CUST1202,Small,Basic,87.52,3,6,326.33,0,25,7,Manufacturing
CUST1203,Medium,Professional,596.55,3,12,872.88,0,2,25,Manufacturing
CUST1204,Enterprise,Enterprise,1476.35,0,24,5449.42,0,14,229,Technology
CUST1205,Small,Basic,107.08,9,6,358.74,1,22,10,Finance
CUST1206,Small,Basic,276.54,4,6,339.91,1,66,13,Retail
CUST1207,Small,Basic,129.71,3,6,403.9,0,25,20,Finance
CUST1208,Small,Basic,124.99,2,12,360.0,0,55,11,Manufacturing
CUST1209,Medium,Professional,696.9,3,24,901.51,0,26,53,Technology
CUST1210,Medium,Professional,405.68,5,24,1129.54,0,15,46,Manufacturing
CUST1211,Medium,Professional,495.03,3,12,1479.72,0,32,53,Retail
CUST1212,Small,Basic,135.61,10,12,345.89,1,23,18,Finance
CUST1213,Enterprise,Enterprise,782.33,2,36,3861.37,0,6,154,Technology
CUST1214,Small,Basic,202.53,4,6,373.63,0,41,11,Finance
CUST1215,Medium,Professional,488.79,3,24,916.58,0,23,51,Manufacturing
CUST1216,Medium,Professional,605.08,1,24,1135.01,0,25,45,Healthcare
CUST1217,Small,Basic,254.63,5,6,359.4,0,26,9,Manufacturing
CUST1218,Small,Basic,131.42,10,12,372.06,0,25,16,Healthcare
CUST1219,Medium,Professional,589.14,6,24,1281.17,0,37,42,Retail
CUST1220,Enterprise,Enterprise,899.88,3,36,3232.01,0,1,199,Technology
CUST1221,Small,Basic,83.57,3,12,358.72,0,41,16,Healthcare
CUST1222,Enterprise,Enterprise,1050.61,2,24,2892.11,0,8,138,Manufacturing
CUST1223,Medium,Professional,682.88,3,24,816.2,0,28,33,Healthcare
CUST1224,Small,Basic,219.42,6,6,378.52,0,32,19,Finance
CUST1225,Small,Basic,257.92,2,6,422.48,1,65,18,Technology
CUST1226,Medium,Professional,616.06,4,24,819.57,0,18,27,Retail
CUST1227,Medium,Professional,619.44,1,12,815.97,0,36,30,Technology
CUST1228,Medium,Professional,627.1,4,24,993.16,0,28,37,Retail
CUST1229,Medium,Professional,511.09,6,24,1249.08,0,27,29,Finance
CUST1230,Medium,Professional,390.09,4,12,934.28,0,9,25,Manufacturing
CUST1231,Medium,Professional,607.97,5,12,1147.06,0,22,45,Finance
CUST1232,Small,Basic,183.36,2,6,327.01,0,16,9,Retail
CUST1233,Small,Basic,125.73,8,6,389.16,1,34,15,Technology
CUST1234,Enterprise,Enterprise,798.49,3,36,4734.44,0,0,106,Finance
CUST1235,Small,Basic,197.55,3,12,360.08,0,11,19,Finance
CUST1236,Enterprise,Enterprise,1452.56,2,24,5530.38,0,10,232,Retail
CUST1237,Enterprise,Enterprise,1455.92,0,24,3869.33,0,0,229,Finance
CUST1238,Medium,Professional,473.66,6,12,1225.1,0,19,31,Manufacturing
CUST1239,Medium,Professional,591.85,3,24,777.09,0,2,49,Technology
CUST1240,Small,Basic,240.57,2,12,313.8,0,26,5,Finance
CUST1241,Small,Basic,284.07,4,6,381.1,0,23,18,Healthcare
CUST1242,Enterprise,Enterprise,1427.18,2,36,2920.27,1,10,107,Technology
CUST1243,Small,Basic,61.62,8,12,443.68,1,67,20,Technology
CUST1244,Small,Basic,292.18,9,6,394.24,0,53,12,Technology
CUST1245,Medium,Professional,351.28,6,24,1133.56,0,34,25,Retail
CUST1246,Medium,Professional,350.33,5,12,1114.59,0,8,31,Retail
CUST1247,Small,Basic,271.73,3,12,343.87,0,31,7,Finance
CUST1248,Medium,Professional,603.96,2,24,1347.95,0,20,44,Finance
CUST1249,Medium,Professional,617.68,2,12,934.8,0,0,27,Finance
CUST1250,Enterprise,Enterprise,1087.08,2,36,4482.09,0,6,160,Technology
CUST1251,Medium,Professional,347.13,3,24,1064.0,0,32,38,Retail
CUST1252,Enterprise,Enterprise,1317.61,3,36,4484.63,0,3,147,Healthcare
CUST1253,Enterprise,Enterprise,1471.8,1,24,4947.68,0,3,167,Healthcare
CUST1254,Enterprise,Enterprise,945.62,3,36,2788.8,0,2,130,Manufacturing
CUST1255,Small,Basic,99.67,7,6,366.06,1,67,11,Retail
CUST1256,Medium,Professional,515.78,6,24,1279.46,1,33,58,Finance
CUST1257,Small,Basic,260.81,4,6,371.17,0,69,10,Finance
CUST1258,Medium,Professional,418.6,5,24,1319.86,0,26,37,Retail
CUST1259,Small,Basic,102.19,3,12,348.11,0,7,14,Manufacturing
CUST1260,Small,Basic,147.81,4,6,368.18,1,53,10,Finance
CUST1261,Small,Basic,85.11,8,12,423.55,0,15,16,Finance
CUST1262,Enterprise,Enterprise,1308.47,0,36,4070.59,0,3,138,Retail
CUST1263,Small,Basic,185.31,9,6,391.82,1,19,20,Retail
CUST1264,Enterprise,Enterprise,1201.52,3,24,3782.13,0,5,110,Healthcare
CUST1265,Enterprise,Enterprise,893.03,3,36,2806.08,0,13,157,Manufacturing
CUST1266,Enterprise,Enterprise,1212.21,2,36,2224.19,0,13,171,Technology
CUST1267,Enterprise,Enterprise,894.2,3,36,5208.0,0,7,121,Healthcare
CUST1268,Small,Basic,201.66,8,12,440.05,0,5,20,Healthcare
CUST1269,Enterprise,Enterprise,988.56,3,24,2535.6,0,12,125,Retail
CUST1270,Small,Basic,285.05,8,6,403.21,1,3,19,Technology
CUST1271,Small,Basic,232.26,6,6,411.96,0,45,15,Finance
CUST1272,Small,Basic,164.55,6,12,379.7,1,20,12,Healthcare
CUST1273,Medium,Professional,637.89,1,12,1082.3,0,21,50,Retail
CUST1274,Medium,Professional,555.78,3,12,1159.64,0,39,39,Retail
CUST1275,Enterprise,Enterprise,969.6,3,36,4384.18,0,11,151,Finance
CUST1276,Small,Basic,239.19,10,12,330.1,0,22,8,Finance
CUST1277,Small,Basic,263.05,4,12,352.13,0,43,7,Technology
CUST1278,Small,Basic,203.36,3,12,430.62,0,41,17,Manufacturing
CUST1279,Enterprise,Enterprise,721.09,1,36,3280.88,0,7,162,Manufacturing
CUST1280,Medium,Professional,643.01,4,12,1256.44,0,28,38,Finance
CUST1281,Enterprise,Enterprise,1201.8,3,36,3906.73,0,8,149,Retail
CUST1282,Enterprise,Enterprise,956.12,2,24,3473.98,0,2,167,Healthcare
CUST1283,Small,Basic,295.25,10,6,365.48,1,60,12,Finance
CUST1284,Enterprise,Enterprise,1072.23,0,24,2615.83,0,14,158,Technology
CUST1285,Medium,Professional,523.6,1,24,715.91,0,22,29,Manufacturing
CUST1286,Small,Basic,286.84,2,12,400.08,0,62,16,Finance
CUST1287,Enterprise,Enterprise,964.43,3,36,2450.93,0,4,155,Finance
CUST1288,Small,Basic,196.86,3,12,311.56,0,8,5,Retail
CUST1289,Medium,Professional,634.3,1,12,877.83,0,31,40,Finance
CUST1290,Small,Basic,251.23,8,12,430.38,1,60,17,Healthcare
CUST1291,Small,Basic,174.92,4,12,386.77,0,33,14,Healthcare
CUST1292,Small,Basic,55.1,2,12,344.92,0,7,7,Finance
CUST1293,Small,Basic,250.01,7,6,320.55,0,8,5,Technology
CUST1294,Medium,Professional,338.79,6,24,1276.3,0,9,56,Finance
CUST1295,Small,Basic,176.83,9,6,437.99,0,3,19,Retail
CUST1296,Enterprise,Enterprise,786.22,1,36,1774.28,0,5,130,Retail
CUST1297,Small,Basic,282.15,10,12,367.68,0,49,9,Manufacturing
CUST1298,Medium,Professional,684.15,4,12,1118.62,0,12,29,Technology
CUST1299,Small,Basic,261.94,3,6,448.97,0,41,20,Technology
CUST1300,Medium,Professional,413.02,2,12,1272.95,0,28,59,Retail
CUST1301,Enterprise,Enterprise,719.07,0,36,3773.89,0,10,209,Healthcare
CUST1302,Small,Basic,181.89,2,6,432.48,0,24,20,Retail
CUST1303,Enterprise,Enterprise,1127.43,0,24,3766.87,0,9,246,Healthcare
CUST1304,Enterprise,Enterprise,1290.83,1,36,1894.88,0,11,113,Healthcare
CUST1305,Enterprise,Enterprise,1269.93,0,24,3060.34,0,6,125,Technology
CUST1306,Medium,Professional,669.72,1,12,1280.08,0,15,25,Retail
CUST1307,Enterprise,Enterprise,735.81,1,36,2035.62,0,7,199,Healthcare
CUST1308,Enterprise,Enterprise,863.9,2,36,3080.71,0,13,208,Healthcare
CUST1309,Enterprise,Enterprise,902.74,0,36,4839.32,1,12,196,Manufacturing
CUST1310,Small,Basic,275.55,9,6,331.31,1,8,12,Manufacturing
CUST1311,Small,Basic,121.2,6,12,381.73,0,36,13,Healthcare
CUST1312,Small,Basic,287.55,10,6,357.9,1,63,8,Healthcare
CUST1313,Enterprise,Enterprise,1366.48,1,24,3171.78,0,2,220,Retail
CUST1314,Small,Basic,215.72,10,6,345.14,0,24,16,Technology
CUST1315,Small,Basic,280.46,7,12,320.19,1,59,5,Healthcare
CUST1316,Small,Basic,95.99,5,6,345.25,1,42,9,Technology
CUST1317,Small,Basic,189.21,4,12,365.09,0,70,19,Manufacturing
CUST1318,Small,Basic,231.02,7,6,335.85,1,47,7,Technology
CUST1319,Medium,Professional,607.48,1,24,1105.68,0,14,25,Technology
CUST1320,Medium,Professional,674.88,6,24,1389.5,0,24,29,Technology
CUST1321,Small,Basic,295.03,9,12,367.79,0,61,12,Retail
CUST1322,Medium,Professional,685.22,4,12,1244.31,0,16,48,Finance
CUST1323,Medium,Professional,464.15,5,24,865.65,0,14,52,Healthcare
CUST1324,Enterprise,Enterprise,1068.47,3,36,4510.2,0,14,190,Finance
CUST1325,Small,Basic,111.5,5,6,341.65,0,24,15,Manufacturing
CUST1326,Small,Basic,143.7,6,12,424.64,1,27,19,Retail
CUST1327,Small,Basic,62.72,5,12,432.25,1,43,19,Manufacturing
CUST1328,Medium,Professional,577.59,4,12,1385.16,0,36,58,Finance
CUST1329,Enterprise,Enterprise,820.55,2,24,2849.81,0,14,244,Healthcare
CUST1330,Enterprise,Enterprise,1240.95,0,24,4937.12,1,2,224,Finance
CUST1331,Small,Basic,235.9,5,6,351.19,0,39,7,Technology
CUST1332,Medium,Professional,435.45,2,24,1163.56,0,18,45,Healthcare
CUST1333,Small,Basic,89.57,10,12,323.56,1,60,9,Retail
CUST1334,Medium,Professional,663.67,1,12,853.65,0,2,40,Healthcare
CUST1335,Medium,Professional,672.38,5,24,1214.31,1,36,55,Manufacturing
CUST1336,Enterprise,Enterprise,1409.19,0,24,4114.16,0,5,245,Technology
CUST1337,Medium,Professional,684.63,3,12,1392.16,0,18,34,Healthcare
CUST1338,Small,Basic,297.93,7,12,445.94,1,32,20,Technology
CUST1339,Enterprise,Enterprise,1219.52,2,24,3329.66,0,8,106,Healthcare
CUST1340,Small,Basic,214.85,7,12,385.01,1,70,13,Manufacturing
CUST1341,Small,Basic,145.0,2,12,315.29,0,34,5,Retail
CUST1342,Small,Basic,229.78,10,12,372.36,0,24,18,Healthcare
CUST1343,Small,Basic,265.37,3,12,347.59,0,2,19,Healthcare
CUST1344,Small,Basic,244.72,3,6,328.61,0,1,10,Technology
CUST1345,Enterprise,Enterprise,1204.8,2,36,4554.32,0,3,118,Healthcare
CUST1346,Medium,Professional,336.68,1,12,928.9,0,0,37,Technology
CUST1347,Small,Basic,169.01,5,6,339.66,1,63,7,Finance
CUST1348,Medium,Professional,370.34,2,12,1075.76,0,16,28,Finance
CUST1349,Medium,Professional,375.28,3,12,1010.06,0,14,37,Retail
CUST1350,Small,Basic,112.74,7,12,366.33,1,30,18,Retail
CUST1351,Small,Basic,275.67,2,12,322.83,1,55,10,Healthcare
CUST1352,Small,Basic,224.52,3,12,345.72,0,33,7,Manufacturing
CUST1353,Medium,Professional,425.39,6,24,1186.82,0,12,55,Healthcare
CUST1354,Small,Basic,280.86,8,12,415.89,0,59,16,Finance
CUST1355,Medium,Professional,649.34,3,12,903.94,0,24,34,Manufacturing
CUST1356,Small,Basic,87.76,4,6,333.96,1,27,5,Finance
CUST1357,Medium,Professional,363.33,5,24,1087.07,0,17,42,Manufacturing
CUST1358,Medium,Professional,494.94,6,12,1370.59,0,3,56,Manufacturing
CUST1359,Small,Basic,108.79,9,6,384.41,1,27,15,Technology
CUST1360,Enterprise,Enterprise,1189.3,1,36,3686.59,0,9,140,Technology
CUST1361,Enterprise,Enterprise,714.17,2,24,4054.31,0,13,132,Healthcare
CUST1362,Medium,Professional,614.72,5,24,1153.17,0,21,45,Healthcare
CUST1363,Medium,Professional,583.24,5,12,841.47,0,15,33,Healthcare
CUST1364,Medium,Professional,453.66,2,12,879.11,0,39,55,Finance
CUST1365,Medium,Professional,616.51,3,12,1342.02,0,9,42,Retail
CUST1366,Medium,Professional,524.75,3,24,974.73,0,20,39,Technology
CUST1367,Medium,Professional,683.09,5,12,1484.96,1,38,59,Healthcare
CUST1368,Medium,Professional,616.28,4,12,1071.82,0,0,37,Technology
CUST1369,Small,Basic,69.68,9,12,328.35,1,18,5,Finance
CUST1370,Medium,Professional,482.38,2,24,885.19,0,38,53,Manufacturing
CUST1371,Medium,Professional,521.03,3,24,749.79,0,9,45,Finance
CUST1372,Medium,Professional,545.23,1,24,1039.61,0,18,52,Manufacturing
CUST1373,Small,Basic,65.97,3,12,337.41,1,17,6,Retail
CUST1374,Small,Basic,134.54,8,12,349.03,0,43,12,Retail
CUST1375,Medium,Professional,577.83,5,24,1049.02,0,5,28,Manufacturing
CUST1376,Small,Basic,63.12,5,6,329.64,1,61,13,Manufacturing
CUST1377,Enterprise,Enterprise,958.36,3,36,1075.14,0,0,139,Finance
CUST1378,Medium,Professional,383.53,5,12,984.26,1,31,51,Healthcare
CUST1379,Medium,Professional,385.11,5,24,1229.27,0,0,48,Technology
CUST1380,Small,Basic,238.54,6,6,346.86,1,42,16,Retail
CUST1381,Small,Basic,101.15,3,12,364.88,0,5,14,Healthcare
CUST1382,Medium,Professional,633.17,6,24,1285.92,0,13,38,Technology
CUST1383,Small,Basic,104.2,2,12,319.92,1,39,6,Healthcare
CUST1384,Enterprise,Enterprise,1066.31,3,36,3462.22,0,5,152,Finance
CUST1385,Medium,Professional,331.07,1,12,981.09,0,0,43,Manufacturing
CUST1386,Small,Basic,161.27,4,12,337.85,1,12,5,Retail
CUST1387,Medium,Professional,466.99,1,24,975.21,0,19,52,Finance
CUST1388,Small,Basic,80.08,2,6,398.17,1,60,13,Technology
CUST1389,Small,Basic,117.52,9,12,387.28,0,8,12,Technology
CUST1390,Small,Basic,158.12,9,12,336.73,1,52,17,Finance
CUST1391,Medium,Professional,583.96,6,24,1015.46,1,30,27,Technology
CUST1392,Small,Basic,252.59,2,12,340.63,0,55,13,Healthcare
CUST1393,Enterprise,Enterprise,1065.01,3,36,3637.35,0,5,112,Manufacturing
CUST1394,Medium,Professional,462.8,5,24,1490.84,0,25,59,Healthcare
CUST1395,Enterprise,Enterprise,1240.57,3,36,2134.95,0,11,137,Healthcare
CUST1396,Medium,Professional,480.31,5,24,1137.33,0,10,33,Technology
CUST1397,Medium,Professional,640.44,5,12,1018.93,0,8,34,Healthcare
CUST1398,Enterprise,Enterprise,1492.4,0,24,5080.31,0,3,201,Finance
CUST1399,Enterprise,Enterprise,1091.34,2,36,2407.93,0,11,142,Healthcare
CUST1400,Medium,Professional,575.12,1,24,1273.9,0,14,50,Manufacturing
CUST1401,Small,Basic,173.8,3,6,380.67,1,39,11,Manufacturing
CUST1402,Small,Basic,55.88,2,6,327.92,1,37,11,Manufacturing
CUST1403,Enterprise,Enterprise,1037.53,2,24,4788.35,1,12,118,Finance
CUST1404,Small,Basic,208.8,2,12,364.36,0,62,17,Retail
CUST1405,Small,Basic,238.23,3,12,323.46,0,54,5,Manufacturing
CUST1406,Enterprise,Enterprise,1307.24,0,36,1484.4,0,15,225,Retail
CUST1407,Small,Basic,200.9,9,6,351.41,1,4,8,Technology
CUST1408,Enterprise,Enterprise,1247.06,0,24,4593.46,0,14,215,Retail
CUST1409,Medium,Professional,401.28,1,12,974.7,0,33,49,Finance
CUST1410,Small,Basic,77.42,4,12,355.11,1,9,10,Manufacturing
CUST1411,Small,Basic,243.12,2,6,416.07,1,38,17,Manufacturing
CUST1412,Enterprise,Enterprise,1346.73,0,36,1957.57,0,3,249,Healthcare
CUST1413,Medium,Professional,308.22,5,24,1046.34,0,23,26,Finance
CUST1414,Medium,Professional,326.78,1,24,1176.94,0,16,27,Technology
CUST1415,Medium,Professional,348.4,2,12,1072.5,0,5,57,Healthcare
CUST1416,Medium,Professional,688.35,6,12,1187.11,0,11,59,Finance
CUST1417,Medium,Professional,304.48,1,24,1226.81,0,32,39,Technology
CUST1418,Medium,Professional,427.81,2,12,934.89,0,30,42,Technology
CUST1419,Medium,Professional,521.21,6,24,1055.44,0,34,55,Finance
CUST1420,Small,Basic,169.42,3,6,325.71,1,21,9,Technology
CUST1421,Enterprise,Enterprise,747.74,3,36,2087.39,0,1,192,Manufacturing
CUST1422,Small,Basic,237.15,4,6,389.61,0,61,16,Manufacturing
CUST1423,Enterprise,Enterprise,1318.48,3,36,4252.49,0,0,140,Retail
CUST1424,Small,Basic,148.32,9,12,319.93,1,43,9,Retail
CUST1425,Medium,Professional,454.44,6,24,898.83,0,37,44,Retail
CUST1426,Medium,Professional,690.09,5,24,1002.42,0,33,33,Retail
CUST1427,Small,Basic,128.26,7,6,394.16,1,30,13,Technology
CUST1428,Enterprise,Enterprise,922.82,3,36,1957.86,0,6,149,Healthcare
CUST1429,Enterprise,Enterprise,863.57,3,36,4810.41,0,5,175,Finance
CUST1430,Medium,Professional,373.23,6,24,1061.55,0,31,38,Healthcare
CUST1431,Medium,Professional,358.54,5,24,840.2,0,4,42,Manufacturing
CUST1432,Enterprise,Enterprise,1442.24,3,36,5113.65,0,8,200,Manufacturing
CUST1433,Small,Basic,198.82,9,12,334.59,1,55,6,Manufacturing
CUST1434,Small,Basic,60.26,3,6,353.82,1,35,8,Technology
CUST1435,Small,Basic,59.98,2,6,348.89,1,1,8,Retail
CUST1436,Medium,Professional,671.14,3,24,1087.58,0,15,43,Retail
CUST1437,Medium,Professional,381.26,5,24,1401.03,0,1,39,Retail
CUST1438,Medium,Professional,638.15,2,12,829.66,0,15,42,Technology
CUST1439,Enterprise,Enterprise,1048.15,3,36,3697.08,0,14,156,Finance
CUST1440,Enterprise,Enterprise,1380.47,3,36,2599.95,0,0,204,Technology
CUST1441,Small,Basic,130.52,9,12,444.45,1,64,20,Healthcare
CUST1442,Medium,Professional,367.35,4,24,1231.57,0,13,48,Manufacturing
CUST1443,Medium,Professional,540.17,4,24,1066.67,0,1,40,Healthcare
CUST1444,Small,Basic,192.91,7,12,347.06,1,48,7,Retail
CUST1445,Medium,Professional,407.65,3,12,1329.86,1,30,52,Manufacturing
CUST1446,Enterprise,Enterprise,1483.33,2,24,3695.3,0,1,232,Finance
CUST1447,Medium,Professional,400.16,5,12,1360.59,0,16,35,Technology
CUST1448,Small,Basic,152.37,4,6,434.2,1,66,18,Healthcare
CUST1449,Medium,Professional,657.97,2,24,1200.63,0,1,36,Technology
CUST1450,Medium,Professional,513.58,4,12,1235.23,0,35,29,Finance
CUST1451,Small,Basic,241.59,10,6,319.77,0,2,10,Finance
CUST1452,Small,Basic,110.48,7,6,328.4,1,35,10,Technology
CUST1453,Small,Basic,66.77,8,6,323.49,1,17,8,Manufacturing
CUST1454,Medium,Professional,655.52,4,24,1038.21,0,33,56,Manufacturing
CUST1455,Medium,Professional,366.76,4,24,1006.06,0,8,50,Retail
CUST1456,Small,Basic,145.64,6,12,342.93,1,47,16,Finance
CUST1457,Small,Basic,162.49,4,6,332.47,1,38,5,Manufacturing
CUST1458,Small,Basic,166.59,9,12,342.11,0,47,12,Finance
CUST1459,Small,Basic,123.85,2,6,316.48,1,44,6,Manufacturing
CUST1460,Enterprise,Enterprise,732.42,3,36,4977.88,0,2,210,Manufacturing
CUST1461,Small,Basic,64.97,10,12,325.09,0,27,10,Finance
CUST1462,Small,Basic,205.44,6,12,395.85,1,47,17,Healthcare
CUST1463,Medium,Professional,566.53,5,12,988.73,0,36,53,Retail
CUST1464,Enterprise,Enterprise,815.16,1,36,4411.37,0,2,196,Finance
CUST1465,Small,Basic,98.62,5,6,311.48,0,53,6,Healthcare
CUST1466,Medium,Professional,365.36,1,12,739.56,0,16,41,Finance
CUST1467,Small,Basic,217.35,7,6,349.53,0,47,10,Technology
CUST1468,Medium,Professional,552.61,3,24,1079.67,1,33,60,Healthcare
CUST1469,Medium,Professional,390.48,1,12,996.42,0,27,42,Retail
CUST1470,Enterprise,Enterprise,741.03,2,36,3621.34,0,8,176,Healthcare
CUST1471,Medium,Professional,670.42,6,12,807.76,0,34,39,Finance
CUST1472,Medium,Professional,364.98,4,12,1053.58,0,4,51,Manufacturing
CUST1473,Medium,Professional,433.51,3,12,1359.2,0,7,52,Technology
CUST1474,Enterprise,Enterprise,1024.25,1,24,1773.72,0,9,225,Manufacturing
CUST1475,Small,Basic,70.52,2,6,406.38,0,19,15,Finance
CUST1476,Enterprise,Enterprise,726.15,2,24,810.38,0,11,138,Manufacturing
CUST1477,Medium,Professional,339.99,5,24,1396.46,0,5,30,Healthcare
CUST1478,Small,Basic,76.88,6,12,381.0,1,67,11,Retail
CUST1479,Small,Basic,210.87,10,6,349.26,0,12,7,Retail
CUST1480,Medium,Professional,577.96,4,12,1072.83,0,22,27,Finance
CUST1481,Small,Basic,216.56,5,12,428.33,0,30,17,Healthcare
CUST1482,Small,Basic,299.56,4,6,315.83,0,19,6,Finance
CUST1483,Enterprise,Enterprise,1027.9,2,36,3325.36,0,6,181,Healthcare
CUST1484,Small,Basic,260.28,6,6,339.93,1,49,17,Technology
CUST1485,Medium,Professional,353.16,3,24,1088.54,0,27,50,Manufacturing
CUST1486,Enterprise,Enterprise,1032.64,3,36,5455.03,0,10,147,Retail
CUST1487,Small,Basic,154.47,2,6,448.83,0,46,20,Finance
CUST1488,Small,Basic,102.77,7,6,332.25,1,64,5,Retail
CUST1489,Enterprise,Enterprise,1063.96,2,24,3915.08,1,14,150,Manufacturing
CUST1490,Small,Basic,278.53,5,12,350.36,0,40,7,Healthcare
CUST1491,Medium,Professional,567.37,5,12,978.06,0,16,44,Finance
CUST1492,Medium,Professional,458.79,4,12,1254.0,0,3,27,Technology
CUST1493,Medium,Professional,607.56,6,24,759.84,0,3,59,Healthcare
CUST1494,Small,Basic,190.19,7,12,399.62,0,22,14,Retail
CUST1495,Small,Basic,55.17,4,12,404.94,1,33,18,Finance
CUST1496,Medium,Professional,444.57,3,12,1335.38,0,19,51,Healthcare
CUST1497,Medium,Professional,681.43,1,12,820.25,0,17,29,Retail
CUST1498,Enterprise,Enterprise,1108.62,3,36,5241.1,0,8,186,Technology
CUST1499,Enterprise,Enterprise,1280.25,0,36,5093.93,0,2,190,Healthcare
CUST1500,Small,Basic,57.45,8,12,382.51,1,55,11,Healthcare
CUST1501,Enterprise,Enterprise,1318.77,0,36,4288.16,0,7,203,Retail
CUST1502,Medium,Professional,659.99,1,12,1283.81,1,28,54,Manufacturing
CUST1503,Small,Basic,292.4,9,6,371.54,1,10,16,Retail
CUST1504,Medium,Professional,497.74,5,24,1073.76,1,21,60,Technology
CUST1505,Enterprise,Enterprise,934.76,0,36,4461.12,0,1,181,Technology
CUST1506,Medium,Professional,692.52,5,24,780.95,1,23,49,Finance
CUST1507,Medium,Professional,373.91,1,24,1588.62,0,8,51,Healthcare
CUST1508,Medium,Professional,607.2,3,24,1062.18,0,7,31,Retail
CUST1509,Medium,Professional,624.63,5,12,1170.86,0,36,30,Finance
CUST1510,Small,Basic,127.97,8,6,361.01,0,11,14,Retail
CUST1511,Medium,Professional,342.73,4,12,1412.65,0,2,33,Healthcare
CUST1512,Medium,Professional,332.8,2,12,1213.33,0,11,31,Healthcare
CUST1513,Medium,Professional,591.5,2,12,886.63,0,10,31,Retail
CUST1514,Small,Basic,194.17,5,12,391.49,1,63,18,Retail
CUST1515,Medium,Professional,354.48,5,24,1337.68,0,26,49,Technology
CUST1516,Small,Basic,50.36,3,12,327.95,0,51,8,Healthcare
CUST1517,Medium,Professional,352.98,1,12,908.66,0,14,36,Healthcare
CUST1518,Medium,Professional,529.83,6,12,1285.66,0,13,50,Technology
CUST1519,Medium,Professional,647.52,3,12,1208.05,0,26,46,Technology
CUST1520,Medium,Professional,382.71,3,12,1180.89,0,12,53,Retail
CUST1521,Medium,Professional,485.43,1,24,1085.06,0,3,42,Finance
CUST1522,Small,Basic,119.83,8,12,366.13,0,1,18,Retail
CUST1523,Small,Basic,100.23,6,12,410.79,0,61,19,Retail
CUST1524,Small,Basic,211.31,8,6,333.05,0,28,12,Healthcare
CUST1525,Medium,Professional,575.96,3,24,1349.24,0,33,34,Retail
CUST1526,Small,Basic,239.43,10,6,328.82,0,67,8,Manufacturing
CUST1527,Enterprise,Enterprise,1154.36,0,36,4115.36,0,15,100,Manufacturing
CUST1528,Medium,Professional,551.54,6,12,1404.33,0,38,52,Technology
CUST1529,Small,Basic,61.45,7,12,446.46,1,45,20,Healthcare
CUST1530,Medium,Professional,575.89,1,12,1497.17,0,36,56,Finance
CUST1531,Medium,Professional,341.05,5,12,1197.83,0,28,27,Finance
CUST1532,Medium,Professional,667.28,4,12,1061.82,0,7,38,Finance
CUST1533,Enterprise,Enterprise,774.81,2,24,5279.9,1,7,153,Retail
CUST1534,Medium,Professional,618.29,3,12,767.7,0,6,25,Healthcare
CUST1535,Small,Basic,238.33,10,12,379.32,1,21,13,Retail
CUST1536,Enterprise,Enterprise,1357.85,1,24,5312.84,0,1,246,Technology
CUST1537,Enterprise,Enterprise,880.5,1,36,4684.26,0,1,150,Finance
CUST1538,Small,Basic,258.4,4,6,364.11,1,60,14,Finance
CUST1539,Small,Basic,71.21,4,6,373.26,1,27,10,Finance
CUST1540,Small,Basic,271.6,4,12,335.67,0,68,12,Manufacturing
CUST1541,Enterprise,Enterprise,923.34,2,36,5271.65,0,6,208,Finance
CUST1542,Small,Basic,268.68,3,6,372.35,0,16,14,Technology
CUST1543,Medium,Professional,457.84,6,24,788.32,0,37,59,Finance
CUST1544,Small,Basic,110.12,2,6,333.45,0,65,10,Finance
CUST1545,Enterprise,Enterprise,907.73,2,24,2746.72,0,4,161,Retail
CUST1546,Medium,Professional,507.18,5,12,1372.3,1,28,38,Technology
CUST1547,Small,Basic,57.49,2,12,390.78,0,3,15,Retail
CUST1548,Enterprise,Enterprise,766.11,1,24,4485.35,0,15,107,Technology
CUST1549,Medium,Professional,587.69,3,12,949.74,0,20,59,Technology
CUST1550,Enterprise,Enterprise,827.42,1,36,3409.55,0,15,229,Technology
CUST1551,Enterprise,Enterprise,1101.13,0,36,4724.28,0,10,119,Retail
CUST1552,Medium,Professional,564.81,2,12,1486.39,0,24,54,Technology
CUST1553,Small,Basic,108.95,4,6,357.13,0,34,13,Healthcare
CUST1554,Small,Basic,232.4,10,12,340.94,0,5,6,Healthcare
CUST1555,Medium,Professional,547.24,1,24,1239.34,0,39,40,Technology
CUST1556,Small,Basic,266.31,6,6,346.74,1,67,7,Retail
CUST1557,Enterprise,Enterprise,1137.98,3,24,4099.94,0,15,101,Retail
CUST1558,Medium,Professional,459.88,2,12,922.27,0,9,49,Finance
CUST1559,Medium,Professional,463.06,2,24,985.01,0,1,43,Finance
CUST1560,Enterprise,Enterprise,871.1,2,36,3871.71,0,8,133,Manufacturing
CUST1561,Enterprise,Enterprise,983.74,2,24,1725.61,0,9,174,Technology
CUST1562,Small,Basic,123.46,2,6,350.29,0,10,12,Technology
CUST1563,Medium,Professional,608.81,6,12,895.42,0,6,42,Healthcare
CUST1564,Medium,Professional,590.2,2,24,1550.77,0,29,58,Retail
CUST1565,Medium,Professional,697.25,3,12,1459.04,0,15,46,Technology
CUST1566,Small,Basic,270.87,3,12,381.71,0,50,16,Finance
CUST1567,Enterprise,Enterprise,1277.0,0,36,4810.39,0,1,123,Finance
CUST1568,Small,Basic,83.68,7,6,321.95,1,28,7,Finance
CUST1569,Enterprise,Enterprise,1306.72,2,36,1568.7,0,12,119,Manufacturing
CUST1570,Enterprise,Enterprise,708.54,1,24,2859.25,0,6,241,Retail
CUST1571,Medium,Professional,635.04,5,12,855.74,0,0,46,Technology
CUST1572,Small,Basic,290.09,8,6,373.3,0,0,20,Manufacturing
CUST1573,Small,Basic,200.92,3,12,336.7,0,67,16,Finance
CUST1574,Small,Basic,135.74,2,12,360.57,0,17,14,Retail
CUST1575,Small,Basic,68.38,9,6,356.34,1,35,10,Manufacturing
CUST1576,Small,Basic,82.51,10,12,380.18,0,52,13,Manufacturing
CUST1577,Enterprise,Enterprise,1448.47,3,36,1810.55,0,13,105,Technology
CUST1578,Medium,Professional,675.54,2,12,1216.05,0,3,31,Technology
CUST1579,Small,Basic,146.57,9,6,342.9,1,9,17,Finance
CUST1580,Small,Basic,138.95,8,12,335.01,1,65,10,Finance
CUST1581,Medium,Professional,548.47,5,12,1099.22,0,16,56,Manufacturing
CUST1582,Small,Basic,245.06,7,12,328.31,1,38,14,Technology
CUST1583,Medium,Professional,558.05,5,12,1250.15,1,7,58,Retail
CUST1584,Medium,Professional,697.28,5,24,896.0,0,4,26,Healthcare
CUST1585,Medium,Professional,533.16,2,24,893.89,0,25,26,Healthcare
CUST1586,Medium,Professional,647.83,6,24,1017.27,0,18,51,Retail
CUST1587,Enterprise,Enterprise,1128.21,2,24,5250.17,0,12,216,Retail
CUST1588,Small,Basic,192.37,5,12,356.06,0,22,15,Retail
CUST1589,Small,Basic,151.05,10,12,333.47,1,7,12,Technology
CUST1590,Enterprise,Enterprise,1311.03,0,36,5170.95,0,14,221,Technology
CUST1591,Small,Basic,212.55,10,12,339.39,0,17,12,Finance
CUST1592,Enterprise,Enterprise,1409.83,0,36,2457.91,0,4,172,Retail
CUST1593,Medium,Professional,462.49,3,12,1496.1,0,34,46,Retail
CUST1594,Medium,Professional,437.89,6,24,858.68,0,4,30,Manufacturing
CUST1595,Small,Basic,241.62,10,6,351.6,0,40,20,Finance
CUST1596,Small,Basic,110.15,6,6,348.09,1,65,11,Technology
CUST1597,Enterprise,Enterprise,1234.17,3,24,3060.95,0,12,142,Technology
CUST1598,Small,Basic,175.97,3,12,346.38,0,10,6,Manufacturing
CUST1599,Small,Basic,203.02,6,6,311.03,0,10,5,Retail
CUST1600,Small,Basic,265.72,10,6,365.76,0,25,15,Retail
CUST1601,Medium,Professional,408.05,4,24,1312.97,0,28,34,Manufacturing
CUST1602,Small,Basic,231.51,8,6,327.88,0,16,6,Healthcare
CUST1603,Small,Basic,280.71,2,12,334.41,0,20,7,Healthcare
CUST1604,Small,Basic,66.79,5,12,398.08,1,25,13,Retail
CUST1605,Small,Basic,100.65,8,6,334.92,1,13,9,Finance
CUST1606,Medium,Professional,571.21,1,12,971.27,1,38,38,Technology
CUST1607,Small,Basic,83.09,9,12,390.67,1,69,18,Manufacturing
CUST1608,Small,Basic,126.77,2,12,326.12,0,21,11,Healthcare
CUST1609,Small,Basic,157.79,6,6,337.68,1,6,17,Healthcare
CUST1610,Medium,Professional,662.02,6,12,1122.34,0,31,31,Finance
CUST1611,Enterprise,Enterprise,1402.55,1,24,4797.24,0,3,119,Finance
CUST1612,Medium,Professional,613.76,6,24,1366.14,0,38,51,Healthcare
CUST1613,Enterprise,Enterprise,1378.46,1,24,1833.62,0,10,159,Manufacturing
CUST1614,Small,Basic,150.7,3,12,340.57,1,58,19,Healthcare
CUST1615,Medium,Professional,644.04,1,12,1306.54,0,23,56,Technology
CUST1616,Medium,Professional,551.67,3,12,895.42,0,10,30,Manufacturing
CUST1617,Medium,Professional,674.82,6,24,1383.6,0,16,48,Manufacturing
CUST1618,Medium,Professional,692.68,2,12,1251.32,0,20,58,Finance
CUST1619,Enterprise,Enterprise,888.18,2,36,2842.51,0,0,110,Manufacturing
CUST1620,Enterprise,Enterprise,1229.85,3,24,1836.65,0,8,109,Finance
CUST1621,Medium,Professional,558.91,3,12,847.66,0,22,44,Healthcare
CUST1622,Medium,Professional,669.46,2,24,908.34,0,34,27,Retail
CUST1623,Medium,Professional,673.56,4,12,1089.02,0,17,59,Manufacturing
CUST1624,Enterprise,Enterprise,1095.92,3,36,2316.29,0,12,116,Technology
CUST1625,Medium,Professional,634.82,2,12,1224.7,0,20,52,Retail
CUST1626,Medium,Professional,459.44,2,12,865.89,0,40,27,Finance
CUST1627,Small,Basic,238.89,8,12,377.64,0,48,13,Healthcare
CUST1628,Medium,Professional,659.91,2,24,1255.84,0,21,27,Healthcare
CUST1629,Small,Basic,138.25,6,6,373.66,0,23,17,Healthcare
CUST1630,Medium,Professional,646.52,2,12,1019.52,0,34,42,Finance
CUST1631,Enterprise,Enterprise,849.28,2,36,3546.93,0,15,187,Retail
CUST1632,Small,Basic,135.83,7,6,354.75,1,13,10,Healthcare
CUST1633,Small,Basic,179.73,8,12,335.99,1,41,17,Retail
CUST1634,Enterprise,Enterprise,945.3,0,24,1779.28,0,2,173,Healthcare
CUST1635,Enterprise,Enterprise,1165.58,2,36,4553.2,0,1,223,Technology
CUST1636,Small,Basic,131.69,7,6,351.75,1,25,14,Healthcare
CUST1637,Small,Basic,109.54,8,6,353.22,0,57,11,Finance
CUST1638,Small,Basic,120.87,3,6,337.63,0,4,13,Technology
CUST1639,Medium,Professional,524.59,5,24,789.68,0,8,58,Finance
CUST1640,Small,Basic,150.55,4,12,345.0,0,42,9,Technology
CUST1641,Medium,Professional,616.92,4,24,929.14,0,34,45,Manufacturing
CUST1642,Enterprise,Enterprise,1486.52,2,36,3072.84,0,10,135,Healthcare
CUST1643,Enterprise,Enterprise,842.22,1,36,2625.52,0,9,181,Manufacturing
CUST1644,Enterprise,Enterprise,1405.99,0,24,1008.3,0,4,209,Technology
CUST1645,Medium,Professional,619.72,3,12,1289.67,0,4,39,Healthcare
CUST1646,Small,Basic,188.89,4,12,334.32,0,12,6,Healthcare
CUST1647,Enterprise,Enterprise,815.26,1,36,3042.06,0,13,234,Healthcare
CUST1648,Medium,Professional,351.89,5,12,938.74,0,10,43,Manufacturing
CUST1649,Small,Basic,226.89,3,6,347.35,0,17,7,Healthcare
CUST1650,Small,Basic,206.02,2,12,352.72,0,48,9,Technology
CUST1651,Medium,Professional,438.0,5,24,1193.57,0,10,51,Technology
CUST1652,Medium,Professional,659.94,4,12,892.76,0,29,30,Manufacturing
CUST1653,Medium,Professional,430.17,5,12,1089.19,0,5,42,Healthcare
CUST1654,Small,Basic,229.57,3,6,351.99,1,60,12,Manufacturing
CUST1655,Medium,Professional,670.32,6,12,1167.48,0,37,37,Manufacturing
CUST1656,Small,Basic,235.25,4,6,376.47,0,12,10,Technology
CUST1657,Medium,Professional,394.58,2,12,914.9,0,20,29,Healthcare
CUST1658,Enterprise,Enterprise,913.42,0,36,4957.14,0,15,238,Finance
CUST1659,Medium,Professional,398.85,1,24,1452.25,0,36,56,Manufacturing
CUST1660,Medium,Professional,657.31,5,12,1188.88,0,37,56,Healthcare
CUST1661,Medium,Professional,566.69,5,12,1281.7,0,29,53,Finance
CUST1662,Medium,Professional,355.31,5,24,1185.95,1,33,38,Manufacturing
CUST1663,Small,Basic,186.99,4,6,332.62,0,4,8,Finance
CUST1664,Enterprise,Enterprise,1114.9,3,36,3792.31,0,11,225,Healthcare
CUST1665,Medium,Professional,669.72,1,24,1362.96,1,12,47,Healthcare
CUST1666,Small,Basic,77.37,3,12,416.74,0,44,17,Healthcare
CUST1667,Enterprise,Enterprise,1323.16,1,24,2678.41,0,11,246,Finance
CUST1668,Small,Basic,64.17,5,6,443.42,0,0,20,Technology
CUST1669,Small,Basic,149.45,4,6,455.18,1,19,20,Manufacturing
CUST1670,Small,Basic,63.38,3,6,423.21,1,14,19,Finance
CUST1671,Small,Basic,161.62,7,6,356.09,1,67,10,Manufacturing
CUST1672,Small,Basic,145.07,5,12,358.78,1,68,11,Finance
CUST1673,Medium,Professional,370.45,1,24,849.37,1,18,44,Finance
CUST1674,Medium,Professional,530.57,3,12,1348.96,0,8,58,Retail
CUST1675,Small,Basic,298.64,7,12,327.58,0,48,5,Healthcare
CUST1676,Enterprise,Enterprise,802.56,3,36,1607.32,0,0,100,Technology
CUST1677,Enterprise,Enterprise,1139.76,2,36,4341.27,0,12,130,Finance
CUST1678,Small,Basic,56.41,9,6,311.51,1,6,5,Finance
CUST1679,Medium,Professional,366.54,5,12,1334.82,0,3,55,Healthcare
CUST1680,Medium,Professional,512.42,1,24,1024.87,0,21,26,Technology
CUST1681,Enterprise,Enterprise,725.91,0,36,4245.11,1,3,101,Finance
CUST1682,Enterprise,Enterprise,994.85,2,36,1767.12,0,2,203,Healthcare
CUST1683,Medium,Professional,678.31,3,12,1190.72,0,30,47,Retail
CUST1684,Enterprise,Enterprise,1143.95,0,24,2983.7,1,3,164,Finance
CUST1685,Enterprise,Enterprise,920.94,0,36,2818.09,0,15,205,Technology
CUST1686,Small,Basic,161.94,4,12,333.89,0,3,5,Retail
CUST1687,Enterprise,Enterprise,1026.87,0,24,3011.06,0,7,115,Technology
CUST1688,Small,Basic,173.01,5,12,322.17,1,51,6,Finance
CUST1689,Small,Basic,161.7,8,12,392.6,1,32,18,Finance
CUST1690,Small,Basic,201.74,4,6,339.33,0,56,5,Finance
CUST1691,Enterprise,Enterprise,1119.69,1,24,1729.16,1,15,211,Manufacturing
CUST1692,Enterprise,Enterprise,1201.47,0,36,3368.79,0,2,203,Technology
CUST1693,Medium,Professional,314.94,6,24,953.85,0,16,56,Technology
CUST1694,Enterprise,Enterprise,1159.34,2,36,5743.97,0,7,241,Retail
CUST1695,Small,Basic,251.96,6,6,355.68,0,63,10,Technology
CUST1696,Enterprise,Enterprise,858.93,3,24,1912.03,0,3,235,Manufacturing
CUST1697,Medium,Professional,359.38,4,12,1459.05,0,18,43,Manufacturing
CUST1698,Medium,Professional,474.76,2,24,1344.45,0,32,42,Manufacturing
CUST1699,Small,Basic,66.75,6,6,337.41,0,21,8,Retail
CUST1700,Small,Basic,76.42,8,6,389.58,0,7,19,Finance
CUST1701,Medium,Professional,394.08,6,12,1453.95,0,39,41,Technology
CUST1702,Medium,Professional,690.4,1,12,1050.89,0,34,53,Retail
CUST1703,Enterprise,Enterprise,1476.41,3,24,5969.94,0,8,230,Retail
CUST1704,Small,Basic,180.49,5,12,357.7,0,56,8,Finance
CUST1705,Medium,Professional,403.8,1,12,935.8,0,26,25,Healthcare
CUST1706,Medium,Professional,419.82,4,12,848.86,0,5,36,Manufacturing
CUST1707,Enterprise,Enterprise,1333.17,3,36,2326.63,0,4,230,Technology
CUST1708,Medium,Professional,535.54,2,12,927.76,0,7,55,Manufacturing
CUST1709,Enterprise,Enterprise,1419.67,1,36,4999.11,0,5,208,Technology
CUST1710,Medium,Professional,532.41,6,24,956.0,0,25,46,Retail
CUST1711,Enterprise,Enterprise,1006.98,1,36,2457.49,0,8,207,Technology
CUST1712,Small,Basic,52.9,10,12,354.8,1,43,19,Manufacturing
CUST1713,Small,Basic,118.8,10,12,354.92,1,16,16,Finance
CUST1714,Enterprise,Enterprise,1191.26,3,24,4122.85,0,4,156,Retail
CUST1715,Medium,Professional,308.82,1,24,1249.26,0,5,58,Manufacturing
CUST1716,Enterprise,Enterprise,986.2,1,24,2991.15,0,6,128,Finance
CUST1717,Small,Basic,96.65,5,12,447.05,0,5,20,Technology
CUST1718,Medium,Professional,664.0,3,12,1166.67,0,17,31,Healthcare
CUST1719,Small,Basic,268.26,6,6,336.2,1,35,8,Manufacturing
CUST1720,Medium,Professional,608.96,2,12,1104.79,0,16,29,Retail
CUST1721,Enterprise,Enterprise,1393.04,3,24,3164.42,0,4,110,Retail
CUST1722,Medium,Professional,635.89,5,12,1296.37,0,11,51,Technology
CUST1723,Enterprise,Enterprise,1259.1,3,24,4240.24,0,14,239,Manufacturing
CUST1724,Small,Basic,135.07,6,12,400.49,0,40,14,Retail
CUST1725,Small,Basic,261.2,9,6,354.42,1,46,9,Technology
CUST1726,Enterprise,Enterprise,1037.99,0,24,3363.83,0,7,111,Manufacturing
CUST1727,Enterprise,Enterprise,898.84,1,36,2054.75,0,3,242,Retail
CUST1728,Small,Basic,198.53,6,6,311.66,1,17,6,Healthcare
CUST1729,Small,Basic,220.6,6,12,324.84,1,55,6,Retail
CUST1730,Small,Basic,128.69,7,12,336.81,0,62,18,Manufacturing
CUST1731,Medium,Professional,607.2,2,24,1031.35,0,12,26,Healthcare
CUST1732,Small,Basic,249.73,8,12,359.48,0,16,9,Retail
CUST1733,Enterprise,Enterprise,1206.1,2,36,2130.09,0,7,186,Finance
CUST1734,Medium,Professional,360.86,2,12,1266.1,0,28,52,Technology
CUST1735,Medium,Professional,545.31,4,24,1167.96,0,1,55,Manufacturing
CUST1736,Small,Basic,183.35,10,12,358.81,0,49,8,Finance
CUST1737,Enterprise,Enterprise,1084.96,3,36,5588.8,0,4,237,Technology
CUST1738,Small,Basic,282.75,6,6,406.86,1,57,16,Technology
CUST1739,Enterprise,Enterprise,1284.36,1,24,2591.71,0,1,142,Manufacturing
CUST1740,Small,Basic,266.6,10,12,390.95,0,6,20,Healthcare
CUST1741,Enterprise,Enterprise,947.81,0,24,3539.15,0,7,143,Healthcare
CUST1742,Small,Basic,113.62,7,12,377.76,0,36,13,Healthcare
CUST1743,Medium,Professional,677.79,2,12,783.72,0,28,37,Healthcare
CUST1744,Medium,Professional,480.3,4,12,1111.28,0,13,56,Retail
CUST1745,Medium,Professional,574.03,1,24,982.88,0,30,35,Healthcare
CUST1746,Medium,Professional,684.93,1,24,786.58,0,16,28,Technology
CUST1747,Small,Basic,116.69,5,6,362.59,0,42,12,Finance
CUST1748,Small,Basic,160.14,10,12,349.84,1,36,8,Healthcare
CUST1749,Enterprise,Enterprise,1433.43,2,36,1234.95,0,8,188,Technology
CUST1750,Enterprise,Enterprise,1080.09,1,24,2335.13,0,14,153,Technology
CUST1751,Small,Basic,184.16,10,6,382.86,1,65,15,Retail
CUST1752,Medium,Professional,653.92,6,12,875.74,1,38,52,Retail
CUST1753,Medium,Professional,572.41,3,24,784.22,0,24,33,Healthcare
CUST1754,Enterprise,Enterprise,840.02,1,36,2529.76,0,6,238,Technology
CUST1755,Medium,Professional,360.38,1,12,1007.16,0,35,35,Finance
CUST1756,Enterprise,Enterprise,1113.66,0,24,1481.12,0,6,140,Manufacturing
CUST1757,Small,Basic,54.07,10,6,326.06,1,49,8,Technology
CUST1758,Small,Basic,228.72,3,12,328.45,0,1,5,Manufacturing
CUST1759,Small,Basic,274.44,6,6,363.25,0,40,17,Healthcare
CUST1760,Medium,Professional,377.99,3,12,830.73,0,26,28,Technology
CUST1761,Small,Basic,164.26,8,6,324.57,1,23,8,Retail
CUST1762,Enterprise,Enterprise,715.64,0,36,4734.38,0,13,250,Healthcare
CUST1763,Medium,Professional,666.46,3,24,1378.6,0,5,30,Manufacturing
CUST1764,Enterprise,Enterprise,1019.06,2,24,1793.94,1,15,100,Finance
CUST1765,Small,Basic,188.49,8,12,357.61,1,68,11,Retail
CUST1766,Medium,Professional,511.18,5,12,1133.37,0,27,35,Retail
CUST1767,Enterprise,Enterprise,1325.27,0,36,5289.41,1,11,244,Retail
CUST1768,Medium,Professional,658.72,1,24,1046.21,0,38,48,Retail
CUST1769,Enterprise,Enterprise,1063.64,1,36,3599.38,1,12,133,Technology
CUST1770,Medium,Professional,673.81,1,24,940.43,0,29,25,Technology
CUST1771,Small,Basic,217.74,4,6,337.39,1,62,8,Retail
CUST1772,Small,Basic,120.08,8,6,341.36,1,17,7,Retail
CUST1773,Small,Basic,63.35,6,12,409.85,1,46,20,Finance
CUST1774,Small,Basic,129.74,10,6,367.47,1,16,16,Finance
CUST1775,Small,Basic,284.52,2,6,331.5,0,8,16,Retail
CUST1776,Enterprise,Enterprise,837.34,1,36,4300.58,0,8,187,Finance
CUST1777,Enterprise,Enterprise,1409.94,2,36,5070.25,0,0,228,Manufacturing
CUST1778,Medium,Professional,396.15,2,24,1446.06,1,26,58,Manufacturing
CUST1779,Enterprise,Enterprise,1454.38,0,36,4942.13,0,2,195,Retail
CUST1780,Enterprise,Enterprise,1484.84,0,24,2185.38,0,10,145,Healthcare
CUST1781,Medium,Professional,321.3,5,24,844.52,0,8,27,Technology
CUST1782,Medium,Professional,682.79,3,12,1160.12,0,5,52,Technology
CUST1783,Enterprise,Enterprise,1348.58,1,24,3159.82,0,14,243,Retail
CUST1784,Medium,Professional,682.62,1,24,1277.36,0,26,51,Retail
CUST1785,Enterprise,Enterprise,1343.82,0,24,2613.9,0,6,231,Technology
CUST1786,Small,Basic,105.44,4,12,360.71,0,8,15,Technology
CUST1787,Small,Basic,134.35,4,6,381.74,1,53,16,Healthcare
CUST1788,Enterprise,Enterprise,855.0,1,36,4305.12,0,8,239,Manufacturing
CUST1789,Medium,Professional,453.05,6,12,1201.49,0,19,60,Retail
CUST1790,Medium,Professional,670.8,6,24,1214.57,0,3,46,Finance
CUST1791,Medium,Professional,382.4,2,12,1516.94,0,0,47,Manufacturing
CUST1792,Enterprise,Enterprise,1284.5,0,36,4979.18,0,7,183,Retail
CUST1793,Enterprise,Enterprise,1180.82,0,24,3051.72,0,4,218,Technology
CUST1794,Medium,Professional,367.28,1,12,913.98,0,25,53,Healthcare
CUST1795,Enterprise,Enterprise,1246.07,0,24,2596.45,0,2,180,Healthcare
CUST1796,Medium,Professional,648.77,1,24,1062.07,0,0,45,Finance
CUST1797,Enterprise,Enterprise,1390.26,1,24,4482.83,0,11,112,Manufacturing
CUST1798,Small,Basic,74.97,9,12,354.46,0,24,15,Retail
CUST1799,Medium,Professional,557.57,2,24,816.54,1,4,28,Manufacturing
CUST1800,Small,Basic,100.82,3,6,372.98,1,0,11,Manufacturing
CUST1801,Enterprise,Enterprise,751.53,2,36,3562.36,0,3,154,Finance
CUST1802,Enterprise,Enterprise,1427.44,2,24,1258.95,1,4,144,Healthcare
CUST1803,Small,Basic,211.03,8,6,328.94,0,54,6,Manufacturing
CUST1804,Small,Basic,244.57,5,6,382.42,1,61,17,Retail
CUST1805,Medium,Professional,422.7,6,24,1008.7,0,23,38,Finance
CUST1806,Small,Basic,133.54,2,6,430.51,1,27,20,Technology
CUST1807,Enterprise,Enterprise,904.08,3,36,3460.72,0,5,118,Healthcare
CUST1808,Medium,Professional,387.53,2,12,1058.32,0,19,36,Manufacturing
CUST1809,Small,Basic,259.73,2,12,334.72,1,45,6,Technology
CUST1810,Medium,Professional,654.56,1,12,1070.09,0,5,51,Retail
CUST1811,Small,Basic,289.42,9,12,317.97,0,42,9,Manufacturing
CUST1812,Medium,Professional,335.09,5,12,1350.76,0,37,59,Retail
CUST1813,Small,Basic,217.76,4,12,341.58,0,1,6,Healthcare
CUST1814,Medium,Professional,693.32,1,24,1003.53,1,38,47,Finance
CUST1815,Small,Basic,95.23,8,6,353.5,1,21,16,Manufacturing
CUST1816,Medium,Professional,508.9,4,12,1419.93,0,0,35,Retail
CUST1817,Small,Basic,183.88,7,6,339.92,1,70,8,Retail
CUST1818,Enterprise,Enterprise,833.98,0,36,3006.19,0,12,245,Retail
CUST1819,Medium,Professional,326.87,4,12,873.83,0,38,46,Technology
CUST1820,Enterprise,Enterprise,965.36,2,36,2417.68,0,1,222,Retail
CUST1821,Small,Basic,203.76,10,6,345.64,0,16,20,Retail
CUST1822,Small,Basic,171.82,6,12,321.85,0,27,9,Finance
CUST1823,Medium,Professional,530.91,6,24,1171.03,0,12,29,Retail
CUST1824,Medium,Professional,410.8,6,12,1268.56,0,9,25,Finance
CUST1825,Small,Basic,223.86,3,6,434.45,0,31,19,Finance
CUST1826,Small,Basic,151.79,8,6,340.07,1,25,9,Finance
CUST1827,Small,Basic,138.96,3,12,355.61,1,68,12,Technology
CUST1828,Medium,Professional,487.87,4,12,694.43,1,38,35,Technology
CUST1829,Medium,Professional,405.47,6,12,1513.65,0,34,58,Finance
CUST1830,Medium,Professional,675.55,4,12,1372.93,1,31,50,Technology
CUST1831,Small,Basic,165.13,2,12,372.07,1,49,16,Technology
CUST1832,Enterprise,Enterprise,989.34,2,36,3044.52,0,9,121,Manufacturing
CUST1833,Small,Basic,221.21,5,6,326.97,0,28,6,Healthcare
CUST1834,Small,Basic,146.34,8,6,352.52,1,15,17,Healthcare
CUST1835,Small,Basic,285.21,10,12,434.99,1,41,18,Finance
CUST1836,Small,Basic,234.98,8,6,329.28,0,18,6,Finance
CUST1837,Enterprise,Enterprise,910.94,1,36,2524.41,0,10,121,Healthcare
CUST1838,Medium,Professional,655.59,6,12,968.98,0,3,43,Finance
CUST1839,Small,Basic,252.23,5,6,400.0,1,9,13,Finance
CUST1840,Enterprise,Enterprise,995.84,3,36,3011.43,0,12,235,Healthcare
CUST1841,Medium,Professional,588.7,6,24,1265.89,0,21,56,Retail
CUST1842,Enterprise,Enterprise,1014.42,3,36,4036.91,0,2,211,Healthcare
CUST1843,Small,Basic,193.17,6,6,341.54,1,65,10,Healthcare
CUST1844,Small,Basic,193.93,8,12,366.55,0,38,17,Healthcare
CUST1845,Small,Basic,84.18,7,12,385.66,1,15,12,Finance
CUST1846,Small,Basic,212.67,5,12,383.14,0,31,14,Manufacturing
CUST1847,Enterprise,Enterprise,870.79,0,36,3799.16,0,14,129,Finance
CUST1848,Medium,Professional,312.0,6,12,1483.78,0,7,54,Finance
CUST1849,Enterprise,Enterprise,1283.91,3,36,4318.1,0,2,142,Retail
CUST1850,Small,Basic,234.78,4,12,368.15,0,55,10,Retail
CUST1851,Enterprise,Enterprise,738.89,3,36,4441.32,0,6,166,Retail
CUST1852,Enterprise,Enterprise,1400.25,1,36,2207.34,0,7,106,Finance
CUST1853,Medium,Professional,377.99,1,12,1164.88,0,7,52,Manufacturing
CUST1854,Medium,Professional,626.12,4,24,800.95,1,34,27,Technology
CUST1855,Small,Basic,264.08,4,12,344.18,0,16,6,Healthcare
CUST1856,Small,Basic,106.68,3,12,322.87,0,27,11,Finance
CUST1857,Enterprise,Enterprise,858.77,1,24,2886.89,0,12,122,Retail
CUST1858,Medium,Professional,540.37,2,12,911.91,0,36,58,Healthcare
CUST1859,Enterprise,Enterprise,1361.8,1,36,4786.06,0,7,188,Manufacturing
CUST1860,Medium,Professional,300.57,3,12,1365.77,0,30,53,Finance
CUST1861,Enterprise,Enterprise,1105.82,0,24,4695.87,0,15,157,Finance
CUST1862,Medium,Professional,615.16,1,24,1341.39,0,32,54,Technology
CUST1863,Small,Basic,74.94,10,12,321.0,0,28,8,Finance
CUST1864,Medium,Professional,566.49,6,24,1056.5,0,27,36,Retail
CUST1865,Medium,Professional,477.05,3,24,932.09,0,8,41,Healthcare
CUST1866,Enterprise,Enterprise,1207.79,2,24,4346.06,0,8,139,Finance
CUST1867,Medium,Professional,371.46,3,12,973.25,0,25,34,Healthcare
CUST1868,Enterprise,Enterprise,893.79,3,36,4759.94,0,7,186,Finance
CUST1869,Medium,Professional,341.82,2,24,1245.74,0,0,42,Technology
CUST1870,Small,Basic,87.12,3,12,382.64,0,28,14,Healthcare
CUST1871,Medium,Professional,391.7,6,24,998.96,0,30,28,Finance
CUST1872,Small,Basic,112.86,3,12,329.3,0,22,13,Manufacturing
CUST1873,Small,Basic,191.56,7,6,364.89,1,42,18,Technology
CUST1874,Medium,Professional,536.37,4,12,981.94,0,35,30,Technology
CUST1875,Small,Basic,158.65,4,6,310.36,1,1,5,Finance
CUST1876,Small,Basic,192.89,8,6,316.23,1,51,7,Manufacturing
CUST1877,Medium,Professional,386.25,2,24,1564.67,0,27,50,Retail
CUST1878,Small,Basic,165.1,7,6,358.25,1,67,10,Manufacturing
CUST1879,Medium,Professional,676.28,6,12,1347.79,0,36,51,Manufacturing
CUST1880,Small,Basic,97.09,10,12,329.68,1,42,7,Healthcare
CUST1881,Small,Basic,243.65,9,6,323.28,1,48,10,Technology
CUST1882,Medium,Professional,584.39,1,12,920.32,0,8,54,Healthcare
CUST1883,Medium,Professional,498.56,3,24,1278.15,0,36,44,Retail
CUST1884,Enterprise,Enterprise,1041.3,0,36,3212.2,0,8,122,Manufacturing
CUST1885,Small,Basic,99.79,8,12,373.68,1,34,12,Technology
CUST1886,Small,Basic,84.34,8,12,349.97,1,28,19,Retail
CUST1887,Medium,Professional,344.05,5,24,934.67,0,10,54,Technology
CUST1888,Medium,Professional,666.47,5,24,892.33,0,35,40,Finance
CUST1889,Medium,Professional,399.21,3,24,857.17,0,16,47,Healthcare
CUST1890,Medium,Professional,544.79,4,24,1069.97,0,36,44,Healthcare
CUST1891,Small,Basic,118.95,9,12,391.86,1,36,12,Retail
CUST1892,Enterprise,Enterprise,816.88,0,24,5525.88,0,10,167,Healthcare
CUST1893,Medium,Professional,339.9,2,24,947.99,0,6,55,Finance
CUST1894,Medium,Professional,604.67,4,24,860.58,0,20,28,Retail
CUST1895,Small,Basic,134.17,4,12,393.52,1,16,14,Retail
CUST1896,Small,Basic,282.23,4,12,391.73,0,28,13,Technology
CUST1897,Small,Basic,233.46,9,6,405.87,0,42,16,Technology
CUST1898,Medium,Professional,685.54,5,24,1360.52,0,27,50,Healthcare
CUST1899,Enterprise,Enterprise,1142.04,1,36,1275.29,0,8,155,Technology
CUST1900,Small,Basic,62.01,5,12,352.32,0,37,7,Manufacturing
CUST1901,Enterprise,Enterprise,1386.38,1,24,1671.17,0,9,140,Finance
CUST1902,Small,Basic,215.82,8,6,322.89,0,64,11,Finance
CUST1903,Enterprise,Enterprise,1268.6,1,36,1697.87,0,8,238,Manufacturing
CUST1904,Enterprise,Enterprise,1050.52,2,36,1778.8,0,2,139,Retail
CUST1905,Enterprise,Enterprise,882.7,2,24,4360.93,0,1,177,Finance
CUST1906,Medium,Professional,600.64,6,24,1115.99,0,10,42,Retail
CUST1907,Medium,Professional,306.5,3,12,941.52,0,25,34,Finance
CUST1908,Small,Basic,152.07,9,12,315.81,0,8,5,Technology
CUST1909,Medium,Professional,475.02,4,12,947.95,0,9,52,Technology
CUST1910,Medium,Professional,411.2,3,12,1342.59,0,13,45,Retail
CUST1911,Enterprise,Enterprise,836.5,0,36,3155.86,0,6,248,Finance
CUST1912,Small,Basic,72.72,4,6,406.97,0,20,14,Finance
CUST1913,Small,Basic,279.07,6,12,409.23,0,69,16,Finance
CUST1914,Enterprise,Enterprise,1359.87,3,36,3289.47,0,3,221,Technology
CUST1915,Enterprise,Enterprise,1211.86,1,36,1133.2,0,14,146,Retail
CUST1916,Medium,Professional,362.22,5,12,1245.52,0,2,46,Manufacturing
CUST1917,Enterprise,Enterprise,1270.09,1,36,4183.65,0,7,187,Retail
CUST1918,Medium,Professional,334.38,1,12,798.7,0,7,29,Finance
CUST1919,Small,Basic,217.4,3,6,385.05,0,58,16,Retail
CUST1920,Small,Basic,138.13,6,6,345.37,1,45,6,Manufacturing
CUST1921,Medium,Professional,662.13,4,12,1000.76,0,16,32,Healthcare
CUST1922,Medium,Professional,357.74,4,12,1437.12,0,11,35,Retail
CUST1923,Medium,Professional,663.51,6,12,1086.27,0,0,41,Healthcare
CUST1924,Small,Basic,126.18,10,6,364.49,1,63,14,Finance
CUST1925,Enterprise,Enterprise,708.26,2,24,3635.01,0,12,103,Retail
CUST1926,Small,Basic,114.34,4,12,390.56,1,50,15,Healthcare
CUST1927,Small,Basic,280.32,9,12,353.53,0,40,15,Finance
CUST1928,Enterprise,Enterprise,979.43,0,36,4990.55,0,4,245,Finance
CUST1929,Small,Basic,198.13,3,6,420.61,0,9,16,Finance
CUST1930,Small,Basic,108.15,5,12,334.64,0,59,9,Manufacturing
CUST1931,Medium,Professional,317.1,4,12,932.11,0,4,36,Finance
CUST1932,Medium,Professional,377.81,6,12,950.21,0,6,26,Healthcare
CUST1933,Enterprise,Enterprise,1263.5,1,24,4924.33,0,2,110,Retail
CUST1934,Small,Basic,143.03,6,6,361.85,1,65,9,Technology
CUST1935,Medium,Professional,514.31,4,24,1379.95,0,19,59,Technology
CUST1936,Enterprise,Enterprise,1011.57,2,24,2833.97,0,4,128,Technology
CUST1937,Small,Basic,160.56,10,12,427.84,1,61,17,Technology
CUST1938,Medium,Professional,599.57,6,24,998.16,0,7,49,Healthcare
CUST1939,Small,Basic,252.17,4,12,327.57,0,9,10,Finance
CUST1940,Small,Basic,182.97,3,12,319.9,0,36,7,Technology
CUST1941,Enterprise,Enterprise,772.04,3,24,2929.08,0,4,245,Retail
CUST1942,Medium,Professional,505.47,2,12,1071.54,0,7,42,Manufacturing
CUST1943,Small,Basic,226.56,2,6,337.68,0,0,18,Technology
CUST1944,Medium,Professional,649.19,1,12,1308.57,0,20,59,Finance
CUST1945,Enterprise,Enterprise,1139.87,0,24,4397.79,0,11,169,Healthcare
CUST1946,Enterprise,Enterprise,747.71,3,24,2630.45,0,13,143,Finance
CUST1947,Enterprise,Enterprise,1405.61,3,24,1565.17,0,6,162,Manufacturing
CUST1948,Medium,Professional,370.81,4,24,1070.91,0,6,30,Manufacturing
CUST1949,Small,Basic,215.96,4,6,318.57,0,25,8,Retail
CUST1950,Small,Basic,182.09,7,6,336.8,1,2,12,Retail
CUST1951,Medium,Professional,630.21,2,24,950.2,0,0,31,Manufacturing
CUST1952,Medium,Professional,486.84,4,12,1154.5,1,26,42,Retail
CUST1953,Medium,Professional,516.41,3,12,830.2,0,22,47,Retail
CUST1954,Medium,Professional,580.6,4,12,785.81,0,23,26,Finance
CUST1955,Medium,Professional,355.35,4,12,977.34,0,13,35,Manufacturing
CUST1956,Medium,Professional,568.46,6,24,1110.88,1,40,35,Retail
CUST1957,Medium,Professional,407.25,4,24,1038.75,0,9,33,Manufacturing
CUST1958,Medium,Professional,493.77,5,24,1365.84,0,0,44,Manufacturing
CUST1959,Medium,Professional,462.25,1,24,1277.31,1,32,56,Retail
CUST1960,Enterprise,Enterprise,1371.12,2,36,4894.51,0,6,177,Retail
CUST1961,Medium,Professional,406.09,3,12,1388.72,0,0,59,Retail
CUST1962,Medium,Professional,685.94,1,24,1129.81,0,2,57,Finance
CUST1963,Enterprise,Enterprise,714.46,1,24,3324.49,0,8,110,Finance
CUST1964,Small,Basic,268.73,2,6,315.8,0,42,8,Healthcare
CUST1965,Medium,Professional,521.33,4,12,1434.87,1,15,55,Retail
CUST1966,Enterprise,Enterprise,1276.16,3,36,4648.57,0,3,103,Manufacturing
CUST1967,Small,Basic,146.85,3,12,384.92,0,33,11,Retail
CUST1968,Enterprise,Enterprise,1045.59,0,36,3597.34,0,15,238,Finance
CUST1969,Medium,Professional,312.49,6,12,1176.96,0,13,58,Technology
CUST1970,Small,Basic,82.88,2,12,349.55,1,50,13,Technology
CUST1971,Enterprise,Enterprise,831.87,0,36,1960.92,0,12,243,Healthcare
CUST1972,Small,Basic,84.23,8,12,373.49,1,22,16,Finance
CUST1973,Small,Basic,159.89,2,12,315.8,0,33,5,Finance
CUST1974,Enterprise,Enterprise,997.89,1,36,3416.45,0,13,177,Manufacturing
CUST1975,Enterprise,Enterprise,1364.35,1,36,2978.65,0,9,159,Technology
CUST1976,Small,Basic,50.83,5,6,371.41,1,50,10,Healthcare
CUST1977,Enterprise,Enterprise,1438.51,1,24,1563.77,0,14,117,Finance
CUST1978,Enterprise,Enterprise,1144.55,2,36,3444.05,0,10,237,Manufacturing
CUST1979,Medium,Professional,340.56,1,24,933.96,0,32,35,Retail
CUST1980,Medium,Professional,511.64,6,12,1372.91,0,3,53,Healthcare
CUST1981,Small,Basic,241.17,5,6,368.15,0,45,19,Retail
CUST1982,Medium,Professional,344.85,4,24,1173.82,0,7,58,Healthcare
CUST1983,Medium,Professional,314.66,2,12,1282.1,0,31,54,Healthcare
CUST1984,Small,Basic,222.1,5,6,335.75,0,66,8,Technology
CUST1985,Medium,Professional,624.83,5,12,1028.19,0,4,27,Finance
CUST1986,Medium,Professional,373.58,6,24,1286.35,0,4,55,Finance
CUST1987,Medium,Professional,670.63,6,12,1262.42,0,14,44,Technology
CUST1988,Small,Basic,123.13,8,6,348.26,1,63,8,Retail
CUST1989,Medium,Professional,535.54,1,24,912.08,0,19,49,Manufacturing
CUST1990,Small,Basic,115.5,7,12,374.96,0,6,13,Manufacturing
CUST1991,Medium,Professional,491.88,5,24,855.8,0,1,26,Retail
CUST1992,Enterprise,Enterprise,1230.86,2,36,5009.29,0,9,187,Finance
CUST1993,Small,Basic,195.71,9,12,406.51,0,21,14,Healthcare
CUST1994,Enterprise,Enterprise,1303.39,1,36,4594.1,0,3,225,Healthcare
CUST1995,Small,Basic,255.0,6,6,337.96,1,67,7,Technology
CUST1996,Enterprise,Enterprise,1300.49,2,36,1931.28,0,8,215,Retail
CUST1997,Enterprise,Enterprise,1118.46,3,24,3795.8,0,3,152,Technology
CUST1998,Medium,Professional,639.57,1,24,1037.01,0,5,38,Finance
CUST1999,Enterprise,Enterprise,1161.15,0,36,1720.54,0,5,225,Retail
CUST2000,Medium,Professional,669.84,5,24,1058.59,0,13,28,Manufacturing
