customer_id,total_purchases,avg_order_value,days_since_last_purchase,product_category_preference,email_engagement_score,support_tickets_count,lifetime_value,region,signup_date
CUST-00001,71,133.77,71,Electrónica,0.736,17,3592.45,Barcelona,2020-05-14
CUST-00002,24,121.04,258,Electrónica,0.602,17,1391.34,Madrid,2021-08-23
CUST-00003,115,300.79,3,Deportes,0.759,5,32111.57,Zaragoza,2019-11-28
CUST-00004,56,479.25,172,Hogar,0.102,12,10387.51,Bilbao,2022-10-02
CUST-00005,12,368.92,274,Libros,0.125,12,1642.08,Málaga,2019-08-24
CUST-00006,18,37.22,116,Deportes,0.773,2,716.71,Málaga,2022-11-10
CUST-00007,72,234.9,186,Juguetes,0.163,11,8262.86,Barcelona,2019-07-01
CUST-00008,137,368.63,83,Hogar,0.462,8,60126.59,Barcelona,2021-08-03
CUST-00009,15,126.09,16,Belleza,0.805,12,1023.16,Sevilla,2019-03-09
CUST-00010,128,206.88,329,Deportes,0.459,8,11271.94,Málaga,2022-03-06
CUST-00011,150,208.71,112,Juguetes,0.997,4,23748.29,Bilbao,2018-07-06
CUST-00012,40,319.31,348,Ropa,0.422,2,8254.68,Madrid,2021-05-05
CUST-00013,142,432.48,5,Libros,0.68,3,56102.42,Murcia,2021-01-04
CUST-00014,29,157.35,80,Belleza,0.454,8,5360.33,Bilbao,2022-04-10
CUST-00015,77,423.21,259,Ropa,0.609,4,20742.47,Valencia,2018-11-27
CUST-00016,126,24.45,185,Belleza,0.879,9,1588.12,Madrid,2019-05-09
CUST-00017,125,410.77,272,Ropa,0.766,4,45892.03,Barcelona,2023-04-24
CUST-00018,136,438.13,216,Libros,0.964,17,58378.4,Valencia,2021-11-13
CUST-00019,103,497.65,332,Libros,0.373,16,36205.41,Sevilla,2019-05-23
CUST-00020,87,25.2,283,Ropa,0.23,7,671.91,Sevilla,2021-12-20
CUST-00021,18,454.13,169,Deportes,0.071,7,4501.03,Madrid,2020-09-21
CUST-00022,147,294.46,124,Hogar,0.785,13,20403.5,Sevilla,2018-07-18
CUST-00023,109,214.38,27,Belleza,0.673,20,9080.02,Zaragoza,2020-04-04
CUST-00024,64,107.92,274,Ropa,0.449,13,3212.66,Málaga,2020-08-05
CUST-00025,114,406.89,281,Ropa,0.098,20,55632.6,Sevilla,2022-09-09
CUST-00026,61,95.66,248,Ropa,0.481,12,6489.97,Madrid,2018-12-04
CUST-00027,100,143.62,232,Electrónica,0.285,17,12863.82,Zaragoza,2020-09-23
CUST-00028,76,120.58,29,Deportes,0.579,17,3251.98,Valencia,2019-10-05
CUST-00029,150,246.24,271,Electrónica,0.157,16,13743.9,Madrid,2019-01-16
CUST-00030,61,210.83,291,Ropa,0.246,19,4318.18,Barcelona,2018-06-17
CUST-00031,67,114.07,160,Belleza,0.239,12,3193.04,Zaragoza,2021-08-14
CUST-00032,81,465.57,37,Alimentación,0.009,19,45200.95,Bilbao,2018-07-24
CUST-00033,130,143.62,178,Deportes,0.881,7,11810.54,Barcelona,2018-11-20
CUST-00034,136,18.79,283,Libros,0.299,3,2926.07,Murcia,2018-10-03
CUST-00035,28,375.07,79,Ropa,0.272,19,5141.41,Bilbao,2019-12-04
CUST-00036,130,251.94,26,Libros,0.092,13,34272.34,Sevilla,2018-04-01
CUST-00037,34,324.0,134,Belleza,0.162,14,8774.38,Madrid,2020-05-25
CUST-00038,20,473.35,353,Ropa,0.904,17,3147.07,Madrid,2020-01-27
CUST-00039,33,35.29,186,Juguetes,0.899,1,1291.55,Valencia,2019-03-07
CUST-00040,91,393.36,208,Ropa,0.974,4,40563.31,Sevilla,2019-04-30
CUST-00041,106,27.02,170,Hogar,0.782,13,2927.16,Valencia,2022-11-05
CUST-00042,41,396.88,55,Libros,0.383,1,17455.61,Sevilla,2019-04-01
CUST-00043,90,163.02,116,Alimentación,0.223,6,9663.13,Sevilla,2019-07-25
CUST-00044,90,326.12,204,Libros,0.68,17,17552.8,Barcelona,2018-02-26
CUST-00045,46,296.59,135,Libros,0.038,19,9428.87,Barcelona,2022-02-01
CUST-00046,131,71.09,295,Juguetes,0.19,1,8734.53,Málaga,2018-01-04
CUST-00047,111,48.94,340,Belleza,0.921,19,3164.47,Sevilla,2022-10-03
CUST-00048,130,165.0,209,Libros,0.326,9,17137.93,Barcelona,2019-01-28
CUST-00049,45,313.52,154,Juguetes,0.406,0,8090.99,Zaragoza,2019-03-07
CUST-00050,120,229.27,345,Belleza,0.214,15,27907.53,Zaragoza,2023-05-20
CUST-00051,73,264.99,324,Ropa,0.619,2,20051.91,Valencia,2022-03-19
CUST-00052,58,406.18,75,Libros,0.024,7,27929.53,Sevilla,2021-06-05
CUST-00053,107,444.78,294,Alimentación,0.194,12,35452.76,Barcelona,2019-05-15
CUST-00054,28,392.53,112,Electrónica,0.176,16,7892.47,Valencia,2021-02-15
CUST-00055,117,79.67,237,Ropa,0.668,17,7791.82,Sevilla,2023-04-30
CUST-00056,141,231.27,81,Juguetes,0.744,15,22991.44,Murcia,2022-03-20
CUST-00057,134,250.03,122,Libros,0.275,2,31567.17,Sevilla,2019-04-26
CUST-00058,82,448.12,41,Belleza,0.138,7,23691.21,Bilbao,2018-11-09
CUST-00059,107,212.69,277,Ropa,0.466,1,11063.74,Sevilla,2020-05-10
CUST-00060,148,199.48,3,Electrónica,0.943,9,28877.3,Zaragoza,2022-10-14
CUST-00061,125,121.42,223,Deportes,0.486,12,9144.7,Zaragoza,2021-10-22
CUST-00062,120,460.98,318,Hogar,0.534,12,46063.16,Zaragoza,2021-09-19
CUST-00063,110,80.81,236,Ropa,0.182,8,5699.63,Madrid,2019-03-10
CUST-00064,87,384.2,194,Belleza,0.278,13,17616.67,Murcia,2018-06-17
CUST-00065,139,40.26,179,Electrónica,0.224,2,5613.54,Murcia,2021-08-27
CUST-00066,64,111.69,10,Electrónica,0.621,7,2956.47,Madrid,2021-10-03
CUST-00067,120,354.24,188,Deportes,0.168,19,49623.13,Barcelona,2022-01-11
CUST-00068,80,67.43,13,Hogar,0.929,18,4906.81,Barcelona,2023-05-17
CUST-00069,51,51.86,353,Juguetes,0.831,7,1036.02,Zaragoza,2022-05-02
CUST-00070,145,394.58,177,Ropa,0.533,11,20715.0,Bilbao,2021-08-19
CUST-00071,108,413.83,54,Electrónica,0.434,11,38974.04,Málaga,2022-08-25
CUST-00072,112,100.43,267,Hogar,0.965,8,9609.54,Murcia,2023-02-27
CUST-00073,112,415.48,303,Alimentación,0.268,7,48751.46,Murcia,2018-06-27
CUST-00074,63,378.98,291,Alimentación,0.61,12,14391.27,Bilbao,2020-10-09
CUST-00075,125,117.88,132,Hogar,0.34,19,13719.25,Málaga,2019-07-20
CUST-00076,22,132.06,208,Deportes,0.489,7,2677.39,Madrid,2021-08-15
CUST-00077,5,60.13,113,Alimentación,0.404,7,173.05,Murcia,2021-04-06
CUST-00078,142,272.5,217,Alimentación,0.997,17,23128.47,Málaga,2021-12-10
CUST-00079,79,136.93,61,Libros,0.721,10,4409.19,Murcia,2021-01-02
CUST-00080,56,373.22,141,Deportes,0.725,16,17495.9,Valencia,2018-07-25
CUST-00081,59,190.03,154,Libros,0.014,17,4640.83,Sevilla,2018-04-04
CUST-00082,33,324.37,251,Libros,0.103,0,8741.68,Madrid,2020-08-19
CUST-00083,88,104.42,26,Alimentación,0.252,15,3700.2,Murcia,2018-05-14
CUST-00084,19,294.86,351,Alimentación,0.054,4,5770.57,Zaragoza,2023-04-28
CUST-00085,64,72.45,213,Ropa,0.606,19,2332.86,Bilbao,2020-12-06
CUST-00086,114,159.22,301,Alimentación,0.99,9,14734.44,Zaragoza,2018-05-04
CUST-00087,55,143.35,41,Deportes,0.157,5,6282.12,Barcelona,2018-11-17
CUST-00088,116,349.35,240,Juguetes,0.291,7,22665.18,Madrid,2019-08-03
CUST-00089,60,463.1,320,Ropa,0.59,6,18967.42,Murcia,2021-01-20
CUST-00090,69,415.92,36,Hogar,0.06,9,23978.72,Sevilla,2022-08-16
CUST-00091,32,242.32,155,Alimentación,0.7,8,5818.98,Bilbao,2020-10-08
CUST-00092,11,446.37,165,Ropa,0.604,0,1876.6,Murcia,2023-05-24
CUST-00093,148,34.51,89,Libros,0.471,20,3565.05,Madrid,2019-07-24
CUST-00094,126,484.99,240,Juguetes,0.348,10,35990.14,Valencia,2018-08-03
CUST-00095,106,351.43,147,Belleza,0.663,12,38451.43,Valencia,2021-01-31
CUST-00096,23,167.54,165,Alimentación,0.116,12,4155.6,Madrid,2022-08-17
CUST-00097,106,41.29,265,Alimentación,0.362,15,3776.55,Madrid,2022-04-06
CUST-00098,69,281.37,147,Deportes,0.438,15,7946.05,Madrid,2023-06-17
CUST-00099,80,282.16,282,Hogar,0.408,7,26930.06,Sevilla,2023-02-13
CUST-00100,31,329.14,78,Alimentación,0.498,9,7733.98,Barcelona,2019-07-14
CUST-00101,121,133.21,282,Alimentación,0.145,6,18208.67,Zaragoza,2020-11-06
CUST-00102,71,389.75,212,Ropa,0.34,16,14955.62,Valencia,2018-01-06
CUST-00103,149,499.47,250,Libros,0.865,14,58399.86,Bilbao,2019-12-08
CUST-00104,117,467.43,96,Juguetes,0.981,7,44550.89,Málaga,2019-04-24
CUST-00105,82,376.18,361,Electrónica,0.913,12,19972.38,Zaragoza,2021-09-21
CUST-00106,10,76.23,302,Alimentación,0.332,3,828.45,Valencia,2020-06-20
CUST-00107,4,365.39,209,Alimentación,0.871,4,536.9,Barcelona,2022-05-20
CUST-00108,102,330.17,168,Belleza,0.852,17,21621.14,Bilbao,2019-10-11
CUST-00109,18,128.86,350,Electrónica,0.921,7,2254.74,Murcia,2020-06-07
CUST-00110,114,95.69,153,Ropa,0.903,1,6457.24,Barcelona,2018-04-25
CUST-00111,96,223.88,125,Belleza,0.531,18,19635.97,Bilbao,2019-01-04
CUST-00112,21,310.6,195,Hogar,0.62,7,4878.26,Valencia,2021-04-09
CUST-00113,119,324.38,235,Deportes,0.255,0,42809.44,Valencia,2020-08-10
CUST-00114,19,229.24,176,Hogar,0.988,9,3811.31,Bilbao,2020-05-18
CUST-00115,78,111.62,196,Alimentación,0.853,3,4470.59,Bilbao,2021-03-17
CUST-00116,76,25.64,337,Libros,0.396,0,1577.1,Málaga,2021-11-05
CUST-00117,74,391.23,117,Alimentación,0.607,11,14391.67,Madrid,2019-01-25
CUST-00118,25,453.15,330,Hogar,0.039,14,3738.81,Bilbao,2020-01-18
CUST-00119,76,173.46,212,Ropa,0.176,4,13286.6,Valencia,2022-11-30
CUST-00120,43,139.63,246,Libros,0.967,9,5835.4,Málaga,2019-11-25
CUST-00121,20,83.27,115,Alimentación,0.86,12,1949.42,Barcelona,2022-07-06
CUST-00122,102,21.75,274,Ropa,0.124,11,2008.95,Málaga,2021-10-08
CUST-00123,96,67.55,119,Juguetes,0.471,19,7106.12,Bilbao,2021-02-23
CUST-00124,17,323.17,237,Deportes,0.909,9,4858.33,Málaga,2018-08-27
CUST-00125,10,162.62,252,Electrónica,0.116,7,1786.43,Valencia,2018-10-05
CUST-00126,95,340.19,356,Alimentación,0.946,13,26778.94,Zaragoza,2022-01-28
CUST-00127,26,419.34,315,Juguetes,0.408,8,3591.88,Valencia,2020-01-29
CUST-00128,114,476.02,185,Alimentación,0.099,11,42871.41,Sevilla,2021-08-13
CUST-00129,102,148.8,62,Electrónica,0.949,14,5805.52,Málaga,2019-03-11
CUST-00130,86,133.13,64,Electrónica,0.787,6,4141.73,Madrid,2022-04-17
CUST-00131,60,174.35,75,Deportes,0.789,19,3165.0,Sevilla,2022-10-25
CUST-00132,139,136.57,89,Hogar,0.11,0,7946.81,Valencia,2020-01-04
CUST-00133,5,99.51,26,Belleza,0.127,13,384.84,Sevilla,2022-03-08
CUST-00134,115,392.34,262,Alimentación,0.594,14,33995.2,Barcelona,2023-04-21
CUST-00135,118,327.02,15,Libros,0.061,15,41002.78,Madrid,2020-05-23
CUST-00136,114,50.64,41,Alimentación,0.322,4,2073.15,Barcelona,2019-07-18
CUST-00137,136,158.03,258,Juguetes,0.605,3,21788.38,Málaga,2018-08-23
CUST-00138,116,445.72,211,Juguetes,0.339,14,34065.23,Sevilla,2022-02-03
CUST-00139,110,166.57,130,Belleza,0.374,4,16822.78,Barcelona,2020-08-29
CUST-00140,22,60.22,49,Ropa,0.745,11,1365.37,Barcelona,2021-02-13
CUST-00141,32,214.24,340,Belleza,0.941,13,7412.93,Madrid,2022-01-16
CUST-00142,80,185.55,295,Libros,0.507,4,13226.93,Madrid,2019-04-05
CUST-00143,143,193.27,142,Belleza,0.574,13,29313.54,Barcelona,2023-06-19
CUST-00144,8,102.5,359,Libros,0.762,10,505.06,Madrid,2019-01-07
CUST-00145,18,83.81,324,Juguetes,0.972,2,1465.59,Valencia,2019-03-17
CUST-00146,117,180.33,189,Juguetes,0.312,10,21080.72,Zaragoza,2021-03-08
CUST-00147,40,91.34,316,Electrónica,0.05,2,1990.82,Barcelona,2021-09-17
CUST-00148,114,215.88,110,Alimentación,0.755,3,15028.43,Zaragoza,2018-08-16
CUST-00149,135,338.56,23,Alimentación,0.221,19,15965.14,Bilbao,2019-02-23
CUST-00150,36,385.62,148,Deportes,0.328,0,10379.07,Bilbao,2020-05-31
CUST-00151,98,273.3,117,Hogar,0.5,11,9772.4,Valencia,2022-10-31
CUST-00152,5,237.98,39,Juguetes,0.862,18,816.69,Madrid,2020-04-08
CUST-00153,30,211.44,166,Libros,0.172,19,4529.6,Zaragoza,2021-11-13
CUST-00154,112,424.57,124,Ropa,0.436,12,36689.4,Málaga,2020-03-21
CUST-00155,57,176.54,86,Belleza,0.076,20,4051.52,Bilbao,2020-11-10
CUST-00156,90,367.78,330,Belleza,0.815,7,12992.63,Sevilla,2019-06-09
CUST-00157,40,383.7,335,Hogar,0.075,20,11429.74,Sevilla,2022-03-26
CUST-00158,81,88.21,34,Belleza,0.469,20,4090.79,Murcia,2019-07-17
CUST-00159,130,50.98,236,Belleza,0.452,1,4187.61,Madrid,2019-08-11
CUST-00160,130,201.47,297,Ropa,0.554,1,18458.45,Barcelona,2022-07-17
CUST-00161,122,258.16,31,Belleza,0.451,10,37295.33,Sevilla,2018-06-22
CUST-00162,64,358.2,224,Electrónica,0.524,19,10152.74,Valencia,2020-02-03
CUST-00163,105,390.62,347,Juguetes,0.598,20,36198.89,Bilbao,2018-05-15
CUST-00164,143,344.01,145,Ropa,0.252,19,53421.69,Málaga,2019-11-14
CUST-00165,90,165.46,335,Hogar,0.698,12,6195.66,Barcelona,2021-12-22
CUST-00166,144,197.69,168,Libros,0.813,16,10934.53,Barcelona,2021-10-05
CUST-00167,5,190.86,92,Belleza,0.951,10,1100.21,Zaragoza,2020-09-22
CUST-00168,36,90.15,151,Deportes,0.844,3,2456.51,Sevilla,2021-01-10
CUST-00169,34,304.66,78,Belleza,0.162,19,10649.92,Madrid,2018-12-06
CUST-00170,106,191.69,121,Electrónica,0.97,19,11306.28,Murcia,2022-03-14
CUST-00171,137,131.0,240,Deportes,0.904,6,11325.58,Murcia,2023-04-24
CUST-00172,73,392.39,257,Alimentación,0.527,5,29652.82,Murcia,2022-06-29
CUST-00173,14,325.97,190,Libros,0.555,3,4290.96,Valencia,2020-11-22
CUST-00174,22,385.11,139,Libros,0.449,16,3665.29,Barcelona,2020-06-14
CUST-00175,116,444.05,13,Deportes,0.415,12,38725.4,Barcelona,2019-04-28
CUST-00176,96,123.9,163,Ropa,0.931,20,7157.59,Zaragoza,2018-10-27
CUST-00177,74,459.94,241,Electrónica,0.696,4,33455.49,Valencia,2020-08-18
CUST-00178,21,24.22,110,Electrónica,0.835,17,582.98,Murcia,2021-05-31
CUST-00179,74,130.26,62,Ropa,0.048,13,8434.88,Zaragoza,2021-06-29
CUST-00180,29,420.79,255,Ropa,0.597,0,10601.39,Murcia,2021-03-23
CUST-00181,75,223.18,314,Hogar,0.353,18,11297.0,Sevilla,2021-09-22
CUST-00182,18,477.4,278,Belleza,0.507,16,6863.7,Barcelona,2020-03-10
CUST-00183,100,490.8,129,Electrónica,0.747,11,49554.51,Murcia,2019-12-08
CUST-00184,149,371.57,170,Ropa,0.133,11,43815.7,Sevilla,2022-07-25
CUST-00185,123,321.39,69,Alimentación,0.063,14,13175.1,Valencia,2019-02-17
CUST-00186,11,168.06,158,Deportes,0.515,17,1342.24,Madrid,2018-03-16
CUST-00187,92,433.14,24,Libros,0.866,10,21753.3,Sevilla,2022-06-26
CUST-00188,103,375.5,197,Juguetes,0.339,5,28875.21,Málaga,2020-10-15
CUST-00189,22,367.63,40,Libros,0.431,5,6396.91,Málaga,2019-10-20
CUST-00190,84,335.55,156,Ropa,0.446,13,12683.23,Barcelona,2020-06-28
CUST-00191,11,367.5,180,Alimentación,0.615,13,2211.65,Málaga,2022-06-09
CUST-00192,104,191.21,347,Ropa,0.16,0,8521.11,Madrid,2021-05-29
CUST-00193,33,47.61,330,Electrónica,0.366,12,1813.9,Murcia,2018-03-08
CUST-00194,95,195.43,39,Alimentación,0.574,16,11701.22,Valencia,2019-10-06
CUST-00195,30,27.57,95,Deportes,0.499,12,928.16,Bilbao,2018-08-30
CUST-00196,115,119.07,313,Libros,0.286,15,6574.86,Bilbao,2018-10-05
CUST-00197,45,450.86,227,Alimentación,0.997,10,18281.25,Barcelona,2021-12-24
CUST-00198,77,427.91,364,Libros,0.71,20,15047.24,Barcelona,2020-01-11
CUST-00199,52,399.15,121,Ropa,0.79,0,12968.37,Sevilla,2021-03-18
CUST-00200,142,77.94,44,Alimentación,0.066,12,13276.94,Málaga,2022-01-12
CUST-00201,105,414.32,37,Juguetes,0.125,10,38200.72,Murcia,2020-07-10
CUST-00202,33,440.81,282,Belleza,0.64,5,14415.86,Murcia,2018-09-22
CUST-00203,32,266.28,155,Electrónica,0.165,10,9724.67,Zaragoza,2019-04-07
CUST-00204,21,136.54,325,Libros,0.956,8,1183.22,Málaga,2019-09-13
CUST-00205,149,89.78,337,Hogar,0.624,19,8077.94,Barcelona,2023-03-08
CUST-00206,21,37.05,328,Electrónica,0.771,8,689.37,Madrid,2022-04-20
CUST-00207,128,446.16,279,Electrónica,0.29,9,41954.76,Zaragoza,2022-07-07
CUST-00208,117,50.39,30,Libros,0.158,13,4338.16,Zaragoza,2019-02-22
CUST-00209,81,432.82,163,Hogar,0.734,11,41293.09,Málaga,2018-09-25
CUST-00210,82,132.24,62,Ropa,0.267,7,4627.97,Málaga,2018-04-14
CUST-00211,108,135.41,81,Juguetes,0.813,18,13878.67,Bilbao,2019-01-24
CUST-00212,132,241.41,157,Alimentación,0.497,2,36668.65,Valencia,2020-11-01
CUST-00213,56,297.92,24,Deportes,0.051,15,13976.9,Murcia,2022-09-23
CUST-00214,138,18.97,55,Libros,0.431,8,2499.42,Murcia,2022-04-14
CUST-00215,12,209.28,291,Belleza,0.562,11,2003.82,Zaragoza,2018-05-31
CUST-00216,141,150.66,319,Alimentación,0.68,3,8832.8,Zaragoza,2018-07-18
CUST-00217,87,285.55,187,Belleza,0.755,6,20923.06,Zaragoza,2020-04-02
CUST-00218,10,81.46,170,Electrónica,0.804,16,579.42,Madrid,2021-05-26
CUST-00219,82,93.81,315,Belleza,0.739,9,6418.19,Valencia,2020-11-04
CUST-00220,122,410.64,188,Libros,0.331,3,59211.33,Murcia,2021-04-10
CUST-00221,122,143.78,335,Electrónica,0.783,18,14381.49,Bilbao,2022-01-17
CUST-00222,44,269.25,317,Alimentación,0.775,12,5129.73,Madrid,2021-10-26
CUST-00223,147,474.88,56,Electrónica,0.191,14,40650.45,Sevilla,2018-11-07
CUST-00224,106,258.38,313,Deportes,0.921,1,25613.46,Zaragoza,2020-11-28
CUST-00225,123,269.86,160,Belleza,0.957,14,37206.18,Sevilla,2019-12-03
CUST-00226,124,108.25,126,Libros,0.279,9,6743.45,Málaga,2023-06-16
CUST-00227,54,349.77,250,Libros,0.317,11,15193.9,Bilbao,2023-03-29
CUST-00228,32,293.14,278,Libros,0.38,12,9723.24,Bilbao,2023-05-10
CUST-00229,11,154.5,365,Libros,0.079,14,1513.19,Valencia,2022-03-11
CUST-00230,52,416.56,138,Deportes,0.933,8,9174.47,Murcia,2021-06-14
CUST-00231,13,339.87,271,Deportes,0.226,7,1534.22,Sevilla,2020-04-26
CUST-00232,26,345.38,70,Alimentación,0.005,17,10597.33,Málaga,2018-11-20
CUST-00233,123,330.51,147,Alimentación,0.321,20,14360.43,Zaragoza,2022-04-24
CUST-00234,137,373.26,19,Deportes,0.913,5,34573.29,Barcelona,2022-09-12
CUST-00235,102,397.16,95,Electrónica,0.937,9,44118.53,Valencia,2018-01-19
CUST-00236,86,153.01,328,Ropa,0.543,15,14479.14,Bilbao,2018-10-02
CUST-00237,50,407.27,169,Libros,0.162,14,17990.27,Murcia,2022-01-11
CUST-00238,87,398.52,290,Electrónica,0.674,6,15877.54,Valencia,2022-10-20
CUST-00239,132,174.04,205,Juguetes,0.669,5,27189.26,Zaragoza,2020-09-04
CUST-00240,2,141.48,120,Deportes,0.447,8,327.85,Málaga,2019-09-11
CUST-00241,93,350.99,31,Libros,0.668,14,18805.94,Madrid,2020-04-10
CUST-00242,76,193.26,113,Ropa,0.219,4,10727.41,Bilbao,2020-07-20
CUST-00243,141,457.71,275,Juguetes,0.802,6,63612.53,Málaga,2021-10-25
CUST-00244,136,356.33,39,Alimentación,0.917,3,17231.83,Barcelona,2021-01-26
CUST-00245,43,174.14,266,Hogar,0.442,6,7077.87,Sevilla,2020-09-28
CUST-00246,15,234.91,262,Alimentación,0.415,18,1240.19,Barcelona,2020-08-04
CUST-00247,102,138.41,1,Electrónica,0.746,18,5163.26,Bilbao,2020-05-17
CUST-00248,139,497.15,35,Ropa,0.986,15,22704.86,Málaga,2020-04-17
CUST-00249,108,196.61,195,Hogar,0.449,12,13548.93,Valencia,2021-10-30
CUST-00250,31,101.56,275,Belleza,0.393,4,3006.91,Valencia,2019-04-02
CUST-00251,77,239.56,278,Electrónica,0.424,12,19202.86,Madrid,2019-05-22
CUST-00252,40,148.69,57,Belleza,0.032,13,5075.87,Murcia,2023-04-02
CUST-00253,53,47.64,304,Deportes,0.034,19,2284.6,Madrid,2022-11-22
CUST-00254,12,210.1,119,Deportes,0.54,1,1074.34,Madrid,2019-08-16
CUST-00255,148,304.99,344,Belleza,0.818,7,25800.64,Sevilla,2018-10-21
CUST-00256,77,148.45,285,Juguetes,0.949,5,9869.15,Sevilla,2020-05-24
CUST-00257,89,471.67,343,Electrónica,0.381,16,24635.62,Murcia,2020-05-02
CUST-00258,77,197.58,275,Hogar,0.474,7,8681.87,Zaragoza,2021-12-20
CUST-00259,15,287.76,213,Alimentación,0.557,4,2803.83,Valencia,2019-06-07
CUST-00260,21,462.28,189,Belleza,0.092,6,3362.64,Sevilla,2020-02-12
CUST-00261,49,405.26,300,Ropa,0.724,17,9835.83,Madrid,2019-03-04
CUST-00262,4,117.73,97,Libros,0.962,3,457.82,Málaga,2022-03-25
CUST-00263,53,207.37,122,Deportes,0.552,9,7062.52,Murcia,2020-12-28
CUST-00264,67,189.43,254,Libros,0.466,15,12507.35,Málaga,2019-10-18
CUST-00265,81,215.76,288,Belleza,0.864,4,5498.09,Sevilla,2021-02-07
CUST-00266,40,110.15,117,Libros,0.38,7,3301.73,Zaragoza,2021-09-02
CUST-00267,126,483.76,328,Libros,0.74,14,27515.15,Málaga,2022-06-17
CUST-00268,36,364.35,250,Hogar,0.184,17,15625.69,Málaga,2023-05-15
CUST-00269,20,473.42,342,Electrónica,0.049,0,6354.75,Madrid,2022-09-22
CUST-00270,39,19.43,258,Ropa,0.456,1,648.69,Sevilla,2021-09-27
CUST-00271,5,18.21,282,Alimentación,0.411,0,70.7,Murcia,2019-07-17
CUST-00272,129,409.38,345,Electrónica,0.431,5,20929.39,Bilbao,2018-07-17
CUST-00273,50,315.59,129,Deportes,0.815,8,16023.18,Valencia,2018-06-11
CUST-00274,118,289.03,356,Juguetes,0.226,2,30298.07,Málaga,2022-10-24
CUST-00275,104,198.94,282,Ropa,0.476,20,6382.9,Madrid,2018-12-17
CUST-00276,112,327.78,169,Alimentación,0.566,3,40577.51,Barcelona,2023-02-26
CUST-00277,55,452.12,354,Deportes,0.888,15,13527.07,Madrid,2023-03-08
CUST-00278,140,288.3,16,Libros,0.179,10,12677.39,Barcelona,2019-03-01
CUST-00279,20,160.15,288,Juguetes,0.24,12,2912.59,Valencia,2021-01-12
CUST-00280,36,398.39,352,Juguetes,0.724,16,13924.84,Málaga,2019-12-10
CUST-00281,112,127.59,38,Ropa,0.341,19,16567.53,Madrid,2020-03-23
CUST-00282,70,395.02,230,Electrónica,0.491,11,22058.46,Málaga,2020-02-08
CUST-00283,150,335.43,43,Hogar,0.772,9,51232.72,Zaragoza,2021-12-31
CUST-00284,69,89.8,364,Ropa,0.784,4,5983.61,Barcelona,2019-10-11
CUST-00285,24,17.52,157,Ropa,0.445,8,164.83,Málaga,2018-06-28
CUST-00286,115,285.14,262,Juguetes,0.408,0,12482.16,Valencia,2021-02-09
CUST-00287,99,20.99,211,Belleza,0.388,2,1979.01,Barcelona,2021-02-19
CUST-00288,98,97.21,137,Hogar,0.301,15,4109.21,Sevilla,2018-12-09
CUST-00289,108,160.38,39,Libros,0.361,7,16434.37,Zaragoza,2020-10-12
CUST-00290,28,80.71,3,Alimentación,0.949,10,2389.71,Sevilla,2020-02-18
CUST-00291,86,223.85,333,Alimentación,0.974,4,10980.67,Málaga,2021-05-20
CUST-00292,81,101.15,203,Alimentación,0.969,9,7876.79,Sevilla,2021-07-20
CUST-00293,84,197.39,201,Deportes,0.365,18,7955.78,Murcia,2021-01-22
CUST-00294,119,472.34,107,Electrónica,0.438,9,58915.1,Valencia,2018-05-22
CUST-00295,36,322.17,123,Alimentación,0.253,4,10945.29,Zaragoza,2022-06-05
CUST-00296,115,495.49,245,Ropa,0.582,17,43075.13,Zaragoza,2023-02-28
CUST-00297,93,355.29,274,Electrónica,0.594,2,13164.99,Zaragoza,2019-05-24
CUST-00298,12,288.16,330,Hogar,0.677,12,4046.22,Málaga,2019-11-11
CUST-00299,3,62.82,113,Ropa,0.511,16,151.18,Zaragoza,2021-11-09
CUST-00300,96,204.7,347,Alimentación,0.589,16,8561.45,Sevilla,2018-02-20
CUST-00301,76,216.75,43,Ropa,0.116,4,10106.12,Murcia,2019-12-04
CUST-00302,134,249.22,243,Deportes,0.098,14,19603.77,Murcia,2019-09-07
CUST-00303,6,426.85,331,Ropa,0.109,5,2911.79,Madrid,2022-02-25
CUST-00304,142,92.67,286,Hogar,0.426,14,6693.66,Sevilla,2020-04-09
CUST-00305,111,206.86,314,Hogar,0.883,14,19126.5,Valencia,2020-03-07
CUST-00306,53,150.0,360,Deportes,0.809,2,6515.92,Madrid,2022-06-26
CUST-00307,84,110.58,58,Belleza,0.262,15,7198.23,Valencia,2021-08-01
CUST-00308,101,299.7,178,Juguetes,0.352,14,25899.55,Málaga,2022-07-25
CUST-00309,35,166.9,122,Ropa,0.305,5,3715.05,Bilbao,2018-10-17
CUST-00310,36,293.78,216,Juguetes,0.186,20,8287.85,Zaragoza,2023-02-26
CUST-00311,126,155.08,95,Hogar,0.315,14,16755.01,Valencia,2022-11-08
CUST-00312,125,81.22,196,Electrónica,0.964,16,9013.01,Málaga,2020-04-17
CUST-00313,114,252.02,42,Juguetes,0.565,7,16171.73,Murcia,2019-07-17
CUST-00314,44,393.66,289,Libros,0.743,15,13765.96,Sevilla,2018-08-20
CUST-00315,140,414.29,187,Libros,0.542,1,57072.81,Barcelona,2020-06-22
CUST-00316,27,371.95,334,Juguetes,0.751,9,10919.66,Sevilla,2018-03-08
CUST-00317,90,433.17,44,Libros,0.439,3,38910.0,Murcia,2019-05-01
CUST-00318,110,95.5,71,Belleza,0.785,6,10766.54,Sevilla,2021-03-13
CUST-00319,138,96.66,360,Libros,0.293,18,7211.22,Málaga,2022-10-24
CUST-00320,106,460.6,141,Hogar,0.867,4,45468.63,Barcelona,2018-09-29
CUST-00321,83,416.81,346,Hogar,0.393,4,28357.12,Sevilla,2019-07-05
CUST-00322,116,51.63,47,Juguetes,0.403,8,5541.3,Zaragoza,2022-12-02
CUST-00323,125,173.74,1,Alimentación,0.869,2,20801.86,Málaga,2020-07-27
CUST-00324,137,207.89,219,Ropa,0.825,15,15427.64,Málaga,2022-08-24
CUST-00325,141,295.3,289,Belleza,0.852,10,45998.36,Bilbao,2022-04-11
CUST-00326,26,318.7,235,Electrónica,0.016,5,5776.79,Madrid,2018-01-02
CUST-00327,34,442.84,154,Deportes,0.159,8,5781.81,Zaragoza,2020-01-09
CUST-00328,96,337.29,332,Ropa,0.166,12,27945.22,Bilbao,2022-01-26
CUST-00329,24,356.29,0,Juguetes,0.213,2,3586.53,Sevilla,2019-04-09
CUST-00330,3,352.36,61,Electrónica,0.988,13,977.41,Murcia,2020-09-05
CUST-00331,99,58.33,52,Deportes,0.103,11,6311.08,Barcelona,2018-10-08
CUST-00332,37,48.18,288,Hogar,0.008,20,798.11,Zaragoza,2019-12-21
CUST-00333,106,313.8,226,Hogar,0.86,2,36819.71,Sevilla,2018-10-14
CUST-00334,90,482.18,161,Juguetes,0.791,7,23836.27,Barcelona,2018-06-22
CUST-00335,7,426.23,337,Libros,0.876,6,2285.37,Sevilla,2020-11-09
CUST-00336,76,328.39,122,Juguetes,0.495,3,12902.44,Sevilla,2021-07-30
CUST-00337,93,467.95,67,Electrónica,0.387,18,29539.94,Barcelona,2021-01-23
CUST-00338,19,23.09,34,Alimentación,0.014,6,147.34,Valencia,2018-05-04
CUST-00339,129,387.05,216,Libros,0.702,2,43762.34,Zaragoza,2021-01-06
CUST-00340,22,165.3,261,Libros,0.921,4,2846.55,Valencia,2020-03-11
CUST-00341,112,369.03,122,Libros,0.058,2,46793.92,Barcelona,2018-08-26
CUST-00342,80,338.05,336,Electrónica,0.741,3,8421.46,Murcia,2018-10-09
CUST-00343,128,477.21,267,Hogar,0.517,8,27503.58,Madrid,2018-09-17
CUST-00344,8,177.48,219,Ropa,0.272,2,761.96,Bilbao,2023-06-20
CUST-00345,117,262.73,28,Alimentación,0.5,18,13838.67,Barcelona,2018-11-19
CUST-00346,147,341.95,59,Ropa,0.228,16,15196.19,Bilbao,2022-10-25
CUST-00347,12,243.81,196,Deportes,0.92,5,3329.6,Madrid,2022-10-23
CUST-00348,58,171.07,213,Juguetes,0.916,10,5398.91,Madrid,2018-06-09
CUST-00349,129,341.56,26,Ropa,0.179,16,52136.45,Málaga,2023-05-08
CUST-00350,120,435.03,159,Ropa,0.327,17,37120.5,Zaragoza,2020-01-26
CUST-00351,145,395.49,318,Libros,0.243,11,47741.84,Sevilla,2020-10-07
CUST-00352,39,18.09,209,Deportes,0.024,17,431.62,Sevilla,2022-09-16
CUST-00353,1,383.08,192,Belleza,0.849,9,150.76,Madrid,2020-12-21
CUST-00354,126,481.17,72,Juguetes,0.712,2,20583.63,Sevilla,2019-04-20
CUST-00355,118,487.66,43,Belleza,0.581,16,24177.78,Zaragoza,2022-08-07
CUST-00356,146,45.21,339,Ropa,0.964,7,3712.93,Zaragoza,2022-10-09
CUST-00357,84,169.26,139,Juguetes,0.234,6,6007.05,Málaga,2022-04-27
CUST-00358,28,94.72,238,Hogar,0.314,3,2074.87,Barcelona,2023-05-30
CUST-00359,79,239.72,61,Alimentación,0.09,9,19766.37,Sevilla,2021-11-28
CUST-00360,84,86.94,364,Deportes,0.248,11,4795.27,Madrid,2018-04-11
CUST-00361,45,30.07,207,Libros,0.855,17,1316.98,Bilbao,2019-05-27
CUST-00362,27,404.89,71,Alimentación,0.121,1,11449.5,Barcelona,2019-04-01
CUST-00363,103,195.54,322,Deportes,0.938,2,16597.71,Valencia,2019-06-15
CUST-00364,17,110.91,330,Electrónica,0.443,4,721.72,Barcelona,2022-10-02
CUST-00365,11,472.01,25,Ropa,0.168,18,3581.73,Málaga,2022-01-23
CUST-00366,8,200.62,218,Alimentación,0.173,6,1793.5,Zaragoza,2019-07-18
CUST-00367,39,31.8,317,Alimentación,0.617,20,701.45,Bilbao,2020-04-23
CUST-00368,23,150.69,70,Electrónica,0.419,20,3799.24,Murcia,2020-12-12
CUST-00369,98,394.23,183,Electrónica,0.48,15,23552.8,Sevilla,2021-03-04
CUST-00370,70,102.21,163,Juguetes,0.597,0,7914.45,Málaga,2022-05-14
CUST-00371,121,271.77,299,Electrónica,1.0,5,12828.8,Bilbao,2021-09-07
CUST-00372,137,410.9,28,Libros,0.764,7,46054.84,Sevilla,2022-06-22
CUST-00373,45,100.41,303,Belleza,0.318,11,5072.33,Zaragoza,2018-02-27
CUST-00374,145,474.96,252,Hogar,0.542,5,51059.13,Málaga,2018-07-04
CUST-00375,57,24.67,244,Deportes,0.001,19,676.82,Madrid,2018-09-25
CUST-00376,83,43.88,75,Hogar,0.587,4,3630.86,Málaga,2022-09-30
CUST-00377,96,356.7,339,Ropa,0.396,3,20645.4,Málaga,2019-10-23
CUST-00378,112,399.04,249,Hogar,0.649,5,41852.93,Valencia,2021-02-24
CUST-00379,45,198.52,352,Deportes,0.295,5,8539.86,Málaga,2023-04-28
CUST-00380,47,307.16,313,Electrónica,0.221,18,5683.65,Zaragoza,2020-10-13
CUST-00381,20,130.43,163,Belleza,0.168,2,2711.63,Valencia,2021-10-04
CUST-00382,3,143.63,127,Alimentación,0.693,11,228.8,Málaga,2018-08-10
CUST-00383,99,227.54,214,Electrónica,0.969,13,16754.59,Madrid,2020-02-15
CUST-00384,26,416.97,295,Juguetes,0.651,7,4839.42,Málaga,2018-05-31
CUST-00385,6,169.58,53,Libros,0.074,5,1118.35,Madrid,2018-11-26
CUST-00386,87,303.1,314,Ropa,0.893,0,18147.39,Barcelona,2021-08-31
CUST-00387,41,40.97,169,Juguetes,0.206,6,1122.68,Valencia,2021-02-08
CUST-00388,77,130.21,25,Libros,0.393,17,10586.32,Bilbao,2018-11-11
CUST-00389,1,222.39,150,Belleza,0.824,20,186.85,Madrid,2019-02-13
CUST-00390,53,97.85,149,Electrónica,0.977,15,5494.06,Barcelona,2019-09-24
CUST-00391,126,449.02,135,Alimentación,0.091,17,36705.4,Zaragoza,2020-01-30
CUST-00392,48,231.2,134,Belleza,0.44,8,5588.95,Zaragoza,2019-07-05
CUST-00393,25,56.57,176,Hogar,0.808,13,1659.81,Madrid,2021-04-22
CUST-00394,100,411.93,214,Electrónica,0.966,15,33590.54,Sevilla,2019-04-28
CUST-00395,21,206.48,365,Libros,0.035,18,4814.82,Murcia,2022-06-28
CUST-00396,115,98.85,85,Ropa,0.972,6,4701.33,Valencia,2020-05-17
CUST-00397,52,498.68,321,Juguetes,0.148,19,13798.02,Barcelona,2023-02-09
CUST-00398,100,284.84,282,Ropa,0.326,8,21867.72,Barcelona,2023-02-22
CUST-00399,29,216.0,75,Juguetes,0.567,18,6154.63,Madrid,2023-04-09
CUST-00400,145,393.08,146,Ropa,0.867,11,62132.23,Barcelona,2019-06-25
CUST-00401,147,310.35,19,Alimentación,0.172,12,19592.93,Zaragoza,2021-05-31
CUST-00402,102,446.44,169,Electrónica,0.691,1,44224.27,Zaragoza,2023-03-01
CUST-00403,6,178.87,155,Belleza,0.311,15,1150.93,Bilbao,2021-11-03
CUST-00404,35,160.73,226,Deportes,0.774,10,3051.74,Barcelona,2020-05-03
CUST-00405,114,117.52,208,Deportes,0.741,16,14475.36,Barcelona,2022-08-09
CUST-00406,17,165.89,259,Hogar,0.403,16,3077.89,Madrid,2018-03-01
CUST-00407,52,420.93,127,Deportes,0.033,1,24651.28,Valencia,2021-12-14
CUST-00408,95,414.4,258,Libros,0.397,3,35945.22,Sevilla,2019-05-11
CUST-00409,115,101.13,242,Alimentación,0.587,11,7092.22,Málaga,2022-09-12
CUST-00410,73,28.31,25,Ropa,0.163,18,2070.45,Bilbao,2019-03-15
CUST-00411,53,145.51,209,Deportes,0.513,0,5604.24,Sevilla,2018-09-28
CUST-00412,58,137.41,156,Electrónica,0.713,20,4366.17,Valencia,2023-01-08
CUST-00413,118,137.22,238,Belleza,0.302,16,16870.08,Zaragoza,2020-03-24
CUST-00414,131,499.72,191,Electrónica,0.561,19,55522.39,Barcelona,2019-09-04
CUST-00415,17,178.1,141,Alimentación,0.641,8,1619.92,Barcelona,2021-12-27
CUST-00416,39,265.89,123,Deportes,0.9,19,6882.26,Bilbao,2019-10-17
CUST-00417,128,498.77,132,Electrónica,0.907,12,41462.39,Valencia,2018-03-14
CUST-00418,57,347.86,326,Belleza,0.785,11,15001.55,Sevilla,2022-09-28
CUST-00419,76,62.34,65,Hogar,0.741,17,4674.48,Valencia,2019-01-10
CUST-00420,57,187.31,157,Ropa,0.42,10,6774.5,Málaga,2021-04-14
CUST-00421,31,243.21,324,Alimentación,0.584,19,2745.09,Bilbao,2022-12-27
CUST-00422,98,271.97,211,Ropa,0.054,4,11291.0,Sevilla,2019-02-15
CUST-00423,146,448.03,234,Juguetes,0.143,5,65480.87,Málaga,2020-09-25
CUST-00424,81,322.73,2,Hogar,0.452,6,25750.95,Málaga,2018-12-12
CUST-00425,23,77.76,222,Alimentación,0.633,12,1227.12,Valencia,2020-09-04
CUST-00426,10,273.88,191,Electrónica,0.95,10,2687.21,Zaragoza,2020-12-23
CUST-00427,2,318.94,127,Electrónica,0.226,11,370.53,Sevilla,2018-07-30
CUST-00428,43,46.66,23,Libros,0.298,9,1425.2,Zaragoza,2020-12-01
CUST-00429,35,181.23,250,Juguetes,0.359,6,2844.19,Málaga,2023-02-01
CUST-00430,59,123.8,67,Electrónica,0.211,0,6067.77,Zaragoza,2018-12-13
CUST-00431,10,196.97,327,Belleza,0.256,17,1695.56,Barcelona,2021-05-01
CUST-00432,6,38.39,59,Ropa,0.417,12,94.72,Madrid,2019-06-02
CUST-00433,53,352.17,322,Hogar,0.009,13,16714.48,Murcia,2021-09-18
CUST-00434,108,417.87,53,Hogar,0.512,19,18321.01,Bilbao,2018-08-22
CUST-00435,51,310.37,134,Alimentación,0.831,6,9847.61,Barcelona,2020-04-19
CUST-00436,11,280.85,106,Hogar,0.688,15,1846.02,Bilbao,2018-01-06
CUST-00437,29,420.09,342,Ropa,0.494,2,12201.78,Madrid,2018-06-03
CUST-00438,60,236.52,151,Libros,0.264,1,5532.13,Barcelona,2018-12-24
CUST-00439,93,403.77,160,Libros,0.426,3,14475.71,Madrid,2022-04-02
CUST-00440,36,336.73,87,Electrónica,0.329,14,14056.76,Madrid,2019-07-04
CUST-00441,88,103.69,205,Belleza,0.4,14,4969.78,Barcelona,2020-02-29
CUST-00442,43,69.83,356,Juguetes,0.726,5,1181.08,Murcia,2023-02-10
CUST-00443,47,311.49,183,Alimentación,0.611,4,10757.08,Murcia,2020-09-26
CUST-00444,113,37.3,133,Juguetes,0.655,0,3937.19,Barcelona,2021-10-20
CUST-00445,133,268.71,358,Belleza,0.618,13,32005.26,Sevilla,2019-05-25
CUST-00446,99,87.1,285,Belleza,0.892,19,3010.34,Murcia,2021-08-10
CUST-00447,127,436.67,38,Alimentación,0.751,10,28660.37,Valencia,2023-06-10
CUST-00448,130,123.01,329,Electrónica,0.379,7,5931.93,Bilbao,2020-06-28
CUST-00449,128,231.83,60,Ropa,0.981,20,9376.83,Murcia,2020-04-06
CUST-00450,143,281.31,46,Electrónica,0.792,19,35150.01,Zaragoza,2022-12-28
CUST-00451,88,191.22,27,Alimentación,0.817,14,10075.81,Sevilla,2022-04-21
CUST-00452,116,70.3,337,Belleza,0.222,10,5052.92,Murcia,2021-07-21
CUST-00453,28,37.2,84,Belleza,0.492,13,412.75,Bilbao,2021-06-05
CUST-00454,31,466.15,201,Deportes,0.216,6,13657.44,Sevilla,2018-08-09
CUST-00455,32,389.49,230,Electrónica,0.457,18,14464.99,Zaragoza,2018-10-03
CUST-00456,136,372.06,283,Electrónica,0.935,18,37172.84,Murcia,2020-11-07
CUST-00457,33,65.22,336,Hogar,0.601,10,1622.16,Valencia,2020-02-27
CUST-00458,71,207.97,175,Deportes,0.97,14,15124.93,Zaragoza,2018-10-10
CUST-00459,141,432.44,364,Libros,0.737,17,53006.25,Zaragoza,2019-02-16
CUST-00460,89,461.78,67,Libros,0.981,20,48400.03,Sevilla,2018-12-31
CUST-00461,91,287.71,298,Ropa,0.571,13,23741.98,Málaga,2023-01-05
CUST-00462,4,268.52,12,Juguetes,0.381,1,970.14,Bilbao,2019-02-14
CUST-00463,74,346.44,74,Hogar,0.839,9,12397.86,Bilbao,2021-01-13
CUST-00464,116,64.7,345,Belleza,0.739,7,7266.32,Madrid,2021-02-23
CUST-00465,131,395.39,356,Deportes,0.288,1,58728.29,Zaragoza,2020-03-04
CUST-00466,142,41.09,128,Belleza,0.203,14,6108.93,Zaragoza,2023-02-10
CUST-00467,50,157.68,90,Deportes,0.983,2,3691.91,Málaga,2018-12-22
CUST-00468,11,222.83,284,Juguetes,0.264,5,2023.62,Barcelona,2019-06-07
CUST-00469,120,359.2,79,Belleza,0.04,10,36086.34,Madrid,2022-05-04
CUST-00470,147,281.83,37,Alimentación,0.784,10,32018.64,Bilbao,2023-05-14
CUST-00471,130,92.29,278,Ropa,0.537,2,7372.14,Valencia,2022-12-15
CUST-00472,85,189.99,111,Belleza,0.95,19,12555.14,Sevilla,2021-02-23
CUST-00473,89,231.15,328,Ropa,0.614,19,10686.19,Madrid,2018-03-23
CUST-00474,30,202.15,276,Juguetes,0.724,0,6793.47,Málaga,2022-08-11
CUST-00475,125,36.27,333,Alimentación,0.193,16,1696.13,Málaga,2018-07-16
CUST-00476,17,117.23,322,Electrónica,0.774,13,2096.74,Valencia,2019-02-26
CUST-00477,40,26.52,169,Ropa,0.038,2,370.05,Zaragoza,2022-06-15
CUST-00478,148,413.49,132,Ropa,0.408,14,53069.35,Bilbao,2020-06-05
CUST-00479,100,341.55,273,Electrónica,0.006,19,12190.39,Málaga,2022-03-08
CUST-00480,92,465.1,54,Ropa,0.29,9,36195.78,Madrid,2019-07-31
CUST-00481,102,413.73,15,Juguetes,0.474,17,21010.73,Murcia,2022-03-10
CUST-00482,37,159.56,331,Libros,0.373,0,4712.18,Zaragoza,2021-02-10
CUST-00483,11,17.44,305,Ropa,0.394,17,221.05,Valencia,2019-09-17
CUST-00484,55,215.14,330,Belleza,0.851,4,5263.88,Sevilla,2019-03-29
CUST-00485,30,102.96,290,Deportes,0.852,17,2208.92,Bilbao,2021-01-30
CUST-00486,18,136.58,101,Libros,0.726,15,2842.91,Barcelona,2020-01-02
CUST-00487,26,153.29,35,Deportes,0.9,10,2938.44,Valencia,2019-11-04
CUST-00488,145,289.93,161,Hogar,0.959,5,12794.77,Bilbao,2019-05-20
CUST-00489,71,422.45,68,Juguetes,0.68,10,32696.32,Sevilla,2020-08-05
CUST-00490,79,251.18,55,Belleza,0.176,19,7416.93,Murcia,2019-07-29
CUST-00491,68,370.77,320,Deportes,0.076,2,27806.58,Valencia,2022-10-06
CUST-00492,55,454.56,282,Juguetes,0.261,17,18122.92,Madrid,2022-05-07
CUST-00493,101,123.3,301,Belleza,0.733,9,5236.53,Valencia,2020-10-23
CUST-00494,94,258.55,339,Juguetes,0.239,19,22256.0,Barcelona,2022-03-31
CUST-00495,41,101.89,289,Alimentación,0.659,4,4020.11,Valencia,2020-09-17
CUST-00496,57,384.31,118,Electrónica,0.063,11,11185.4,Málaga,2021-10-01
CUST-00497,100,242.79,232,Belleza,0.882,1,28710.67,Sevilla,2019-10-26
CUST-00498,68,295.64,291,Libros,0.174,20,12879.66,Barcelona,2021-04-18
CUST-00499,97,486.75,114,Libros,0.516,11,48891.49,Barcelona,2019-12-08
CUST-00500,2,258.39,71,Alimentación,0.44,7,190.89,Murcia,2021-08-10
CUST-00501,39,105.65,185,Deportes,0.602,3,3687.71,Bilbao,2020-04-29
CUST-00502,124,342.49,245,Ropa,0.211,5,37480.1,Málaga,2020-04-21
CUST-00503,12,77.02,303,Deportes,0.161,20,703.7,Madrid,2022-12-30
CUST-00504,43,140.26,92,Electrónica,0.517,12,5062.7,Valencia,2021-02-28
CUST-00505,22,120.05,310,Libros,0.993,15,1197.77,Madrid,2022-08-28
CUST-00506,150,412.92,93,Hogar,0.623,16,33326.89,Zaragoza,2022-01-23
CUST-00507,18,126.46,197,Alimentación,0.132,0,1097.43,Málaga,2022-10-27
CUST-00508,25,101.05,314,Hogar,0.6,17,1902.26,Zaragoza,2018-08-29
CUST-00509,34,452.46,276,Alimentación,0.828,20,10589.28,Barcelona,2020-05-11
CUST-00510,136,223.04,246,Electrónica,0.79,12,18669.2,Málaga,2022-07-06
CUST-00511,35,138.44,119,Juguetes,0.91,2,2688.91,Barcelona,2022-12-01
CUST-00512,49,17.65,3,Libros,0.578,3,664.02,Zaragoza,2020-02-08
CUST-00513,105,190.7,79,Belleza,0.426,18,10577.8,Sevilla,2022-10-17
CUST-00514,71,496.02,203,Belleza,0.755,13,28064.57,Zaragoza,2021-02-15
CUST-00515,95,286.16,247,Hogar,0.254,9,22288.77,Murcia,2022-05-05
CUST-00516,31,377.69,228,Hogar,0.783,5,4569.21,Zaragoza,2020-11-07
CUST-00517,141,312.8,350,Belleza,0.707,5,28676.65,Zaragoza,2021-07-26
CUST-00518,38,243.76,307,Ropa,0.435,2,4972.15,Madrid,2020-01-30
CUST-00519,99,466.38,205,Electrónica,0.614,16,25755.56,Barcelona,2023-05-28
CUST-00520,127,227.9,103,Hogar,0.851,16,16133.17,Madrid,2018-03-10
CUST-00521,10,189.47,335,Hogar,0.0,5,716.5,Sevilla,2019-07-20
CUST-00522,102,211.64,102,Belleza,0.518,2,24334.47,Zaragoza,2021-01-30
CUST-00523,89,482.19,141,Belleza,0.226,6,30438.82,Bilbao,2020-04-07
CUST-00524,45,212.46,54,Libros,0.559,16,5400.14,Madrid,2023-04-24
CUST-00525,138,409.38,294,Libros,0.25,14,66067.42,Barcelona,2021-02-27
CUST-00526,87,481.2,234,Deportes,0.682,18,45038.6,Murcia,2020-09-14
CUST-00527,18,200.6,112,Libros,0.677,7,3683.54,Barcelona,2020-04-24
CUST-00528,68,135.4,47,Electrónica,0.399,10,3392.17,Málaga,2023-03-23
CUST-00529,81,186.47,293,Alimentación,0.269,6,11314.45,Valencia,2019-02-13
CUST-00530,68,115.29,103,Deportes,0.835,19,4863.96,Sevilla,2022-05-15
CUST-00531,21,342.77,339,Ropa,0.493,0,7110.49,Barcelona,2021-01-13
CUST-00532,96,316.02,252,Alimentación,0.898,18,32822.35,Madrid,2020-10-02
CUST-00533,102,122.71,295,Libros,0.128,16,12758.52,Valencia,2020-09-06
CUST-00534,101,432.29,89,Belleza,0.457,3,40536.02,Madrid,2020-07-31
CUST-00535,4,341.94,194,Electrónica,0.581,10,855.45,Málaga,2022-11-01
CUST-00536,141,142.48,137,Hogar,0.471,19,12230.33,Bilbao,2019-01-12
CUST-00537,54,218.26,190,Juguetes,0.365,12,6501.96,Murcia,2019-01-04
CUST-00538,26,364.6,120,Deportes,0.555,12,4516.62,Valencia,2022-06-27
CUST-00539,3,100.65,255,Alimentación,0.134,20,231.08,Valencia,2022-01-15
CUST-00540,77,136.72,290,Alimentación,0.048,3,9700.92,Málaga,2018-05-03
CUST-00541,122,421.9,49,Libros,0.45,10,27475.25,Sevilla,2020-01-08
CUST-00542,6,214.7,179,Belleza,0.867,19,617.13,Bilbao,2021-03-25
CUST-00543,91,172.67,261,Libros,0.487,14,17294.78,Valencia,2020-02-20
CUST-00544,38,436.1,327,Alimentación,0.808,10,11262.77,Bilbao,2021-06-08
CUST-00545,21,93.57,116,Ropa,0.313,20,1104.75,Zaragoza,2019-07-02
CUST-00546,114,393.77,185,Libros,0.748,16,52474.96,Zaragoza,2020-04-27
CUST-00547,6,75.64,120,Hogar,0.662,2,222.16,Valencia,2020-03-24
CUST-00548,17,469.34,242,Ropa,0.548,0,7929.63,Barcelona,2020-12-09
CUST-00549,68,314.78,43,Ropa,0.655,12,12381.39,Barcelona,2019-05-22
CUST-00550,33,78.67,87,Alimentación,0.029,11,2789.08,Bilbao,2019-10-29
CUST-00551,139,468.41,280,Alimentación,0.445,17,29906.71,Murcia,2021-05-08
CUST-00552,135,325.3,273,Juguetes,0.31,11,32211.43,Murcia,2019-04-11
CUST-00553,79,192.4,133,Alimentación,0.156,0,4561.14,Barcelona,2022-07-28
CUST-00554,74,242.56,4,Belleza,0.688,15,20682.45,Valencia,2020-09-04
CUST-00555,111,402.01,305,Electrónica,0.231,0,35403.57,Bilbao,2019-01-22
CUST-00556,102,136.2,330,Juguetes,0.39,12,6925.82,Zaragoza,2018-06-12
CUST-00557,133,385.8,313,Deportes,0.808,8,28539.87,Zaragoza,2022-03-02
CUST-00558,49,428.94,93,Juguetes,0.137,3,18353.04,Bilbao,2021-06-19
CUST-00559,126,106.08,9,Libros,0.152,17,4276.05,Murcia,2023-06-15
CUST-00560,69,75.64,224,Libros,0.727,7,1989.43,Barcelona,2018-01-31
CUST-00561,88,218.82,255,Deportes,0.998,14,17855.11,Murcia,2018-03-06
CUST-00562,38,42.18,200,Ropa,0.071,15,742.83,Málaga,2023-01-09
CUST-00563,4,74.15,365,Juguetes,0.249,14,154.96,Bilbao,2018-03-10
CUST-00564,25,267.75,106,Alimentación,0.473,9,7648.24,Sevilla,2018-11-21
CUST-00565,65,248.4,152,Ropa,0.199,1,17393.96,Madrid,2019-03-23
CUST-00566,112,172.39,85,Deportes,0.794,18,7871.44,Barcelona,2022-06-05
CUST-00567,11,296.82,353,Electrónica,0.475,19,1434.95,Sevilla,2022-04-28
CUST-00568,41,257.46,351,Deportes,0.619,20,3737.27,Barcelona,2019-12-30
CUST-00569,33,251.6,162,Ropa,0.982,20,8145.28,Valencia,2022-07-08
CUST-00570,6,349.29,183,Deportes,0.724,8,2323.75,Murcia,2020-09-20
CUST-00571,139,353.06,97,Libros,0.567,17,30078.19,Murcia,2022-02-08
CUST-00572,142,92.77,271,Libros,0.155,9,13667.03,Murcia,2021-01-14
CUST-00573,1,391.32,259,Alimentación,0.379,5,428.35,Málaga,2021-06-23
CUST-00574,83,364.69,337,Deportes,0.967,12,14253.27,Málaga,2021-10-31
CUST-00575,73,171.46,328,Hogar,0.322,3,9648.79,Murcia,2018-05-17
CUST-00576,46,438.64,103,Hogar,0.107,6,7846.57,Madrid,2021-03-15
CUST-00577,135,317.63,302,Alimentación,0.256,11,21382.16,Zaragoza,2022-01-10
CUST-00578,54,333.04,40,Electrónica,0.468,20,6377.73,Barcelona,2021-02-16
CUST-00579,15,414.47,136,Belleza,0.529,2,6534.19,Zaragoza,2018-06-09
CUST-00580,26,366.71,272,Ropa,0.385,6,7375.6,Sevilla,2019-05-25
CUST-00581,28,386.65,295,Juguetes,0.358,14,10093.22,Valencia,2020-05-24
CUST-00582,47,281.73,258,Hogar,0.338,5,10334.98,Barcelona,2021-05-13
CUST-00583,81,281.79,166,Belleza,0.845,13,22545.75,Murcia,2020-05-31
CUST-00584,145,279.63,192,Deportes,0.766,8,25301.23,Málaga,2020-07-15
CUST-00585,1,367.26,145,Juguetes,0.596,16,154.83,Murcia,2022-12-29
CUST-00586,77,492.43,109,Electrónica,0.856,0,37703.67,Bilbao,2023-04-16
CUST-00587,25,33.3,182,Hogar,0.156,8,524.79,Bilbao,2021-04-07
CUST-00588,66,408.37,47,Deportes,0.57,18,30350.95,Sevilla,2022-02-12
CUST-00589,124,98.86,353,Belleza,0.703,3,10244.64,Barcelona,2019-09-08
CUST-00590,21,393.36,171,Juguetes,0.348,13,5574.8,Madrid,2022-11-13
CUST-00591,3,322.44,323,Deportes,0.382,9,746.72,Barcelona,2019-10-16
CUST-00592,129,353.42,78,Belleza,0.051,12,53521.14,Valencia,2022-03-22
CUST-00593,111,155.54,201,Deportes,0.148,10,6462.1,Barcelona,2021-03-16
CUST-00594,68,56.26,256,Juguetes,0.434,4,3771.47,Madrid,2020-09-11
CUST-00595,102,331.34,100,Alimentación,0.561,16,17629.07,Sevilla,2018-05-27
CUST-00596,83,347.1,294,Juguetes,0.09,13,19624.51,Bilbao,2019-12-15
CUST-00597,89,303.03,12,Belleza,0.77,5,32063.88,Sevilla,2021-06-16
CUST-00598,113,36.77,119,Hogar,0.2,11,1829.83,Murcia,2022-01-31
CUST-00599,14,132.88,317,Ropa,0.927,9,581.09,Barcelona,2021-11-21
CUST-00600,116,243.53,169,Libros,0.209,17,13861.67,Barcelona,2021-01-24
CUST-00601,37,352.11,342,Alimentación,0.018,18,14531.98,Bilbao,2020-12-14
CUST-00602,44,44.15,102,Libros,0.789,19,1057.07,Madrid,2020-08-10
CUST-00603,100,335.28,339,Ropa,0.852,11,36138.29,Madrid,2018-02-09
CUST-00604,60,490.2,260,Juguetes,0.977,3,32749.82,Bilbao,2020-09-19
CUST-00605,51,257.82,234,Hogar,0.561,0,4415.07,Barcelona,2023-03-04
CUST-00606,126,205.8,80,Belleza,0.018,11,16072.96,Bilbao,2019-09-12
CUST-00607,16,318.51,198,Libros,0.89,0,5859.17,Sevilla,2023-04-28
CUST-00608,39,180.77,201,Deportes,0.657,2,6746.18,Bilbao,2020-12-02
CUST-00609,62,292.86,218,Juguetes,0.971,19,10828.23,Sevilla,2021-01-15
CUST-00610,36,296.8,350,Deportes,0.8,4,6176.87,Valencia,2021-12-15
CUST-00611,38,333.27,289,Juguetes,0.917,10,4572.21,Valencia,2020-12-27
CUST-00612,82,422.17,74,Hogar,0.727,10,37806.9,Barcelona,2020-04-27
CUST-00613,114,376.62,326,Libros,0.933,8,18752.21,Zaragoza,2019-01-20
CUST-00614,48,27.71,313,Hogar,0.617,19,1077.82,Barcelona,2019-04-18
CUST-00615,7,189.24,352,Deportes,0.78,4,996.28,Sevilla,2021-05-23
CUST-00616,48,428.28,251,Belleza,0.474,5,9742.87,Murcia,2018-03-08
CUST-00617,70,475.85,113,Electrónica,0.742,6,32709.89,Zaragoza,2018-05-16
CUST-00618,126,348.61,234,Alimentación,0.888,13,29182.8,Valencia,2018-03-27
CUST-00619,101,311.58,292,Belleza,0.594,16,27606.83,Zaragoza,2021-12-13
CUST-00620,116,236.6,21,Ropa,0.878,7,21046.17,Madrid,2020-03-21
CUST-00621,133,386.1,25,Juguetes,0.19,14,33801.27,Madrid,2019-09-16
CUST-00622,43,219.89,313,Alimentación,0.919,16,10526.63,Bilbao,2020-08-07
CUST-00623,129,69.89,299,Ropa,0.938,17,3802.65,Murcia,2020-04-26
CUST-00624,7,101.76,302,Alimentación,0.897,6,779.49,Málaga,2018-07-04
CUST-00625,42,363.41,63,Belleza,0.091,14,13289.15,Bilbao,2018-06-24
CUST-00626,97,281.92,22,Hogar,0.768,10,22121.53,Zaragoza,2021-09-12
CUST-00627,38,101.75,364,Hogar,0.051,9,2237.03,Valencia,2022-04-24
CUST-00628,47,72.01,67,Libros,0.96,0,2911.67,Murcia,2019-06-03
CUST-00629,128,429.87,278,Alimentación,0.807,19,60219.36,Madrid,2019-05-03
CUST-00630,117,213.92,40,Alimentación,0.601,0,13020.95,Sevilla,2021-01-25
CUST-00631,13,104.65,28,Deportes,0.653,1,586.13,Bilbao,2018-03-08
CUST-00632,23,38.78,213,Belleza,0.994,5,807.1,Bilbao,2021-06-05
CUST-00633,149,189.69,18,Alimentación,0.093,9,16690.9,Valencia,2023-01-13
CUST-00634,110,424.01,33,Ropa,0.293,4,19114.5,Zaragoza,2022-10-27
CUST-00635,135,215.67,107,Belleza,0.696,19,10259.3,Bilbao,2021-03-16
CUST-00636,74,222.12,162,Alimentación,0.26,18,19650.65,Barcelona,2019-12-26
CUST-00637,134,368.65,254,Alimentación,0.493,5,54106.7,Valencia,2019-04-22
CUST-00638,1,72.33,238,Deportes,0.625,3,69.71,Bilbao,2019-03-01
CUST-00639,12,176.89,286,Juguetes,0.806,6,658.39,Zaragoza,2019-02-17
CUST-00640,18,164.27,259,Libros,0.55,0,1190.0,Bilbao,2019-11-14
CUST-00641,146,313.76,14,Juguetes,0.832,6,27369.17,Málaga,2019-11-24
CUST-00642,10,328.14,246,Alimentación,0.155,14,3618.9,Murcia,2021-01-04
CUST-00643,106,464.98,28,Alimentación,0.835,9,39846.71,Málaga,2021-10-20
CUST-00644,54,295.04,169,Electrónica,0.8,11,5729.07,Málaga,2018-11-02
CUST-00645,87,492.06,320,Electrónica,0.534,5,34841.72,Bilbao,2020-03-08
CUST-00646,79,357.05,161,Ropa,0.71,8,18968.68,Valencia,2020-10-14
CUST-00647,116,417.29,154,Belleza,0.216,9,22146.14,Sevilla,2020-02-06
CUST-00648,24,230.23,12,Deportes,0.799,16,2423.88,Madrid,2019-11-28
CUST-00649,84,84.5,50,Libros,0.822,16,6452.41,Murcia,2018-09-29
CUST-00650,118,202.98,267,Electrónica,0.116,9,27283.4,Sevilla,2021-11-08
CUST-00651,120,446.26,52,Belleza,0.521,9,17148.82,Barcelona,2022-04-03
CUST-00652,83,112.27,146,Deportes,0.277,10,9276.56,Bilbao,2021-10-06
CUST-00653,39,91.39,58,Libros,0.015,19,2864.42,Barcelona,2018-07-29
CUST-00654,141,169.47,72,Belleza,0.943,9,19514.66,Sevilla,2018-12-17
CUST-00655,87,277.18,25,Libros,0.13,15,26838.73,Barcelona,2018-04-14
CUST-00656,14,56.77,200,Juguetes,0.179,19,875.97,Barcelona,2021-07-13
CUST-00657,80,176.18,101,Belleza,0.713,17,5224.67,Murcia,2023-03-05
CUST-00658,24,409.23,357,Hogar,0.468,14,5690.12,Murcia,2021-08-12
CUST-00659,60,474.51,73,Alimentación,0.861,19,15153.41,Murcia,2020-01-15
CUST-00660,85,397.56,166,Hogar,0.453,0,12125.75,Zaragoza,2018-08-20
CUST-00661,119,425.2,144,Alimentación,0.768,19,41349.87,Málaga,2020-11-06
CUST-00662,28,173.05,332,Juguetes,0.071,9,3776.85,Barcelona,2020-03-31
CUST-00663,63,280.76,246,Deportes,0.384,10,8621.33,Zaragoza,2021-11-22
CUST-00664,146,396.85,278,Juguetes,0.694,5,51934.67,Zaragoza,2018-06-09
CUST-00665,119,172.81,49,Ropa,0.822,5,11870.43,Murcia,2020-04-11
CUST-00666,98,173.79,330,Ropa,0.66,2,8445.04,Barcelona,2018-10-12
CUST-00667,39,234.69,149,Hogar,0.39,18,6429.4,Madrid,2019-02-26
CUST-00668,146,400.26,347,Libros,0.305,13,55283.02,Málaga,2023-02-18
CUST-00669,150,18.94,261,Ropa,0.404,4,3032.07,Málaga,2018-05-08
CUST-00670,1,356.13,183,Electrónica,0.11,9,384.3,Málaga,2019-04-27
CUST-00671,82,360.21,207,Juguetes,0.382,17,14476.03,Zaragoza,2018-12-22
CUST-00672,49,284.38,184,Hogar,0.84,4,7798.14,Murcia,2022-11-23
CUST-00673,3,49.8,8,Hogar,0.144,15,133.28,Valencia,2023-06-20
CUST-00674,36,326.49,212,Ropa,0.86,19,13367.18,Valencia,2021-06-30
CUST-00675,131,220.7,230,Alimentación,0.385,7,13507.89,Valencia,2021-05-23
CUST-00676,61,360.38,137,Alimentación,0.411,17,17998.01,Madrid,2018-03-10
CUST-00677,95,69.88,246,Alimentación,0.962,2,2840.52,Madrid,2022-02-06
CUST-00678,133,52.94,312,Alimentación,0.088,15,6108.76,Bilbao,2021-09-21
CUST-00679,14,453.24,273,Libros,0.779,15,4496.52,Barcelona,2023-01-30
CUST-00680,108,186.16,150,Belleza,0.289,1,18608.36,Murcia,2021-05-08
CUST-00681,16,320.21,296,Libros,0.169,1,4563.31,Bilbao,2019-08-21
CUST-00682,125,55.02,258,Libros,0.077,8,3623.38,Madrid,2021-06-15
CUST-00683,66,21.89,57,Libros,0.604,18,1394.28,Bilbao,2021-09-11
CUST-00684,45,141.71,358,Belleza,0.236,5,6500.88,Murcia,2022-11-01
CUST-00685,22,484.16,304,Belleza,0.934,4,11225.13,Madrid,2022-03-22
CUST-00686,61,335.42,326,Juguetes,0.167,18,19661.12,Zaragoza,2019-12-08
CUST-00687,30,40.47,237,Libros,0.399,9,884.64,Madrid,2023-04-27
CUST-00688,100,245.18,74,Juguetes,0.53,13,7617.17,Sevilla,2023-03-14
CUST-00689,81,481.45,349,Juguetes,0.956,3,43908.83,Murcia,2021-07-29
CUST-00690,70,177.46,136,Juguetes,0.802,8,11042.2,Málaga,2020-03-12
CUST-00691,50,267.18,346,Deportes,0.69,5,7774.17,Murcia,2018-01-22
CUST-00692,4,214.46,268,Ropa,0.104,14,528.74,Madrid,2022-01-25
CUST-00693,50,31.51,317,Libros,0.092,19,1403.68,Bilbao,2022-09-08
CUST-00694,31,56.9,309,Ropa,0.13,20,1427.81,Sevilla,2023-06-04
CUST-00695,48,137.87,239,Ropa,0.66,2,5789.89,Valencia,2023-03-05
CUST-00696,83,139.81,37,Juguetes,0.277,1,7479.15,Bilbao,2019-11-13
CUST-00697,68,101.3,35,Libros,0.492,6,5850.12,Madrid,2019-01-01
CUST-00698,37,277.21,220,Ropa,0.218,20,4057.83,Murcia,2020-06-23
CUST-00699,9,50.37,292,Ropa,0.728,14,143.65,Bilbao,2020-10-16
CUST-00700,10,337.33,136,Electrónica,0.152,10,3758.38,Valencia,2021-03-22
CUST-00701,123,226.49,35,Alimentación,0.54,0,17995.93,Madrid,2021-11-12
CUST-00702,146,274.62,183,Ropa,0.333,9,26484.57,Murcia,2021-07-18
CUST-00703,137,428.87,174,Belleza,0.08,14,57839.07,Barcelona,2019-08-17
CUST-00704,142,34.08,196,Hogar,0.661,9,4482.67,Sevilla,2023-01-10
CUST-00705,125,56.16,323,Belleza,0.438,6,2990.16,Barcelona,2019-01-31
CUST-00706,126,203.55,276,Deportes,0.643,15,20018.9,Madrid,2022-09-05
CUST-00707,10,179.55,172,Electrónica,0.788,1,1193.93,Murcia,2019-03-10
CUST-00708,149,128.0,36,Hogar,0.037,4,14113.38,Murcia,2018-02-09
CUST-00709,63,355.13,66,Electrónica,0.014,20,7717.9,Murcia,2019-09-22
CUST-00710,44,420.15,32,Alimentación,0.818,3,7445.69,Barcelona,2021-05-03
CUST-00711,52,221.71,347,Ropa,0.402,3,13584.16,Sevilla,2021-03-25
CUST-00712,55,385.65,303,Belleza,0.173,2,8668.22,Valencia,2018-10-17
CUST-00713,95,283.4,224,Hogar,0.244,18,9063.06,Zaragoza,2018-07-24
CUST-00714,5,441.62,41,Hogar,0.006,5,2502.93,Zaragoza,2021-12-18
CUST-00715,122,350.79,105,Juguetes,0.143,8,32986.52,Bilbao,2020-04-23
CUST-00716,10,304.19,255,Hogar,0.612,2,2629.64,Sevilla,2022-05-22
CUST-00717,108,17.22,120,Belleza,0.192,16,2192.87,Bilbao,2021-06-21
CUST-00718,119,388.61,337,Deportes,0.208,1,21935.99,Málaga,2022-06-20
CUST-00719,128,100.52,343,Alimentación,0.923,1,11327.39,Valencia,2019-08-07
CUST-00720,65,177.13,232,Juguetes,0.043,1,13037.55,Sevilla,2018-12-27
CUST-00721,125,264.73,36,Electrónica,0.895,14,27579.44,Valencia,2019-10-30
CUST-00722,84,126.58,56,Deportes,0.326,3,5458.91,Zaragoza,2020-04-24
CUST-00723,57,50.66,299,Juguetes,0.484,13,1242.97,Sevilla,2023-03-16
CUST-00724,100,196.14,234,Hogar,0.72,20,12214.25,Murcia,2019-07-07
CUST-00725,33,30.57,291,Belleza,0.06,4,403.52,Sevilla,2020-08-11
CUST-00726,44,383.76,112,Juguetes,0.886,19,7448.32,Murcia,2022-06-16
CUST-00727,23,214.67,267,Deportes,0.489,6,4110.01,Valencia,2022-09-11
CUST-00728,4,369.06,126,Libros,0.248,13,1212.76,Murcia,2023-01-01
CUST-00729,107,490.39,20,Electrónica,0.991,16,17329.23,Valencia,2020-12-23
CUST-00730,26,234.43,123,Alimentación,0.083,0,5630.99,Zaragoza,2020-04-12
CUST-00731,92,158.46,331,Hogar,0.999,0,10668.48,Sevilla,2019-09-17
CUST-00732,147,377.43,12,Alimentación,0.976,14,55185.46,Valencia,2022-11-26
CUST-00733,95,319.0,360,Hogar,0.633,20,11019.77,Zaragoza,2023-01-04
CUST-00734,76,221.56,138,Electrónica,0.698,19,13272.01,Málaga,2022-06-16
CUST-00735,86,371.84,28,Ropa,0.515,11,35149.85,Sevilla,2018-08-16
CUST-00736,120,315.28,187,Belleza,0.366,20,30377.03,Zaragoza,2018-05-18
CUST-00737,86,130.74,58,Hogar,0.649,18,12188.31,Sevilla,2021-12-10
CUST-00738,83,186.07,136,Deportes,0.504,13,8485.3,Sevilla,2018-05-10
CUST-00739,116,250.82,269,Belleza,0.83,15,27315.74,Málaga,2021-10-21
CUST-00740,95,402.95,354,Alimentación,0.809,2,17973.28,Bilbao,2022-12-16
CUST-00741,21,204.48,91,Ropa,0.288,2,1710.88,Murcia,2019-07-20
CUST-00742,128,87.99,104,Hogar,0.521,20,3608.81,Barcelona,2020-05-03
CUST-00743,89,218.76,330,Alimentación,0.021,6,6943.94,Valencia,2022-11-21
CUST-00744,106,295.67,335,Belleza,0.646,10,23115.05,Sevilla,2021-09-25
CUST-00745,78,290.12,156,Alimentación,0.172,8,11407.55,Murcia,2020-02-01
CUST-00746,38,186.26,233,Electrónica,0.956,19,8010.17,Bilbao,2021-12-28
CUST-00747,45,422.08,354,Hogar,0.905,4,8454.61,Bilbao,2018-08-28
CUST-00748,148,76.34,133,Belleza,0.37,6,9109.14,Madrid,2018-03-13
CUST-00749,38,195.86,276,Belleza,0.975,17,4252.78,Málaga,2023-03-01
CUST-00750,128,387.73,234,Juguetes,0.928,4,15080.64,Madrid,2022-02-21
CUST-00751,122,449.55,293,Libros,0.667,18,52414.88,Málaga,2023-03-04
CUST-00752,29,369.85,20,Belleza,0.139,17,4345.91,Murcia,2018-02-20
CUST-00753,115,188.34,167,Deportes,0.055,20,10301.82,Zaragoza,2020-12-14
CUST-00754,51,25.94,275,Libros,0.849,2,1558.76,Sevilla,2020-03-18
CUST-00755,82,307.54,261,Alimentación,0.943,11,16588.64,Sevilla,2022-01-06
CUST-00756,99,195.82,145,Belleza,0.345,9,22871.26,Zaragoza,2022-11-26
CUST-00757,114,374.64,212,Deportes,0.804,9,19108.47,Barcelona,2022-01-30
CUST-00758,36,420.22,306,Juguetes,0.086,6,8666.91,Zaragoza,2022-11-12
CUST-00759,97,57.9,209,Ropa,0.639,8,3780.12,Málaga,2021-02-12
CUST-00760,52,105.21,195,Hogar,0.289,15,1849.22,Murcia,2022-08-20
CUST-00761,127,286.25,237,Libros,0.225,0,15945.54,Bilbao,2019-09-07
CUST-00762,74,217.32,251,Ropa,0.907,20,8366.9,Murcia,2018-09-02
CUST-00763,18,305.46,185,Alimentación,0.581,18,3807.35,Bilbao,2019-06-13
CUST-00764,96,263.58,294,Ropa,0.018,8,11299.67,Murcia,2018-04-30
CUST-00765,119,440.98,69,Belleza,0.357,1,28620.92,Valencia,2020-05-09
CUST-00766,75,156.46,327,Electrónica,0.936,16,5567.24,Málaga,2021-07-10
CUST-00767,43,278.7,161,Ropa,0.827,9,6523.1,Valencia,2021-11-30
CUST-00768,137,296.32,73,Ropa,0.013,16,22460.7,Málaga,2022-05-14
CUST-00769,88,461.64,83,Juguetes,0.102,4,30591.92,Murcia,2022-08-31
CUST-00770,107,238.34,39,Ropa,0.117,4,28844.95,Sevilla,2020-09-09
CUST-00771,93,82.42,226,Libros,0.89,19,5908.3,Málaga,2023-06-10
CUST-00772,78,28.95,60,Hogar,0.222,4,2075.74,Málaga,2019-09-22
CUST-00773,34,490.84,217,Deportes,0.691,3,6174.13,Valencia,2022-05-06
CUST-00774,11,110.23,16,Juguetes,0.793,16,1011.08,Murcia,2020-08-18
CUST-00775,12,47.13,341,Libros,0.01,3,567.9,Barcelona,2023-02-28
CUST-00776,48,340.24,14,Deportes,0.091,8,18845.14,Sevilla,2019-12-14
CUST-00777,129,393.69,313,Hogar,0.242,18,18359.31,Málaga,2022-08-06
CUST-00778,50,482.67,87,Deportes,0.902,17,7334.07,Madrid,2022-01-25
CUST-00779,130,427.88,243,Deportes,0.366,18,25955.08,Barcelona,2021-10-11
CUST-00780,91,490.93,217,Hogar,0.214,7,29789.94,Barcelona,2022-04-09
CUST-00781,120,68.5,69,Ropa,0.496,11,7679.6,Málaga,2021-02-15
CUST-00782,84,254.45,197,Ropa,0.284,19,20573.5,Madrid,2021-11-08
CUST-00783,142,212.53,219,Deportes,0.189,2,33356.51,Murcia,2022-07-02
CUST-00784,46,21.2,345,Belleza,0.492,3,640.45,Murcia,2020-12-06
CUST-00785,37,206.48,355,Ropa,0.591,3,7389.86,Barcelona,2023-01-02
CUST-00786,94,487.98,173,Ropa,0.2,12,18829.04,Valencia,2022-09-13
CUST-00787,72,385.94,297,Alimentación,0.594,20,31925.34,Zaragoza,2019-12-31
CUST-00788,125,263.04,75,Juguetes,0.768,3,13479.85,Murcia,2020-09-29
CUST-00789,35,29.42,27,Deportes,0.83,15,937.33,Murcia,2023-06-14
CUST-00790,84,89.08,318,Juguetes,0.623,2,6696.83,Valencia,2020-11-30
CUST-00791,52,157.38,254,Alimentación,0.49,8,6450.39,Murcia,2022-07-16
CUST-00792,111,441.86,60,Electrónica,0.384,10,52361.36,Madrid,2020-06-25
CUST-00793,9,100.78,337,Electrónica,0.86,9,994.3,Murcia,2018-12-03
CUST-00794,35,166.54,199,Juguetes,0.487,3,4732.89,Murcia,2020-10-01
CUST-00795,144,429.36,259,Alimentación,0.056,8,46075.47,Murcia,2023-06-12
CUST-00796,73,170.43,14,Belleza,0.59,4,13103.78,Zaragoza,2019-12-16
CUST-00797,98,62.21,176,Belleza,0.992,13,3756.36,Madrid,2021-09-16
CUST-00798,61,329.32,303,Deportes,0.085,2,21736.7,Sevilla,2018-08-23
CUST-00799,6,276.13,19,Hogar,0.461,13,1344.05,Málaga,2023-01-21
CUST-00800,6,352.54,301,Libros,0.022,10,1353.68,Zaragoza,2020-03-10
CUST-00801,126,63.53,345,Ropa,0.206,15,6023.53,Málaga,2022-04-16
CUST-00802,77,191.22,223,Hogar,0.202,20,15645.67,Málaga,2022-06-01
CUST-00803,74,143.6,152,Deportes,0.996,12,10882.95,Barcelona,2021-07-03
CUST-00804,87,147.58,290,Ropa,0.801,15,8787.27,Barcelona,2019-12-13
CUST-00805,130,405.0,221,Libros,0.663,10,25275.65,Barcelona,2020-04-03
CUST-00806,141,102.59,9,Alimentación,0.628,16,15570.89,Bilbao,2021-03-27
CUST-00807,120,144.95,326,Deportes,0.533,19,18568.05,Murcia,2023-02-01
CUST-00808,134,112.31,236,Electrónica,0.148,4,14624.99,Zaragoza,2022-04-17
CUST-00809,106,169.55,32,Juguetes,0.634,13,9709.38,Bilbao,2019-08-11
CUST-00810,61,211.84,58,Libros,0.15,0,6732.85,Valencia,2022-08-22
CUST-00811,125,286.52,223,Alimentación,0.422,1,17255.36,Bilbao,2019-07-13
CUST-00812,67,397.99,142,Electrónica,0.659,5,23461.88,Valencia,2018-03-28
CUST-00813,15,431.9,42,Electrónica,0.314,9,6999.73,Murcia,2023-01-19
CUST-00814,24,207.49,71,Belleza,0.236,18,4785.71,Zaragoza,2023-03-26
CUST-00815,128,444.01,121,Libros,0.6,10,33892.94,Barcelona,2021-04-11
CUST-00816,109,120.73,54,Deportes,0.175,8,9152.85,Zaragoza,2019-06-05
CUST-00817,137,196.73,57,Alimentación,0.316,13,19604.05,Madrid,2019-05-20
CUST-00818,93,245.48,188,Hogar,0.821,0,20109.67,Bilbao,2023-01-28
CUST-00819,62,137.7,196,Electrónica,0.309,11,9500.77,Madrid,2021-11-04
CUST-00820,114,203.41,201,Deportes,0.928,8,13236.12,Barcelona,2023-04-02
CUST-00821,54,431.82,82,Libros,0.916,20,13652.06,Sevilla,2022-07-22
CUST-00822,71,435.23,251,Electrónica,0.471,13,35037.4,Zaragoza,2019-11-13
CUST-00823,42,353.76,259,Ropa,0.066,13,12508.95,Zaragoza,2022-07-24
CUST-00824,8,384.56,328,Alimentación,0.642,20,2150.66,Málaga,2021-08-05
CUST-00825,103,112.04,156,Electrónica,0.314,2,4613.11,Valencia,2019-05-27
CUST-00826,82,233.97,68,Juguetes,0.261,18,20031.46,Valencia,2022-06-26
CUST-00827,22,216.03,93,Deportes,0.393,12,5466.9,Bilbao,2022-12-17
CUST-00828,6,462.71,331,Electrónica,0.612,7,3098.75,Sevilla,2023-06-19
CUST-00829,68,355.11,86,Deportes,0.05,19,16565.49,Murcia,2019-06-17
CUST-00830,95,97.51,290,Ropa,0.117,16,6407.0,Valencia,2023-02-28
CUST-00831,31,123.87,104,Alimentación,0.191,8,2147.18,Murcia,2020-10-09
CUST-00832,111,430.32,307,Hogar,0.216,9,45570.09,Zaragoza,2019-01-23
CUST-00833,105,399.34,14,Hogar,0.29,8,21465.88,Zaragoza,2020-07-12
CUST-00834,150,346.87,234,Belleza,0.086,15,21846.8,Sevilla,2019-10-25
CUST-00835,99,358.6,305,Deportes,0.256,3,28447.27,Zaragoza,2018-04-17
CUST-00836,121,455.49,310,Deportes,0.939,19,51730.79,Málaga,2022-07-17
CUST-00837,65,259.7,195,Electrónica,0.303,12,15262.26,Madrid,2018-09-28
CUST-00838,67,97.39,252,Hogar,0.93,14,2732.25,Madrid,2019-10-12
CUST-00839,67,71.67,22,Hogar,0.979,15,5207.71,Zaragoza,2022-09-06
CUST-00840,111,152.22,134,Belleza,0.613,8,12930.41,Bilbao,2020-06-11
CUST-00841,126,385.38,77,Belleza,0.556,20,49451.26,Valencia,2018-04-19
CUST-00842,14,126.48,18,Hogar,0.47,5,1656.27,Sevilla,2020-06-12
CUST-00843,11,229.14,363,Alimentación,0.561,14,1874.5,Barcelona,2022-09-29
CUST-00844,90,60.39,145,Ropa,0.181,5,5298.91,Valencia,2022-08-12
CUST-00845,150,499.03,2,Deportes,0.526,18,34621.1,Bilbao,2023-03-01
CUST-00846,128,343.3,168,Deportes,0.026,3,28771.41,Barcelona,2021-04-24
CUST-00847,40,29.0,235,Belleza,0.831,15,822.03,Barcelona,2023-05-11
CUST-00848,85,485.34,335,Electrónica,0.622,14,24439.8,Bilbao,2022-02-07
CUST-00849,13,403.76,144,Deportes,0.323,1,5088.37,Valencia,2021-01-25
CUST-00850,103,138.75,122,Ropa,0.965,12,5434.53,Zaragoza,2022-10-12
CUST-00851,100,393.05,145,Hogar,0.647,20,17243.94,Sevilla,2019-09-04
CUST-00852,80,453.31,308,Juguetes,0.131,3,38036.25,Murcia,2020-11-15
CUST-00853,115,444.43,243,Alimentación,0.268,19,34793.45,Sevilla,2022-03-30
CUST-00854,48,225.54,218,Belleza,0.093,16,6577.51,Zaragoza,2020-08-07
CUST-00855,127,270.73,331,Hogar,0.525,9,24803.59,Sevilla,2018-06-12
CUST-00856,39,492.33,350,Libros,0.903,7,14799.7,Murcia,2019-08-29
CUST-00857,12,264.01,261,Ropa,0.425,3,2275.31,Madrid,2022-01-15
CUST-00858,66,299.0,257,Belleza,0.016,14,9109.15,Bilbao,2019-01-09
CUST-00859,22,216.88,360,Electrónica,0.298,18,4540.83,Zaragoza,2022-04-01
CUST-00860,88,483.86,95,Libros,0.211,2,41401.35,Murcia,2021-05-22
CUST-00861,112,274.17,2,Ropa,0.395,0,13958.25,Bilbao,2020-09-04
CUST-00862,125,161.86,315,Juguetes,0.361,12,20721.65,Murcia,2018-06-29
CUST-00863,4,107.54,8,Hogar,0.696,6,461.61,Valencia,2019-03-05
CUST-00864,62,226.36,320,Hogar,0.858,17,6621.72,Murcia,2019-09-09
CUST-00865,122,219.61,59,Hogar,0.166,4,25852.09,Murcia,2020-06-30
CUST-00866,6,432.0,299,Alimentación,0.243,9,2105.97,Murcia,2022-09-04
CUST-00867,86,18.82,322,Electrónica,0.848,13,1912.34,Zaragoza,2022-10-04
CUST-00868,10,251.44,248,Libros,0.513,19,2870.82,Murcia,2023-01-28
CUST-00869,16,271.23,216,Deportes,0.576,17,1549.96,Murcia,2023-01-03
CUST-00870,30,254.97,330,Alimentación,0.347,13,2437.97,Zaragoza,2019-08-13
CUST-00871,89,227.48,259,Alimentación,0.22,10,22868.8,Sevilla,2022-10-14
CUST-00872,76,365.65,199,Hogar,0.96,20,26709.12,Murcia,2022-06-19
CUST-00873,54,151.99,44,Hogar,0.667,4,3742.29,Murcia,2018-11-17
CUST-00874,107,472.38,252,Ropa,0.304,6,40493.73,Murcia,2018-02-07
CUST-00875,92,343.31,89,Libros,0.828,16,10384.14,Málaga,2018-05-11
CUST-00876,30,314.52,61,Juguetes,0.562,15,5020.12,Málaga,2019-11-28
CUST-00877,143,144.73,77,Electrónica,0.853,16,17464.87,Málaga,2018-08-02
CUST-00878,118,481.88,56,Alimentación,0.975,19,48258.09,Madrid,2022-10-24
CUST-00879,130,66.12,322,Electrónica,0.118,6,9626.1,Barcelona,2018-11-18
CUST-00880,130,256.72,50,Alimentación,0.154,11,20062.43,Bilbao,2018-10-10
CUST-00881,113,485.27,3,Deportes,0.245,15,33295.47,Barcelona,2020-10-31
CUST-00882,69,195.63,212,Ropa,0.361,7,5891.41,Valencia,2022-03-24
CUST-00883,36,403.86,211,Deportes,0.918,14,16816.58,Zaragoza,2020-11-23
CUST-00884,114,85.61,5,Electrónica,0.718,16,11216.43,Málaga,2018-06-23
CUST-00885,103,491.24,84,Belleza,0.434,12,49751.38,Málaga,2021-09-14
CUST-00886,134,486.74,214,Electrónica,0.402,17,70844.86,Valencia,2022-01-17
CUST-00887,3,416.1,270,Belleza,0.61,4,1161.25,Málaga,2020-07-02
CUST-00888,89,445.52,332,Alimentación,0.405,6,43333.98,Sevilla,2018-06-22
CUST-00889,100,366.67,64,Belleza,0.52,17,20369.8,Madrid,2018-07-10
CUST-00890,41,26.36,276,Belleza,0.593,7,1133.72,Bilbao,2019-09-15
CUST-00891,16,423.17,132,Ropa,0.627,11,2785.69,Zaragoza,2022-03-30
CUST-00892,77,292.63,2,Alimentación,0.453,7,23092.42,Barcelona,2021-04-06
CUST-00893,77,153.0,293,Belleza,0.672,12,9044.27,Sevilla,2019-05-23
CUST-00894,133,297.45,184,Belleza,0.454,4,37206.04,Barcelona,2022-08-24
CUST-00895,24,45.16,66,Ropa,0.476,14,401.31,Zaragoza,2021-10-18
CUST-00896,68,298.39,325,Juguetes,0.423,14,18669.63,Zaragoza,2023-04-26
CUST-00897,42,85.01,65,Juguetes,0.485,14,1486.89,Murcia,2021-12-13
CUST-00898,117,244.58,80,Deportes,0.944,11,32322.4,Barcelona,2018-09-01
CUST-00899,31,194.25,148,Ropa,0.04,4,2444.64,Zaragoza,2019-09-17
CUST-00900,76,250.67,73,Libros,0.142,18,12946.65,Málaga,2023-04-03
CUST-00901,56,103.79,250,Libros,0.002,17,3567.46,Bilbao,2022-11-18
CUST-00902,124,292.93,289,Juguetes,0.452,10,36440.08,Madrid,2020-08-31
CUST-00903,130,323.68,230,Hogar,0.667,4,45432.51,Valencia,2019-10-29
CUST-00904,100,127.92,202,Juguetes,0.339,1,14867.78,Barcelona,2022-12-28
CUST-00905,23,434.99,362,Libros,0.025,20,10170.28,Murcia,2021-12-19
CUST-00906,144,56.3,316,Ropa,0.542,1,9417.03,Bilbao,2020-12-04
CUST-00907,129,449.98,61,Alimentación,0.658,17,26804.5,Sevilla,2018-02-08
CUST-00908,63,417.4,296,Deportes,0.444,17,22251.04,Bilbao,2020-04-02
CUST-00909,6,179.88,92,Alimentación,0.415,16,632.07,Madrid,2019-06-11
CUST-00910,26,277.76,146,Ropa,0.144,8,7160.19,Barcelona,2018-11-12
CUST-00911,44,43.57,166,Juguetes,0.181,1,1089.33,Bilbao,2018-07-22
CUST-00912,106,448.11,132,Hogar,0.376,3,16467.67,Málaga,2019-05-06
CUST-00913,131,379.91,197,Alimentación,0.949,8,17646.25,Sevilla,2020-08-09
CUST-00914,124,29.02,324,Ropa,0.234,0,1951.25,Zaragoza,2023-05-28
CUST-00915,143,331.0,64,Deportes,0.305,13,33198.61,Barcelona,2022-09-30
CUST-00916,96,277.11,86,Hogar,0.782,17,30788.51,Sevilla,2023-05-23
CUST-00917,1,409.13,317,Electrónica,0.289,5,122.94,Murcia,2023-03-27
CUST-00918,65,422.15,194,Libros,0.999,20,13486.05,Murcia,2022-09-18
CUST-00919,42,373.5,288,Electrónica,0.07,2,10287.13,Bilbao,2018-09-09
CUST-00920,111,117.26,258,Libros,0.957,10,14259.38,Valencia,2023-04-21
CUST-00921,116,147.41,339,Libros,0.983,10,8371.29,Málaga,2023-05-19
CUST-00922,35,328.52,1,Electrónica,0.609,0,12777.96,Málaga,2021-10-09
CUST-00923,143,449.21,360,Juguetes,0.489,12,50382.28,Valencia,2022-06-01
CUST-00924,114,341.04,180,Electrónica,0.972,12,40617.22,Barcelona,2020-01-04
CUST-00925,3,75.51,189,Hogar,0.936,14,69.87,Zaragoza,2022-03-02
CUST-00926,92,107.88,314,Libros,0.625,7,5069.99,Madrid,2020-10-08
CUST-00927,72,254.03,360,Electrónica,0.707,6,5604.5,Málaga,2022-08-09
CUST-00928,72,291.01,252,Ropa,0.17,6,18728.68,Zaragoza,2021-03-04
CUST-00929,33,376.8,65,Ropa,0.26,18,13303.95,Valencia,2022-12-10
CUST-00930,6,496.1,354,Deportes,0.678,19,1570.54,Bilbao,2021-02-21
CUST-00931,110,325.87,332,Electrónica,0.052,10,24708.2,Murcia,2020-04-13
CUST-00932,133,241.29,185,Ropa,0.517,1,35153.82,Bilbao,2019-04-05
CUST-00933,108,273.22,161,Libros,0.005,6,17741.1,Madrid,2022-12-08
CUST-00934,109,479.52,127,Deportes,0.197,10,30300.89,Madrid,2021-07-06
CUST-00935,123,224.5,12,Electrónica,0.593,20,31522.32,Barcelona,2022-09-18
CUST-00936,28,244.68,174,Deportes,0.833,10,5259.6,Bilbao,2019-04-30
CUST-00937,25,318.29,296,Alimentación,0.125,1,8952.25,Barcelona,2020-02-12
CUST-00938,33,45.07,226,Ropa,0.055,19,1284.39,Málaga,2018-05-15
CUST-00939,144,40.32,195,Electrónica,0.402,19,5671.19,Barcelona,2019-04-23
CUST-00940,99,240.14,219,Alimentación,0.88,19,9299.15,Madrid,2021-08-26
CUST-00941,133,174.17,98,Alimentación,0.108,0,19357.68,Madrid,2018-05-19
CUST-00942,131,139.3,215,Hogar,0.481,19,12776.76,Sevilla,2019-05-13
CUST-00943,16,76.93,299,Electrónica,0.436,20,1204.95,Valencia,2019-09-30
CUST-00944,121,164.71,175,Hogar,0.291,0,15264.57,Valencia,2021-09-08
CUST-00945,61,260.95,286,Electrónica,0.859,13,9700.95,Valencia,2023-06-23
CUST-00946,18,180.65,341,Deportes,0.476,14,2730.73,Sevilla,2019-11-10
CUST-00947,108,174.38,53,Libros,0.454,1,14055.81,Málaga,2023-02-28
CUST-00948,59,241.27,109,Deportes,0.239,10,14612.78,Madrid,2020-02-09
CUST-00949,48,415.65,3,Juguetes,0.363,2,12411.6,Sevilla,2021-02-10
CUST-00950,75,228.6,323,Hogar,0.586,11,5820.97,Barcelona,2018-03-02
CUST-00951,73,99.46,134,Deportes,0.719,10,7716.4,Sevilla,2019-05-19
CUST-00952,6,100.4,134,Deportes,0.911,0,631.5,Valencia,2018-10-09
CUST-00953,87,469.02,156,Ropa,0.456,11,41969.27,Zaragoza,2021-09-15
CUST-00954,17,72.47,66,Juguetes,0.795,6,960.09,Valencia,2021-11-23
CUST-00955,110,488.84,125,Belleza,0.921,19,44555.45,Málaga,2022-10-16
CUST-00956,84,134.88,322,Hogar,0.796,4,12081.69,Bilbao,2023-06-07
CUST-00957,21,395.56,339,Deportes,0.615,5,6294.47,Murcia,2022-03-19
CUST-00958,133,240.17,164,Alimentación,0.712,16,29548.79,Málaga,2022-01-05
CUST-00959,69,296.88,326,Alimentación,0.921,18,18124.13,Murcia,2019-03-01
CUST-00960,116,433.64,202,Deportes,0.219,13,55324.32,Sevilla,2021-03-16
CUST-00961,66,282.02,68,Belleza,0.752,9,13030.34,Valencia,2019-12-22
CUST-00962,120,263.45,172,Electrónica,0.426,14,21790.11,Sevilla,2020-01-23
CUST-00963,70,200.45,91,Belleza,0.442,8,12359.22,Murcia,2020-01-06
CUST-00964,129,263.7,329,Libros,0.078,8,38573.76,Barcelona,2018-07-21
CUST-00965,93,33.57,102,Ropa,0.334,10,1639.12,Barcelona,2022-03-07
CUST-00966,36,499.23,278,Deportes,0.912,0,17847.7,Bilbao,2019-08-01
CUST-00967,104,413.6,335,Juguetes,0.012,20,32750.4,Málaga,2022-04-08
CUST-00968,59,125.06,107,Juguetes,0.474,16,6111.67,Valencia,2021-02-05
CUST-00969,88,399.08,160,Alimentación,0.846,13,34877.35,Murcia,2021-11-30
CUST-00970,113,233.24,285,Deportes,0.03,4,21605.63,Zaragoza,2018-09-20
CUST-00971,128,408.04,181,Electrónica,0.34,13,35680.19,Bilbao,2022-03-22
CUST-00972,84,299.67,290,Libros,0.785,4,11033.57,Zaragoza,2023-05-06
CUST-00973,98,114.04,200,Juguetes,0.064,12,5247.15,Málaga,2018-08-11
CUST-00974,78,60.22,53,Alimentación,0.675,5,1544.68,Málaga,2021-11-12
CUST-00975,48,111.51,197,Electrónica,0.284,7,3008.07,Murcia,2020-12-09
CUST-00976,15,193.8,5,Alimentación,0.172,13,1895.35,Barcelona,2018-08-15
CUST-00977,123,375.42,199,Juguetes,0.955,6,19252.85,Valencia,2019-02-26
CUST-00978,122,92.01,294,Juguetes,0.939,18,5418.14,Bilbao,2022-01-07
CUST-00979,52,18.61,73,Libros,0.446,12,817.11,Murcia,2019-05-21
CUST-00980,118,239.41,20,Alimentación,0.737,9,24907.49,Málaga,2023-02-25
CUST-00981,77,204.68,89,Belleza,0.415,5,17493.5,Murcia,2022-02-10
CUST-00982,99,456.75,93,Alimentación,0.699,3,29581.61,Zaragoza,2023-04-21
CUST-00983,41,147.78,321,Deportes,0.538,2,5624.19,Madrid,2022-01-19
CUST-00984,106,496.31,283,Alimentación,0.121,11,19406.37,Sevilla,2018-08-04
CUST-00985,116,94.95,106,Juguetes,0.506,14,3569.11,Málaga,2021-08-01
CUST-00986,88,376.79,99,Juguetes,0.397,0,17425.77,Murcia,2021-12-23
CUST-00987,119,250.11,34,Belleza,0.083,7,28043.48,Valencia,2020-06-15
CUST-00988,72,423.16,87,Alimentación,0.838,19,11896.46,Valencia,2019-08-26
CUST-00989,44,52.63,5,Juguetes,0.677,4,1613.11,Barcelona,2018-12-31
CUST-00990,137,119.84,356,Electrónica,0.048,20,16916.54,Sevilla,2021-08-05
CUST-00991,79,230.33,306,Juguetes,0.005,12,18021.44,Barcelona,2023-03-18
CUST-00992,62,111.99,8,Belleza,0.422,0,4189.67,Sevilla,2019-01-29
CUST-00993,25,401.51,340,Deportes,0.168,5,3408.93,Barcelona,2020-11-15
CUST-00994,83,287.6,97,Belleza,0.625,17,15648.68,Barcelona,2020-05-26
CUST-00995,55,66.35,165,Deportes,0.174,12,3242.7,Barcelona,2018-01-25
CUST-00996,118,121.75,336,Deportes,0.815,20,12377.0,Zaragoza,2018-03-31
CUST-00997,106,161.24,306,Deportes,0.5,3,16087.8,Barcelona,2022-06-09
CUST-00998,25,305.94,323,Libros,0.696,4,4580.24,Valencia,2021-07-25
CUST-00999,18,177.53,311,Alimentación,0.912,14,2058.36,Málaga,2021-08-04
CUST-01000,60,25.29,63,Electrónica,0.309,13,1489.36,Sevilla,2021-06-23
CUST-01001,36,196.64,151,Electrónica,0.202,12,3425.88,Barcelona,2018-03-19
CUST-01002,85,80.12,162,Alimentación,0.644,1,5235.58,Sevilla,2020-04-29
CUST-01003,59,425.76,169,Electrónica,0.343,6,19728.63,Bilbao,2023-01-31
CUST-01004,98,267.91,93,Deportes,0.442,0,9403.43,Sevilla,2020-10-03
CUST-01005,14,322.67,72,Deportes,0.938,4,1728.27,Barcelona,2021-04-28
CUST-01006,130,52.91,239,Deportes,0.311,6,3579.69,Sevilla,2018-12-28
CUST-01007,74,294.56,325,Libros,0.201,15,8108.96,Sevilla,2023-06-15
CUST-01008,97,96.37,225,Juguetes,0.423,19,8987.39,Málaga,2022-04-07
CUST-01009,6,384.54,218,Alimentación,0.854,9,1928.08,Valencia,2018-11-09
CUST-01010,98,239.87,232,Libros,0.283,17,19873.57,Valencia,2018-05-28
CUST-01011,121,109.92,97,Hogar,0.004,16,12732.82,Málaga,2020-02-06
CUST-01012,107,471.04,191,Juguetes,0.384,9,44199.09,Murcia,2021-04-19
CUST-01013,10,496.35,63,Juguetes,0.385,18,2214.35,Barcelona,2022-04-12
CUST-01014,90,262.16,250,Libros,0.635,11,21867.52,Zaragoza,2021-08-26
CUST-01015,64,132.54,17,Juguetes,0.921,11,7361.65,Zaragoza,2021-10-17
CUST-01016,67,308.64,348,Hogar,0.147,7,17410.26,Madrid,2023-05-04
CUST-01017,30,388.92,329,Electrónica,0.712,12,7676.12,Valencia,2021-04-15
CUST-01018,109,95.42,218,Deportes,0.253,9,7806.64,Barcelona,2020-12-27
CUST-01019,106,379.94,45,Libros,0.109,18,40234.25,Zaragoza,2019-12-07
CUST-01020,54,466.06,203,Libros,0.699,0,29906.81,Valencia,2022-07-30
CUST-01021,25,48.87,356,Electrónica,0.418,13,1086.22,Murcia,2022-02-10
CUST-01022,46,196.71,360,Hogar,0.134,15,4196.64,Zaragoza,2023-04-27
CUST-01023,146,409.97,95,Alimentación,0.201,5,61547.19,Barcelona,2019-01-28
CUST-01024,113,319.02,319,Juguetes,0.109,20,16204.63,Bilbao,2019-08-24
CUST-01025,32,149.23,175,Juguetes,0.03,7,3486.53,Barcelona,2021-10-09
CUST-01026,16,144.05,3,Electrónica,0.665,1,892.32,Barcelona,2020-12-05
CUST-01027,134,493.64,136,Juguetes,0.932,15,64905.54,Madrid,2021-05-22
CUST-01028,95,345.7,175,Belleza,0.999,7,37665.65,Zaragoza,2021-09-24
CUST-01029,15,488.02,169,Juguetes,0.806,0,5206.4,Zaragoza,2021-12-01
CUST-01030,7,306.93,271,Hogar,0.279,7,1356.97,Zaragoza,2021-06-20
CUST-01031,49,16.52,326,Juguetes,0.958,10,254.96,Murcia,2020-01-08
CUST-01032,114,128.28,248,Belleza,0.4,19,14836.91,Madrid,2019-12-15
CUST-01033,26,371.12,150,Alimentación,0.607,4,10448.77,Zaragoza,2022-11-30
CUST-01034,128,401.46,154,Hogar,0.832,17,61073.19,Madrid,2020-08-14
CUST-01035,30,248.85,276,Alimentación,0.241,6,3384.78,Valencia,2023-04-18
CUST-01036,112,496.78,14,Ropa,0.16,10,61892.32,Barcelona,2022-04-19
CUST-01037,66,337.98,343,Deportes,0.123,4,25216.87,Bilbao,2021-07-21
CUST-01038,86,437.89,294,Ropa,0.766,19,13489.3,Murcia,2019-12-04
CUST-01039,144,483.63,223,Juguetes,0.808,7,37132.42,Zaragoza,2019-08-19
CUST-01040,23,180.02,303,Ropa,0.937,3,3376.77,Barcelona,2018-09-18
CUST-01041,148,372.41,159,Juguetes,0.062,17,25952.9,Málaga,2020-03-05
CUST-01042,94,401.8,64,Belleza,0.52,19,31412.58,Zaragoza,2018-08-07
CUST-01043,138,428.4,161,Electrónica,0.145,9,62281.78,Zaragoza,2020-10-20
CUST-01044,73,85.75,340,Hogar,0.849,1,5251.88,Murcia,2019-09-25
CUST-01045,147,246.97,110,Libros,0.495,12,12813.03,Barcelona,2022-07-18
CUST-01046,54,426.31,115,Hogar,0.7,1,26032.82,Málaga,2022-05-09
CUST-01047,101,160.06,337,Alimentación,0.912,5,19269.25,Valencia,2021-01-27
CUST-01048,109,343.78,178,Belleza,0.758,12,13663.83,Zaragoza,2022-01-28
CUST-01049,50,355.04,280,Libros,0.394,4,10492.79,Bilbao,2022-06-09
CUST-01050,118,332.5,295,Libros,0.138,15,22049.03,Madrid,2018-10-24
CUST-01051,51,371.63,4,Deportes,0.362,18,7424.95,Sevilla,2022-05-28
CUST-01052,110,344.53,86,Juguetes,0.926,3,23497.91,Valencia,2020-08-28
CUST-01053,31,490.43,332,Electrónica,0.338,13,17829.77,Valencia,2021-07-08
CUST-01054,9,72.62,203,Deportes,0.489,19,757.56,Zaragoza,2021-08-29
CUST-01055,119,434.47,332,Ropa,0.382,20,45904.9,Zaragoza,2020-01-23
CUST-01056,30,55.08,250,Ropa,0.641,16,830.23,Madrid,2021-04-16
CUST-01057,25,400.26,92,Libros,0.384,20,9330.69,Murcia,2019-09-04
CUST-01058,84,45.8,275,Ropa,0.185,0,2517.67,Valencia,2022-08-02
CUST-01059,133,421.01,275,Ropa,0.714,20,23051.77,Murcia,2022-03-23
CUST-01060,47,433.07,355,Ropa,0.18,17,14299.08,Sevilla,2019-10-06
CUST-01061,33,293.91,334,Electrónica,0.161,17,5151.0,Barcelona,2022-03-23
CUST-01062,32,260.48,186,Ropa,0.966,5,5674.26,Madrid,2023-04-20
CUST-01063,77,37.39,265,Deportes,0.905,9,2571.67,Madrid,2020-06-30
CUST-01064,81,268.49,180,Alimentación,0.606,16,10631.48,Valencia,2018-07-22
CUST-01065,10,106.22,153,Deportes,0.856,6,1233.94,Madrid,2021-05-18
CUST-01066,72,77.32,318,Belleza,0.422,17,2947.58,Sevilla,2020-02-21
CUST-01067,117,55.38,130,Juguetes,0.677,4,5068.97,Valencia,2018-05-25
CUST-01068,96,288.37,331,Deportes,0.821,19,12392.22,Bilbao,2022-08-10
CUST-01069,112,198.79,309,Belleza,0.247,8,9176.51,Valencia,2018-08-14
CUST-01070,85,325.49,185,Ropa,0.909,8,11943.6,Zaragoza,2022-06-23
CUST-01071,3,62.5,113,Libros,0.379,3,188.34,Sevilla,2018-09-10
CUST-01072,126,61.34,178,Libros,0.7,9,6155.16,Valencia,2021-05-29
CUST-01073,44,169.23,199,Electrónica,0.181,17,5930.87,Barcelona,2022-12-12
CUST-01074,33,140.64,351,Alimentación,0.514,4,4138.98,Zaragoza,2018-10-20
CUST-01075,14,460.44,327,Libros,0.974,7,5868.54,Zaragoza,2020-05-06
CUST-01076,113,493.33,239,Hogar,0.502,8,64518.23,Murcia,2020-12-02
CUST-01077,23,474.52,208,Libros,0.771,2,9508.34,Sevilla,2018-06-07
CUST-01078,43,294.03,43,Ropa,0.743,17,14370.74,Sevilla,2022-07-14
CUST-01079,131,467.23,69,Juguetes,0.48,16,56103.05,Madrid,2021-10-18
CUST-01080,4,313.9,3,Juguetes,0.714,17,1223.83,Barcelona,2019-05-16
CUST-01081,44,342.14,268,Alimentación,0.904,5,5534.06,Madrid,2022-09-16
CUST-01082,14,220.02,194,Belleza,0.17,3,1860.99,Valencia,2021-10-22
CUST-01083,75,160.1,150,Ropa,0.265,0,11577.91,Sevilla,2021-03-10
CUST-01084,79,465.62,329,Deportes,0.516,1,42002.63,Zaragoza,2023-01-02
CUST-01085,92,17.86,235,Electrónica,0.329,11,651.41,Murcia,2019-12-18
CUST-01086,91,19.3,220,Juguetes,0.492,2,1363.22,Valencia,2023-01-15
CUST-01087,32,457.86,3,Juguetes,0.156,8,7376.83,Valencia,2020-03-20
CUST-01088,94,222.75,93,Libros,0.536,8,8329.87,Málaga,2020-06-17
CUST-01089,36,186.56,222,Hogar,0.006,6,2683.77,Murcia,2019-08-07
CUST-01090,102,219.21,169,Hogar,0.901,5,20114.18,Madrid,2023-04-27
CUST-01091,31,219.23,281,Libros,0.496,4,4026.02,Murcia,2022-04-15
CUST-01092,34,68.22,55,Juguetes,0.793,4,1020.54,Zaragoza,2020-10-21
CUST-01093,14,343.98,175,Deportes,0.43,19,4640.85,Madrid,2020-06-08
CUST-01094,73,250.68,219,Libros,0.248,4,17500.38,Murcia,2019-01-18
CUST-01095,30,434.12,358,Libros,0.247,13,6232.72,Sevilla,2021-12-17
CUST-01096,49,496.39,302,Hogar,0.629,4,12318.34,Barcelona,2018-09-28
CUST-01097,71,495.34,74,Electrónica,0.426,19,16869.9,Zaragoza,2022-11-06
CUST-01098,105,269.61,358,Juguetes,0.633,7,14143.14,Madrid,2020-05-22
CUST-01099,131,222.13,26,Electrónica,0.304,8,18251.45,Murcia,2023-04-16
CUST-01100,64,170.12,24,Juguetes,0.182,0,3777.13,Málaga,2022-03-06
CUST-01101,74,243.95,310,Deportes,0.101,5,9514.23,Málaga,2020-10-03
CUST-01102,78,69.09,342,Belleza,0.014,17,5353.55,Málaga,2018-09-24
CUST-01103,93,375.32,301,Belleza,0.529,11,17955.95,Málaga,2019-07-20
CUST-01104,23,445.29,66,Juguetes,0.63,19,4181.87,Sevilla,2021-04-16
CUST-01105,115,463.87,38,Deportes,0.942,19,32466.23,Sevilla,2022-01-25
CUST-01106,137,364.57,22,Deportes,0.128,13,39729.42,Murcia,2019-06-02
CUST-01107,115,320.48,60,Belleza,0.911,2,27071.57,Málaga,2020-12-08
CUST-01108,71,352.9,66,Hogar,0.29,18,8887.68,Madrid,2023-06-15
CUST-01109,127,347.08,262,Juguetes,0.972,5,30589.63,Sevilla,2020-11-09
CUST-01110,103,309.5,105,Juguetes,0.184,5,25971.67,Zaragoza,2021-04-27
CUST-01111,129,358.26,268,Alimentación,0.259,7,26191.61,Madrid,2019-07-04
CUST-01112,58,37.12,121,Hogar,0.292,20,932.93,Barcelona,2022-12-15
CUST-01113,70,438.59,26,Hogar,0.642,7,36552.43,Bilbao,2019-03-07
CUST-01114,89,321.85,188,Electrónica,0.325,17,15400.35,Barcelona,2018-10-01
CUST-01115,84,492.85,320,Libros,0.816,11,20590.06,Zaragoza,2023-05-31
CUST-01116,66,486.23,275,Hogar,0.657,18,12701.64,Bilbao,2022-03-08
CUST-01117,142,114.99,226,Libros,0.221,8,7895.31,Zaragoza,2021-07-13
CUST-01118,115,127.39,222,Hogar,0.369,15,5630.26,Zaragoza,2019-01-07
CUST-01119,46,106.6,251,Hogar,0.943,5,4328.94,Murcia,2018-02-13
CUST-01120,46,411.49,351,Hogar,0.608,2,8123.56,Bilbao,2020-05-23
CUST-01121,104,63.61,269,Alimentación,0.137,0,5576.58,Sevilla,2020-02-13
CUST-01122,29,415.88,329,Electrónica,0.935,4,6313.79,Zaragoza,2018-06-21
CUST-01123,4,399.31,4,Hogar,0.958,3,1258.84,Bilbao,2022-08-03
CUST-01124,52,82.53,288,Ropa,0.892,5,2474.71,Málaga,2020-09-07
CUST-01125,15,278.61,136,Deportes,0.627,3,1333.51,Valencia,2018-04-02
CUST-01126,27,263.1,212,Libros,0.142,7,2284.56,Barcelona,2020-05-24
CUST-01127,91,332.85,115,Hogar,0.922,12,27808.34,Zaragoza,2022-01-04
CUST-01128,44,495.52,114,Alimentación,0.102,9,13552.17,Barcelona,2021-06-14
CUST-01129,93,462.81,43,Ropa,0.896,19,18765.7,Málaga,2020-05-27
CUST-01130,109,87.86,341,Hogar,0.687,19,9919.65,Málaga,2019-12-15
CUST-01131,128,335.94,135,Libros,0.811,2,43429.06,Barcelona,2022-10-31
CUST-01132,82,86.67,228,Hogar,0.721,15,7342.78,Valencia,2018-08-20
CUST-01133,38,58.87,65,Libros,0.182,12,1381.04,Zaragoza,2020-10-09
CUST-01134,106,306.85,325,Alimentación,0.333,20,36736.42,Zaragoza,2020-02-24
CUST-01135,138,273.88,272,Alimentación,0.536,7,24422.07,Zaragoza,2021-04-04
CUST-01136,23,129.07,1,Deportes,0.203,0,1858.82,Zaragoza,2020-08-28
CUST-01137,16,457.01,184,Ropa,0.849,4,4133.03,Valencia,2018-10-23
CUST-01138,54,416.49,28,Deportes,0.747,3,26220.43,Zaragoza,2021-12-12
CUST-01139,7,352.62,217,Juguetes,0.372,3,2212.8,Valencia,2018-06-01
CUST-01140,8,86.24,72,Hogar,0.079,2,214.72,Murcia,2022-08-30
CUST-01141,47,242.84,71,Hogar,0.748,9,8253.84,Zaragoza,2022-01-19
CUST-01142,4,154.08,79,Alimentación,0.06,20,202.71,Málaga,2022-03-19
CUST-01143,3,207.25,216,Hogar,0.68,14,496.62,Valencia,2022-08-26
CUST-01144,59,220.48,80,Libros,0.272,2,10007.96,Bilbao,2023-05-02
CUST-01145,103,315.24,112,Deportes,0.392,17,27423.12,Valencia,2018-06-08
CUST-01146,81,331.56,207,Alimentación,0.827,5,9378.36,Murcia,2020-01-31
CUST-01147,70,67.57,39,Deportes,0.363,10,1538.37,Zaragoza,2019-08-01
CUST-01148,17,117.78,5,Ropa,0.757,9,939.0,Valencia,2019-02-18
CUST-01149,69,56.24,291,Deportes,0.565,18,4609.5,Madrid,2020-09-17
CUST-01150,81,60.21,158,Electrónica,0.008,11,4762.46,Madrid,2023-05-18
CUST-01151,81,379.64,182,Deportes,0.974,3,18394.73,Zaragoza,2023-01-11
CUST-01152,7,299.78,195,Hogar,0.477,1,1177.46,Barcelona,2018-11-07
CUST-01153,24,477.12,118,Ropa,0.884,20,4886.96,Murcia,2022-01-11
CUST-01154,115,395.9,173,Belleza,0.291,19,48731.76,Valencia,2020-06-01
CUST-01155,62,116.28,312,Juguetes,0.607,4,5841.1,Madrid,2020-10-15
CUST-01156,37,386.66,158,Electrónica,0.547,2,10715.81,Barcelona,2020-07-20
CUST-01157,76,93.31,143,Hogar,0.577,11,2696.97,Málaga,2019-01-02
CUST-01158,122,489.56,226,Libros,0.65,4,68437.2,Murcia,2023-06-14
CUST-01159,94,431.62,205,Electrónica,0.409,19,45661.1,Murcia,2018-09-22
CUST-01160,132,424.75,160,Belleza,0.374,13,42350.11,Murcia,2019-06-23
CUST-01161,63,354.38,287,Electrónica,0.008,3,12538.13,Madrid,2018-11-21
CUST-01162,58,203.29,236,Ropa,0.669,11,8481.02,Zaragoza,2021-08-08
CUST-01163,22,102.43,55,Ropa,0.917,12,2234.07,Murcia,2019-02-13
CUST-01164,17,168.88,309,Belleza,0.486,15,1156.69,Zaragoza,2020-07-19
CUST-01165,121,85.57,109,Hogar,0.32,1,12311.18,Madrid,2022-05-05
CUST-01166,93,397.94,242,Electrónica,0.213,6,40014.19,Zaragoza,2023-05-06
CUST-01167,65,323.31,42,Libros,0.142,8,13965.86,Zaragoza,2019-09-03
CUST-01168,135,118.84,132,Juguetes,0.184,1,6147.78,Murcia,2023-01-21
CUST-01169,77,94.8,178,Belleza,0.942,15,5313.74,Zaragoza,2021-11-11
CUST-01170,91,457.61,292,Juguetes,0.389,0,33514.62,Valencia,2023-01-05
CUST-01171,149,314.01,165,Ropa,0.664,10,14633.63,Sevilla,2023-01-11
CUST-01172,128,434.19,58,Hogar,0.792,13,29817.94,Murcia,2022-01-19
CUST-01173,33,322.63,327,Alimentación,0.969,3,3543.65,Madrid,2022-03-08
CUST-01174,140,390.58,307,Juguetes,0.378,11,26727.45,Sevilla,2019-01-27
CUST-01175,94,22.85,157,Belleza,0.502,3,1996.23,Madrid,2021-08-21
CUST-01176,106,185.59,277,Juguetes,0.426,10,7909.19,Murcia,2018-12-27
CUST-01177,96,100.79,304,Juguetes,0.163,13,6225.5,Murcia,2022-09-27
CUST-01178,26,497.75,53,Libros,0.09,0,11060.25,Zaragoza,2020-04-22
CUST-01179,140,63.36,227,Alimentación,0.503,1,7991.69,Barcelona,2022-10-11
CUST-01180,58,391.79,282,Deportes,0.381,6,24330.58,Zaragoza,2023-05-01
CUST-01181,119,215.27,330,Belleza,0.704,12,7860.48,Barcelona,2020-02-07
CUST-01182,69,441.61,135,Libros,0.307,13,27605.92,Sevilla,2018-01-09
CUST-01183,4,27.73,191,Electrónica,0.841,16,115.14,Zaragoza,2021-05-13
CUST-01184,44,480.19,220,Belleza,0.242,12,10002.05,Málaga,2021-08-12
CUST-01185,148,223.11,325,Electrónica,0.39,5,21886.08,Zaragoza,2019-10-14
CUST-01186,60,63.3,64,Juguetes,0.504,20,3111.47,Valencia,2020-03-13
CUST-01187,83,113.82,47,Hogar,0.026,0,8181.2,Bilbao,2021-04-30
CUST-01188,140,461.49,40,Electrónica,0.572,0,62547.95,Valencia,2018-09-25
CUST-01189,48,131.27,113,Belleza,0.297,17,6656.4,Murcia,2022-01-27
CUST-01190,14,148.36,73,Libros,0.627,20,2464.03,Zaragoza,2022-11-11
CUST-01191,118,464.69,62,Ropa,0.107,9,29379.48,Barcelona,2019-01-05
CUST-01192,127,424.64,106,Ropa,0.391,15,54786.61,Barcelona,2020-04-27
CUST-01193,20,116.99,214,Alimentación,0.375,10,2036.09,Barcelona,2020-07-12
CUST-01194,77,19.92,91,Hogar,0.66,20,1297.61,Valencia,2018-03-06
CUST-01195,89,249.7,314,Belleza,0.6,0,9834.91,Barcelona,2022-02-27
CUST-01196,50,308.96,274,Ropa,0.023,16,15214.19,Bilbao,2019-03-19
CUST-01197,56,29.31,70,Ropa,0.22,4,887.7,Málaga,2020-09-13
CUST-01198,90,358.42,333,Ropa,0.294,15,22337.1,Sevilla,2023-04-23
CUST-01199,65,98.89,351,Deportes,0.846,8,7492.84,Zaragoza,2018-07-30
CUST-01200,53,477.57,249,Hogar,0.433,14,17246.14,Bilbao,2022-03-11
CUST-01201,28,309.54,219,Belleza,0.2,11,5517.18,Bilbao,2021-07-19
CUST-01202,43,446.38,261,Alimentación,0.253,13,10828.03,Barcelona,2022-08-21
CUST-01203,8,70.61,165,Juguetes,0.429,5,351.34,Málaga,2018-05-29
CUST-01204,96,85.34,160,Belleza,0.122,10,7532.83,Sevilla,2022-01-08
CUST-01205,120,290.22,164,Deportes,0.899,17,12523.98,Málaga,2019-08-04
CUST-01206,27,287.06,311,Deportes,0.946,2,6328.8,Sevilla,2021-08-16
CUST-01207,82,409.5,101,Juguetes,0.197,15,25143.48,Zaragoza,2019-07-17
CUST-01208,32,234.6,307,Ropa,0.327,12,3849.54,Zaragoza,2018-02-13
CUST-01209,148,494.16,236,Electrónica,0.284,12,24376.66,Bilbao,2020-12-28
CUST-01210,5,48.69,48,Belleza,0.83,13,231.5,Madrid,2019-07-17
CUST-01211,103,53.69,160,Belleza,0.494,1,3616.64,Málaga,2021-11-27
CUST-01212,32,423.89,316,Alimentación,0.103,7,4653.31,Murcia,2018-01-22
CUST-01213,83,432.77,223,Ropa,0.226,2,16955.77,Valencia,2023-01-22
CUST-01214,14,140.95,22,Electrónica,0.111,9,725.26,Málaga,2019-11-06
CUST-01215,44,463.56,298,Libros,0.461,4,11980.97,Zaragoza,2018-10-31
CUST-01216,32,268.06,123,Alimentación,0.578,15,10110.92,Zaragoza,2019-10-22
CUST-01217,24,142.95,151,Deportes,0.711,11,2753.78,Murcia,2022-11-23
CUST-01218,20,51.45,253,Deportes,0.06,0,929.65,Sevilla,2020-08-16
CUST-01219,125,65.7,106,Deportes,0.814,16,6262.32,Zaragoza,2019-10-04
CUST-01220,40,426.19,54,Alimentación,0.914,7,19179.02,Bilbao,2020-02-29
CUST-01221,103,106.16,142,Deportes,0.423,9,12644.03,Murcia,2021-03-28
CUST-01222,119,439.96,56,Hogar,0.241,14,24519.36,Barcelona,2018-02-28
CUST-01223,91,143.81,281,Alimentación,0.084,13,6423.73,Murcia,2020-03-23
CUST-01224,14,229.05,189,Belleza,0.098,20,2065.98,Zaragoza,2023-03-16
CUST-01225,76,106.88,90,Deportes,0.594,16,6877.67,Zaragoza,2020-11-28
CUST-01226,13,328.48,56,Ropa,0.22,1,4720.97,Zaragoza,2021-03-24
CUST-01227,17,273.08,141,Deportes,0.226,19,4315.36,Bilbao,2020-04-08
CUST-01228,26,121.65,354,Juguetes,0.268,6,1435.72,Zaragoza,2019-02-21
CUST-01229,74,370.93,48,Libros,0.185,19,20012.45,Málaga,2019-09-18
CUST-01230,81,345.5,85,Hogar,0.187,14,11968.01,Sevilla,2018-01-27
CUST-01231,86,25.1,135,Juguetes,0.881,5,1967.09,Murcia,2022-10-14
CUST-01232,122,297.83,250,Belleza,0.873,15,14477.69,Madrid,2022-08-05
CUST-01233,59,269.76,85,Libros,0.755,3,6207.07,Madrid,2022-07-05
CUST-01234,126,371.39,279,Alimentación,0.257,15,24716.4,Málaga,2020-07-28
CUST-01235,78,359.43,265,Belleza,0.775,19,20631.9,Madrid,2019-07-07
CUST-01236,106,430.29,337,Hogar,0.994,11,34119.07,Madrid,2019-05-16
CUST-01237,53,376.02,99,Belleza,0.921,12,17435.14,Zaragoza,2023-06-01
CUST-01238,135,99.85,347,Alimentación,0.349,10,8787.77,Bilbao,2020-05-04
CUST-01239,49,34.93,266,Libros,0.702,19,702.88,Bilbao,2022-06-17
CUST-01240,74,68.44,4,Belleza,0.499,4,3644.89,Murcia,2018-11-04
CUST-01241,78,251.11,33,Hogar,0.8,0,13876.55,Bilbao,2019-03-22
CUST-01242,14,251.86,2,Ropa,0.43,0,1216.17,Bilbao,2018-10-10
CUST-01243,129,337.68,287,Libros,0.155,2,41028.86,Málaga,2018-10-20
CUST-01244,150,460.36,148,Juguetes,0.219,15,78696.79,Sevilla,2019-05-25
CUST-01245,103,483.95,50,Juguetes,0.893,9,41738.51,Zaragoza,2018-12-21
CUST-01246,149,82.5,102,Belleza,0.25,13,9819.93,Zaragoza,2019-09-09
CUST-01247,77,289.83,321,Ropa,0.461,5,14246.43,Bilbao,2022-11-29
CUST-01248,36,270.39,355,Ropa,0.313,11,7023.51,Zaragoza,2020-05-25
CUST-01249,106,238.72,286,Juguetes,0.026,13,9605.17,Murcia,2018-10-15
CUST-01250,149,263.42,65,Deportes,0.621,18,42783.01,Bilbao,2018-04-20
CUST-01251,104,339.99,236,Hogar,0.807,16,25253.32,Zaragoza,2018-04-22
CUST-01252,70,417.5,332,Electrónica,0.107,19,11329.34,Barcelona,2019-08-19
CUST-01253,16,73.9,299,Belleza,0.674,1,1101.31,Murcia,2020-11-23
CUST-01254,35,123.42,345,Alimentación,0.64,4,2465.7,Valencia,2019-09-29
CUST-01255,52,70.63,0,Alimentación,0.153,3,2820.09,Madrid,2019-05-22
CUST-01256,122,26.96,258,Ropa,0.444,1,3728.02,Sevilla,2019-09-07
CUST-01257,48,412.83,279,Alimentación,0.26,19,18095.6,Zaragoza,2022-10-26
CUST-01258,38,323.56,94,Juguetes,0.142,7,5578.34,Barcelona,2022-02-27
CUST-01259,123,155.67,341,Alimentación,0.1,18,14239.31,Sevilla,2021-09-29
CUST-01260,99,353.36,54,Juguetes,0.464,13,15159.72,Bilbao,2019-08-04
CUST-01261,145,203.87,297,Ropa,0.303,20,26172.85,Murcia,2021-09-07
CUST-01262,91,481.96,239,Electrónica,0.882,14,24087.61,Murcia,2018-11-21
CUST-01263,90,452.74,268,Deportes,0.391,2,18623.12,Málaga,2018-11-07
CUST-01264,118,361.86,71,Belleza,0.278,9,48298.63,Málaga,2018-05-20
CUST-01265,121,308.83,92,Juguetes,0.576,16,37288.39,Murcia,2020-12-12
CUST-01266,83,300.59,297,Hogar,0.348,19,26119.02,Bilbao,2018-05-19
CUST-01267,41,127.38,340,Electrónica,0.106,15,3088.08,Madrid,2019-04-20
CUST-01268,45,368.16,196,Ropa,0.756,13,18723.23,Sevilla,2018-05-07
CUST-01269,10,425.7,37,Ropa,0.442,11,3600.91,Bilbao,2022-09-18
CUST-01270,83,67.22,230,Hogar,0.378,20,4554.92,Madrid,2019-02-14
CUST-01271,126,227.19,146,Libros,0.225,5,19770.7,Sevilla,2020-12-18
CUST-01272,150,26.76,342,Ropa,0.096,1,4130.44,Sevilla,2023-01-04
CUST-01273,105,290.62,36,Belleza,0.341,20,23659.55,Madrid,2019-01-25
CUST-01274,129,185.77,316,Alimentación,0.9,4,24478.04,Sevilla,2020-06-17
CUST-01275,19,291.04,65,Juguetes,0.782,9,2161.15,Zaragoza,2020-10-18
CUST-01276,139,175.5,114,Electrónica,0.821,9,27566.91,Sevilla,2019-05-30
CUST-01277,18,438.13,80,Belleza,0.968,2,6159.09,Zaragoza,2019-05-10
CUST-01278,15,279.78,56,Juguetes,0.583,8,3726.29,Bilbao,2018-03-08
CUST-01279,67,112.25,30,Juguetes,0.139,17,7784.62,Málaga,2019-11-07
CUST-01280,127,50.36,288,Deportes,0.904,1,3909.45,Madrid,2018-05-25
CUST-01281,142,247.2,66,Ropa,0.271,1,13818.24,Zaragoza,2020-10-14
CUST-01282,111,246.63,116,Belleza,0.021,1,8862.09,Sevilla,2022-05-21
CUST-01283,5,282.96,26,Juguetes,0.387,12,1309.96,Sevilla,2020-05-30
CUST-01284,30,227.41,315,Hogar,0.983,11,4206.7,Zaragoza,2019-12-04
CUST-01285,61,127.54,301,Electrónica,0.01,13,7567.77,Zaragoza,2022-12-25
CUST-01286,64,409.12,39,Electrónica,0.057,14,12110.85,Madrid,2018-03-31
CUST-01287,63,499.07,66,Belleza,0.606,15,28040.22,Málaga,2021-09-06
CUST-01288,65,470.11,105,Ropa,0.495,11,33853.54,Barcelona,2022-10-25
CUST-01289,78,471.59,282,Alimentación,0.293,20,19119.79,Sevilla,2023-01-03
CUST-01290,139,259.17,27,Belleza,0.347,13,33681.28,Bilbao,2021-06-27
CUST-01291,21,113.72,70,Libros,0.841,16,1211.93,Murcia,2022-02-28
CUST-01292,96,366.58,72,Ropa,0.036,7,32675.75,Sevilla,2021-08-24
CUST-01293,6,256.97,17,Ropa,0.27,18,995.64,Murcia,2022-08-22
CUST-01294,72,429.47,196,Electrónica,0.495,12,19981.6,Barcelona,2018-04-01
CUST-01295,98,104.45,220,Deportes,0.532,9,3359.24,Sevilla,2022-04-12
CUST-01296,87,462.51,134,Electrónica,0.81,18,19913.56,Málaga,2018-02-26
CUST-01297,110,394.57,29,Juguetes,0.807,17,28181.35,Málaga,2022-01-17
CUST-01298,109,292.71,290,Alimentación,0.769,8,14239.18,Bilbao,2020-02-20
CUST-01299,34,455.24,143,Deportes,0.8,8,5835.01,Murcia,2019-05-27
CUST-01300,147,206.38,315,Belleza,0.274,8,27101.02,Bilbao,2022-05-22
CUST-01301,79,290.69,164,Ropa,0.836,5,16062.02,Madrid,2018-02-05
CUST-01302,120,32.95,183,Electrónica,0.48,17,1961.41,Murcia,2018-04-30
CUST-01303,142,167.3,32,Libros,0.44,8,23504.28,Barcelona,2019-07-20
CUST-01304,33,125.3,89,Alimentación,0.147,19,3681.63,Bilbao,2019-04-22
CUST-01305,48,346.95,225,Electrónica,0.58,1,13290.69,Barcelona,2019-04-12
CUST-01306,66,22.82,180,Libros,0.54,1,1265.93,Madrid,2019-12-18
CUST-01307,130,230.25,261,Ropa,0.077,6,17756.26,Barcelona,2020-01-31
CUST-01308,110,439.79,73,Ropa,0.025,19,48829.13,Zaragoza,2019-11-18
CUST-01309,121,472.1,150,Belleza,0.622,5,36072.25,Zaragoza,2019-08-19
CUST-01310,28,310.38,160,Electrónica,0.511,16,8735.14,Valencia,2021-12-30
CUST-01311,97,417.9,16,Deportes,0.657,4,26064.06,Málaga,2021-08-22
CUST-01312,58,289.22,294,Ropa,0.63,13,13169.37,Barcelona,2018-09-06
CUST-01313,135,267.36,162,Alimentación,0.269,18,20348.08,Madrid,2019-05-15
CUST-01314,93,126.98,161,Deportes,0.748,3,10908.88,Málaga,2020-06-30
CUST-01315,21,185.71,258,Belleza,0.076,11,3463.11,Zaragoza,2021-05-24
CUST-01316,108,126.44,64,Alimentación,0.926,7,13639.18,Sevilla,2020-04-14
CUST-01317,74,180.66,60,Libros,0.082,13,10087.1,Valencia,2018-10-31
CUST-01318,47,440.06,7,Deportes,0.167,13,11107.47,Murcia,2021-02-09
CUST-01319,33,436.69,220,Ropa,0.024,5,17162.36,Murcia,2018-09-29
CUST-01320,91,76.81,356,Juguetes,0.557,9,2845.7,Zaragoza,2023-01-12
CUST-01321,12,50.77,181,Ropa,0.95,13,528.67,Málaga,2022-02-25
CUST-01322,123,354.56,93,Libros,0.724,18,49049.49,Zaragoza,2023-04-03
CUST-01323,2,302.87,189,Hogar,0.674,14,388.54,Barcelona,2020-06-17
CUST-01324,25,127.65,252,Libros,0.341,18,2444.21,Valencia,2020-12-11
CUST-01325,83,201.27,91,Libros,0.954,1,17249.81,Zaragoza,2022-02-13
CUST-01326,133,149.95,315,Juguetes,0.314,11,11094.72,Sevilla,2018-08-31
CUST-01327,125,227.87,86,Libros,0.288,8,33893.53,Bilbao,2022-03-24
CUST-01328,72,83.39,105,Deportes,0.552,16,5880.27,Barcelona,2018-02-26
CUST-01329,2,251.86,13,Deportes,0.37,9,578.08,Madrid,2021-03-15
CUST-01330,134,76.2,232,Alimentación,0.295,3,9645.39,Zaragoza,2023-02-26
CUST-01331,111,254.23,44,Alimentación,0.865,8,27047.58,Barcelona,2018-08-27
CUST-01332,57,367.77,167,Ropa,0.157,10,11498.09,Málaga,2021-07-15
CUST-01333,10,225.19,361,Belleza,0.794,10,1061.45,Barcelona,2021-02-17
CUST-01334,63,81.38,192,Electrónica,0.872,7,4645.07,Madrid,2019-06-28
CUST-01335,125,409.73,254,Hogar,0.283,6,44624.49,Murcia,2018-07-01
CUST-01336,112,47.62,285,Electrónica,0.611,5,1786.34,Sevilla,2021-11-09
CUST-01337,150,128.84,178,Juguetes,0.484,5,21067.29,Bilbao,2022-09-18
CUST-01338,125,252.76,322,Libros,0.392,11,24930.73,Sevilla,2019-08-29
CUST-01339,29,482.02,147,Deportes,0.42,14,8287.3,Barcelona,2021-09-18
CUST-01340,46,240.4,163,Ropa,0.661,11,10254.14,Zaragoza,2021-12-14
CUST-01341,126,306.51,351,Alimentación,0.235,9,20898.64,Valencia,2019-03-17
CUST-01342,144,389.32,133,Electrónica,0.675,13,36565.96,Zaragoza,2020-06-24
CUST-01343,67,457.5,137,Juguetes,0.486,7,18571.04,Zaragoza,2022-08-04
CUST-01344,115,213.76,293,Libros,0.876,17,11936.74,Madrid,2021-07-04
CUST-01345,34,308.41,10,Belleza,0.95,0,10718.43,Barcelona,2018-07-04
CUST-01346,142,45.78,25,Belleza,0.519,11,5083.11,Málaga,2018-11-18
CUST-01347,75,403.62,191,Deportes,0.332,6,24146.25,Zaragoza,2019-05-25
CUST-01348,6,381.23,269,Electrónica,0.103,12,2315.31,Madrid,2018-03-28
CUST-01349,78,26.76,323,Libros,0.772,7,689.64,Valencia,2022-03-16
CUST-01350,103,78.63,138,Juguetes,0.862,2,2968.25,Barcelona,2022-01-18
CUST-01351,4,375.19,277,Electrónica,0.605,4,579.29,Zaragoza,2021-04-19
CUST-01352,80,395.61,217,Deportes,0.512,0,18101.17,Zaragoza,2020-07-28
CUST-01353,68,485.09,295,Ropa,0.471,9,22647.65,Sevilla,2019-04-01
CUST-01354,124,152.95,359,Libros,0.533,7,12217.15,Zaragoza,2020-10-14
CUST-01355,140,361.57,231,Belleza,0.224,0,33288.28,Zaragoza,2019-04-21
CUST-01356,123,288.13,329,Belleza,0.311,4,36457.57,Murcia,2023-06-22
CUST-01357,144,97.09,250,Ropa,0.593,2,5972.63,Barcelona,2021-06-16
CUST-01358,16,387.19,129,Deportes,0.412,10,6510.31,Murcia,2018-03-16
CUST-01359,2,145.05,107,Juguetes,0.755,15,229.48,Málaga,2019-10-04
CUST-01360,119,358.8,263,Belleza,0.555,2,48209.72,Sevilla,2020-05-21
CUST-01361,33,382.09,82,Juguetes,0.52,3,5668.71,Barcelona,2020-06-15
CUST-01362,109,255.16,320,Electrónica,0.803,15,11844.73,Barcelona,2022-11-26
CUST-01363,3,158.92,222,Juguetes,0.996,8,367.22,Zaragoza,2021-06-13
CUST-01364,37,155.75,350,Hogar,0.204,19,6666.33,Málaga,2020-01-31
CUST-01365,119,117.15,169,Alimentación,0.927,4,6242.91,Bilbao,2022-01-04
CUST-01366,82,216.91,76,Electrónica,0.47,0,10327.92,Murcia,2019-01-20
CUST-01367,138,237.42,48,Ropa,0.061,14,27358.2,Sevilla,2018-05-17
CUST-01368,89,319.98,98,Deportes,0.275,13,23523.62,Málaga,2019-09-19
CUST-01369,66,287.14,328,Juguetes,0.659,2,15793.49,Málaga,2018-07-30
CUST-01370,46,142.52,52,Libros,0.127,16,5432.14,Sevilla,2022-04-18
CUST-01371,148,389.41,303,Belleza,0.605,19,51964.35,Zaragoza,2020-08-27
CUST-01372,1,394.93,110,Hogar,0.091,19,170.55,Sevilla,2018-12-04
CUST-01373,83,52.73,26,Electrónica,0.137,14,2988.62,Murcia,2020-08-24
CUST-01374,129,383.6,123,Libros,0.56,12,49312.57,Málaga,2021-12-17
CUST-01375,80,421.74,162,Belleza,0.531,19,35695.13,Murcia,2023-05-11
CUST-01376,37,422.34,286,Libros,0.442,8,14326.93,Valencia,2021-02-16
CUST-01377,46,27.27,187,Belleza,0.855,11,1198.78,Zaragoza,2019-03-14
CUST-01378,96,101.82,5,Juguetes,0.196,11,7559.79,Sevilla,2018-01-12
CUST-01379,25,456.85,129,Belleza,0.503,0,9663.49,Bilbao,2018-03-10
CUST-01380,102,36.3,356,Alimentación,0.704,8,3194.39,Bilbao,2023-06-12
CUST-01381,117,252.8,242,Alimentación,0.75,20,28853.77,Madrid,2022-07-12
CUST-01382,95,28.99,365,Electrónica,0.153,5,2984.9,Barcelona,2018-09-27
CUST-01383,31,42.18,326,Juguetes,0.711,10,506.99,Barcelona,2021-01-19
CUST-01384,5,176.34,344,Deportes,0.848,10,976.89,Bilbao,2018-12-13
CUST-01385,104,216.94,341,Electrónica,0.67,2,10686.29,Málaga,2022-04-09
CUST-01386,22,98.7,22,Libros,0.276,6,1997.35,Valencia,2020-04-18
CUST-01387,80,147.78,179,Electrónica,0.118,14,9592.17,Valencia,2021-11-27
CUST-01388,23,71.39,46,Alimentación,0.183,2,766.95,Barcelona,2021-04-25
CUST-01389,3,120.5,191,Hogar,0.46,7,208.59,Madrid,2021-10-26
CUST-01390,80,40.87,361,Hogar,0.287,8,1394.1,Sevilla,2019-10-09
CUST-01391,49,147.31,102,Deportes,0.177,9,3850.32,Zaragoza,2020-06-19
CUST-01392,126,187.25,186,Ropa,0.349,20,18184.42,Bilbao,2022-08-26
CUST-01393,150,202.06,275,Electrónica,0.569,13,18556.06,Valencia,2022-07-19
CUST-01394,88,354.33,257,Deportes,0.552,8,11901.23,Bilbao,2022-05-03
CUST-01395,56,241.83,16,Libros,0.922,16,12086.65,Sevilla,2019-01-17
CUST-01396,120,299.61,190,Hogar,0.564,18,39949.3,Murcia,2019-10-23
CUST-01397,3,91.99,243,Belleza,0.335,20,307.07,Barcelona,2019-01-19
CUST-01398,42,241.42,95,Libros,0.752,14,10426.58,Málaga,2020-07-23
CUST-01399,122,419.54,129,Juguetes,0.723,19,30919.69,Zaragoza,2021-10-21
CUST-01400,11,485.82,119,Libros,0.763,16,2121.95,Zaragoza,2020-05-22
CUST-01401,8,94.55,85,Juguetes,0.922,19,884.01,Bilbao,2023-04-15
CUST-01402,34,336.75,27,Hogar,0.97,9,11604.95,Sevilla,2018-10-17
CUST-01403,102,95.19,0,Alimentación,0.659,6,10628.46,Málaga,2019-09-10
CUST-01404,48,129.55,104,Ropa,0.437,7,2728.16,Bilbao,2021-02-11
CUST-01405,123,92.27,51,Electrónica,0.471,12,10542.3,Málaga,2023-02-13
CUST-01406,119,357.52,49,Juguetes,0.388,10,41980.73,Murcia,2018-10-01
CUST-01407,73,412.6,217,Belleza,0.597,17,10978.4,Zaragoza,2020-09-27
CUST-01408,46,387.4,188,Deportes,0.362,16,18549.51,Madrid,2021-06-04
CUST-01409,59,81.97,96,Ropa,0.044,9,3346.0,Zaragoza,2019-11-27
CUST-01410,109,88.11,159,Hogar,0.387,15,3182.22,Zaragoza,2023-05-18
CUST-01411,42,208.13,264,Hogar,0.834,14,8965.29,Zaragoza,2019-12-11
CUST-01412,4,93.03,65,Juguetes,0.575,12,341.48,Barcelona,2018-01-24
CUST-01413,109,389.11,155,Juguetes,0.425,20,17150.23,Murcia,2022-07-11
CUST-01414,122,360.33,273,Belleza,0.972,3,44265.58,Murcia,2020-05-18
CUST-01415,39,18.37,362,Ropa,0.59,6,546.93,Zaragoza,2021-06-12
CUST-01416,13,240.41,20,Juguetes,0.122,15,2232.19,Murcia,2018-04-13
CUST-01417,109,178.67,151,Libros,0.767,0,15355.55,Málaga,2019-01-02
CUST-01418,107,23.5,166,Belleza,0.298,1,2102.63,Bilbao,2020-01-02
CUST-01419,64,99.99,273,Juguetes,0.095,4,5565.06,Madrid,2020-06-01
CUST-01420,118,349.16,124,Belleza,0.919,16,33461.77,Bilbao,2018-03-25
CUST-01421,96,33.57,311,Belleza,0.977,20,3323.36,Barcelona,2018-07-27
CUST-01422,87,464.81,154,Ropa,0.423,0,18825.62,Zaragoza,2022-03-10
CUST-01423,111,483.1,98,Ropa,0.571,9,45796.23,Bilbao,2021-01-09
CUST-01424,96,293.07,110,Electrónica,0.761,13,15398.36,Sevilla,2021-11-11
CUST-01425,129,340.65,309,Libros,0.399,5,40005.93,Valencia,2019-07-13
CUST-01426,54,24.08,212,Juguetes,0.657,8,702.63,Madrid,2021-05-11
CUST-01427,57,124.04,363,Ropa,0.325,2,6011.49,Málaga,2022-01-31
CUST-01428,85,277.61,243,Juguetes,0.93,0,14362.36,Murcia,2019-10-17
CUST-01429,39,239.04,255,Alimentación,0.211,5,8443.32,Málaga,2019-06-08
CUST-01430,147,484.35,323,Electrónica,0.487,11,26684.33,Zaragoza,2022-03-12
CUST-01431,75,379.17,231,Libros,0.675,0,12521.44,Málaga,2021-04-12
CUST-01432,145,224.29,11,Belleza,0.751,9,26043.51,Valencia,2020-10-02
CUST-01433,138,78.87,310,Juguetes,0.949,3,4215.2,Sevilla,2019-03-24
CUST-01434,147,155.33,81,Ropa,0.767,12,18154.09,Sevilla,2019-12-22
CUST-01435,72,169.91,185,Juguetes,0.63,20,12057.09,Sevilla,2019-10-13
CUST-01436,104,254.99,237,Deportes,0.286,14,11702.05,Zaragoza,2022-11-24
CUST-01437,74,16.62,171,Juguetes,0.763,20,559.65,Valencia,2023-02-02
CUST-01438,149,331.76,214,Juguetes,0.41,20,16121.68,Barcelona,2019-04-05
CUST-01439,147,370.09,11,Ropa,0.325,7,24471.28,Valencia,2021-07-05
CUST-01440,95,26.02,307,Ropa,0.884,20,1607.74,Murcia,2020-11-13
CUST-01441,118,194.0,122,Hogar,0.175,6,13516.62,Sevilla,2019-08-24
CUST-01442,53,295.14,235,Electrónica,0.245,19,10938.55,Barcelona,2019-05-11
CUST-01443,129,326.07,309,Alimentación,0.838,5,21888.64,Valencia,2022-01-18
CUST-01444,9,345.78,208,Electrónica,0.867,15,3348.38,Barcelona,2018-05-25
CUST-01445,138,73.68,310,Libros,0.647,17,9591.2,Zaragoza,2020-06-17
CUST-01446,75,408.66,20,Electrónica,0.363,16,26552.93,Murcia,2020-06-20
CUST-01447,27,85.8,134,Ropa,0.758,18,2266.14,Zaragoza,2018-08-17
CUST-01448,106,333.42,72,Belleza,0.913,15,17285.2,Valencia,2018-07-18
CUST-01449,118,451.11,251,Ropa,0.753,8,32375.01,Málaga,2021-11-12
CUST-01450,116,354.29,290,Belleza,0.275,1,40489.0,Murcia,2018-10-31
CUST-01451,57,441.88,288,Electrónica,0.363,9,14507.71,Bilbao,2022-01-06
CUST-01452,122,360.84,344,Libros,0.295,4,19012.14,Valencia,2019-08-22
CUST-01453,59,28.58,108,Libros,0.583,4,1392.5,Zaragoza,2019-06-16
CUST-01454,123,314.95,87,Juguetes,0.972,20,17056.3,Málaga,2022-10-13
CUST-01455,97,434.72,248,Belleza,0.648,16,30944.75,Málaga,2020-09-18
CUST-01456,17,181.05,158,Electrónica,0.206,4,1694.31,Zaragoza,2022-05-13
CUST-01457,92,256.91,291,Deportes,0.913,0,24958.83,Barcelona,2022-09-29
CUST-01458,94,337.16,204,Deportes,0.626,10,23981.33,Sevilla,2019-07-10
CUST-01459,115,289.85,126,Electrónica,0.245,5,30690.43,Barcelona,2021-08-25
CUST-01460,117,101.05,311,Deportes,0.266,8,4518.97,Sevilla,2019-01-25
CUST-01461,134,161.84,106,Hogar,0.228,18,21372.37,Barcelona,2020-09-04
CUST-01462,138,442.6,26,Ropa,0.319,20,22339.52,Murcia,2020-09-06
CUST-01463,22,245.88,51,Alimentación,0.542,6,4535.56,Barcelona,2019-09-07
CUST-01464,29,364.19,226,Juguetes,0.777,6,8766.52,Madrid,2021-07-24
CUST-01465,65,380.96,307,Electrónica,0.271,20,11362.94,Murcia,2020-11-04
CUST-01466,77,143.14,272,Libros,0.249,8,10030.46,Murcia,2020-10-27
CUST-01467,29,488.96,93,Alimentación,0.488,10,15654.98,Bilbao,2020-11-09
CUST-01468,42,101.72,221,Alimentación,0.673,3,4839.45,Murcia,2020-06-26
CUST-01469,50,392.71,118,Hogar,0.213,16,11287.38,Málaga,2022-04-19
CUST-01470,77,464.86,107,Ropa,0.571,4,21168.3,Murcia,2019-01-29
CUST-01471,41,310.91,80,Hogar,0.326,16,15080.56,Zaragoza,2021-08-31
CUST-01472,59,467.43,241,Libros,0.934,9,17476.74,Zaragoza,2019-09-20
CUST-01473,81,233.11,217,Belleza,0.563,13,5760.97,Málaga,2023-04-10
CUST-01474,105,186.5,71,Electrónica,0.975,8,6218.06,Zaragoza,2021-12-13
CUST-01475,66,157.98,191,Deportes,0.024,13,10550.01,Sevilla,2019-10-30
CUST-01476,129,228.45,140,Deportes,0.107,7,13095.79,Sevilla,2022-01-20
CUST-01477,12,393.9,199,Alimentación,0.688,15,2480.92,Murcia,2021-05-27
CUST-01478,26,42.22,175,Electrónica,0.276,11,762.16,Zaragoza,2019-08-06
CUST-01479,35,442.21,37,Alimentación,0.325,13,16125.54,Barcelona,2022-11-25
CUST-01480,147,112.0,45,Libros,0.438,10,13425.73,Valencia,2022-04-12
CUST-01481,6,83.13,34,Libros,0.871,10,579.32,Bilbao,2020-01-10
CUST-01482,48,170.81,116,Deportes,0.461,10,3927.97,Murcia,2023-06-13
CUST-01483,6,83.03,328,Libros,0.411,12,510.86,Bilbao,2022-06-23
CUST-01484,132,196.14,289,Electrónica,0.437,1,30131.58,Madrid,2022-11-24
CUST-01485,73,293.79,324,Alimentación,0.067,2,17345.55,Málaga,2023-06-19
CUST-01486,132,425.46,44,Hogar,0.574,14,47682.04,Barcelona,2019-01-26
CUST-01487,71,240.87,77,Juguetes,0.65,2,7926.78,Barcelona,2021-03-24
CUST-01488,136,393.84,221,Alimentación,0.889,12,43774.49,Málaga,2018-01-14
CUST-01489,3,124.24,218,Electrónica,0.15,7,307.84,Zaragoza,2022-04-22
CUST-01490,52,388.41,294,Alimentación,0.925,18,8833.18,Málaga,2022-05-03
CUST-01491,79,103.07,13,Deportes,0.533,1,8154.88,Valencia,2021-01-11
CUST-01492,84,437.22,117,Ropa,0.658,6,21030.93,Málaga,2020-05-18
CUST-01493,56,389.59,13,Deportes,0.137,14,8962.42,Bilbao,2023-04-26
CUST-01494,114,435.75,106,Electrónica,0.38,14,34509.18,Zaragoza,2019-02-11
CUST-01495,32,60.03,89,Juguetes,0.507,18,1828.88,Sevilla,2018-09-07
CUST-01496,31,471.24,309,Deportes,0.358,10,9840.47,Valencia,2019-03-07
CUST-01497,123,138.81,57,Belleza,0.945,0,5233.58,Barcelona,2022-07-04
CUST-01498,26,187.02,158,Juguetes,0.837,13,5598.45,Zaragoza,2021-08-28
CUST-01499,22,330.46,199,Deportes,0.876,0,8405.55,Bilbao,2019-07-17
CUST-01500,37,426.0,90,Electrónica,0.565,4,12085.67,Málaga,2018-10-15
CUST-01501,16,304.16,107,Electrónica,0.866,9,3088.0,Murcia,2020-04-29
CUST-01502,45,99.7,265,Juguetes,0.965,5,2820.04,Valencia,2023-03-10
CUST-01503,8,256.31,156,Hogar,0.404,11,2292.61,Barcelona,2019-06-28
CUST-01504,7,175.82,240,Electrónica,0.034,4,1381.16,Málaga,2018-04-06
CUST-01505,41,63.56,178,Hogar,0.897,2,1766.57,Zaragoza,2018-05-16
CUST-01506,119,491.93,274,Alimentación,0.44,19,60207.03,Barcelona,2018-01-02
CUST-01507,121,451.28,131,Alimentación,0.128,17,34347.8,Bilbao,2021-06-10
CUST-01508,127,378.13,292,Alimentación,0.196,7,36653.69,Barcelona,2022-07-08
CUST-01509,22,375.44,206,Deportes,0.282,19,3260.14,Valencia,2019-04-09
CUST-01510,78,174.38,236,Hogar,0.668,16,10408.16,Bilbao,2022-12-15
CUST-01511,84,219.68,338,Hogar,0.145,1,17957.51,Bilbao,2022-06-26
CUST-01512,51,490.07,7,Electrónica,0.143,1,26289.27,Zaragoza,2019-05-03
CUST-01513,83,20.68,246,Juguetes,0.484,11,804.96,Valencia,2022-11-16
CUST-01514,55,234.8,134,Alimentación,0.546,3,12532.58,Zaragoza,2021-09-04
CUST-01515,48,138.81,249,Belleza,0.772,14,5976.09,Málaga,2021-09-30
CUST-01516,17,394.25,218,Libros,0.642,17,2772.09,Málaga,2019-04-11
CUST-01517,31,281.98,151,Ropa,0.126,11,5037.9,Murcia,2020-06-12
CUST-01518,102,412.71,261,Hogar,0.195,7,42025.71,Barcelona,2019-02-11
CUST-01519,145,432.06,268,Hogar,0.047,17,39242.55,Málaga,2019-04-17
CUST-01520,41,63.57,84,Belleza,0.635,19,1312.65,Valencia,2023-03-21
CUST-01521,52,150.03,205,Juguetes,0.296,16,9165.33,Valencia,2023-01-05
CUST-01522,83,81.02,153,Alimentación,0.0,8,6304.42,Murcia,2021-09-30
CUST-01523,18,43.72,210,Deportes,0.14,15,818.59,Bilbao,2022-04-15
CUST-01524,41,328.35,200,Juguetes,0.591,7,14147.53,Sevilla,2018-05-25
CUST-01525,36,447.93,63,Libros,0.726,18,18542.8,Sevilla,2018-11-07
CUST-01526,37,341.04,167,Alimentación,0.011,3,9698.04,Sevilla,2020-12-09
CUST-01527,60,335.3,152,Alimentación,0.822,17,19486.71,Barcelona,2020-07-19
CUST-01528,88,439.49,20,Ropa,0.382,8,15530.14,Valencia,2020-08-13
CUST-01529,125,382.85,115,Hogar,0.523,2,57324.36,Zaragoza,2021-05-20
CUST-01530,127,420.8,221,Deportes,0.422,20,21091.85,Málaga,2022-04-26
CUST-01531,65,325.53,168,Libros,0.42,8,25069.25,Bilbao,2018-06-20
CUST-01532,125,132.73,253,Ropa,0.221,13,14916.62,Madrid,2018-08-01
CUST-01533,133,437.14,341,Juguetes,0.383,19,23082.47,Murcia,2022-09-13
CUST-01534,31,483.86,122,Ropa,0.361,19,10194.46,Barcelona,2020-03-17
CUST-01535,113,428.33,293,Belleza,0.863,1,55476.46,Madrid,2022-07-24
CUST-01536,56,289.96,12,Electrónica,0.631,10,6315.25,Zaragoza,2023-03-01
CUST-01537,117,426.97,129,Electrónica,0.359,11,30829.56,Zaragoza,2023-06-01
CUST-01538,115,395.1,166,Libros,0.458,20,24392.87,Sevilla,2022-06-14
CUST-01539,143,388.84,280,Deportes,0.648,12,54380.12,Valencia,2022-05-19
CUST-01540,23,176.88,315,Alimentación,0.538,7,2379.44,Valencia,2019-09-19
CUST-01541,104,166.77,254,Ropa,0.639,12,8358.71,Barcelona,2022-10-20
CUST-01542,87,405.86,185,Belleza,0.755,5,20849.88,Murcia,2018-08-17
CUST-01543,130,354.61,286,Libros,0.296,17,36161.62,Sevilla,2020-03-26
CUST-01544,24,58.91,306,Deportes,0.915,12,1508.55,Barcelona,2018-10-26
CUST-01545,102,79.52,197,Belleza,0.104,9,6911.24,Málaga,2023-06-12
CUST-01546,58,229.63,20,Belleza,0.246,4,11996.93,Barcelona,2019-07-15
CUST-01547,58,419.13,112,Alimentación,0.245,7,16927.23,Madrid,2022-07-21
CUST-01548,4,158.94,10,Hogar,0.858,15,670.18,Sevilla,2020-04-28
CUST-01549,48,426.23,297,Juguetes,0.4,18,22499.7,Sevilla,2020-03-03
CUST-01550,68,224.19,186,Belleza,0.9,7,8966.14,Bilbao,2020-01-02
CUST-01551,83,432.07,359,Hogar,0.247,17,29444.79,Barcelona,2018-07-17
CUST-01552,27,406.52,309,Belleza,0.228,11,10381.23,Murcia,2021-08-13
CUST-01553,69,293.52,27,Alimentación,0.46,14,15137.4,Sevilla,2020-06-12
CUST-01554,6,286.58,286,Hogar,0.65,11,1253.44,Barcelona,2021-12-17
CUST-01555,91,46.73,141,Ropa,0.57,0,4006.86,Valencia,2020-10-02
CUST-01556,102,119.37,231,Hogar,0.31,9,7274.76,Zaragoza,2021-03-13
CUST-01557,139,490.39,300,Hogar,0.314,0,80011.13,Zaragoza,2018-04-19
CUST-01558,19,312.72,271,Ropa,0.414,5,5699.86,Málaga,2019-05-25
CUST-01559,8,329.96,253,Hogar,0.729,10,1003.59,Valencia,2023-04-22
CUST-01560,105,199.93,242,Juguetes,0.139,10,9755.09,Zaragoza,2019-09-30
CUST-01561,111,441.35,255,Hogar,0.091,8,32396.25,Málaga,2019-04-10
CUST-01562,87,234.09,48,Ropa,0.524,0,22226.68,Málaga,2018-05-05
CUST-01563,25,96.73,270,Belleza,0.013,10,1562.86,Madrid,2018-02-26
CUST-01564,45,106.41,317,Ropa,0.498,17,2377.64,Málaga,2019-12-09
CUST-01565,96,293.38,225,Hogar,0.706,5,21309.13,Barcelona,2022-07-26
CUST-01566,10,468.62,61,Electrónica,0.807,9,5349.43,Murcia,2018-08-09
CUST-01567,133,96.18,51,Hogar,0.498,19,5624.97,Málaga,2021-06-09
CUST-01568,141,418.41,229,Alimentación,0.944,17,21174.61,Málaga,2019-05-20
CUST-01569,62,480.79,251,Hogar,0.188,12,10058.48,Málaga,2018-05-01
CUST-01570,134,59.11,335,Ropa,0.321,16,6389.64,Murcia,2021-12-09
CUST-01571,73,170.35,229,Deportes,0.764,9,14298.68,Zaragoza,2020-05-23
CUST-01572,97,54.96,12,Juguetes,0.491,10,4292.23,Zaragoza,2021-06-02
CUST-01573,128,496.26,147,Libros,0.771,1,49215.98,Zaragoza,2018-03-27
CUST-01574,79,447.66,292,Ropa,0.543,20,20592.71,Sevilla,2018-04-09
CUST-01575,78,201.68,180,Electrónica,0.964,1,16381.86,Madrid,2021-11-02
CUST-01576,131,194.85,357,Hogar,0.045,6,9923.89,Zaragoza,2023-04-30
CUST-01577,82,50.39,104,Deportes,0.495,18,3621.18,Valencia,2018-02-01
CUST-01578,53,451.66,59,Juguetes,0.924,0,26665.86,Madrid,2021-09-12
CUST-01579,100,415.89,190,Hogar,0.918,12,14151.95,Málaga,2018-10-18
CUST-01580,109,344.99,363,Libros,0.864,20,21763.84,Sevilla,2023-04-10
CUST-01581,3,216.71,211,Juguetes,0.377,6,672.92,Bilbao,2020-09-26
CUST-01582,102,35.27,229,Electrónica,0.129,7,1307.6,Bilbao,2018-08-23
CUST-01583,126,47.25,274,Hogar,0.327,8,6904.78,Barcelona,2022-01-04
CUST-01584,138,153.92,291,Libros,0.261,3,13921.66,Zaragoza,2022-12-19
CUST-01585,143,425.53,102,Ropa,0.127,1,43938.0,Sevilla,2018-08-12
CUST-01586,10,419.05,94,Deportes,0.084,2,2168.9,Barcelona,2021-06-14
CUST-01587,37,229.38,21,Alimentación,0.663,16,8403.13,Málaga,2019-01-23
CUST-01588,12,290.87,78,Belleza,0.341,8,3943.0,Sevilla,2019-12-19
CUST-01589,15,204.79,78,Deportes,0.947,16,1097.52,Murcia,2019-01-12
CUST-01590,113,27.28,225,Belleza,0.069,7,2594.02,Sevilla,2019-08-13
CUST-01591,141,482.63,29,Hogar,0.111,2,45521.36,Valencia,2020-12-30
CUST-01592,83,194.63,73,Hogar,0.902,7,4932.09,Madrid,2018-01-08
CUST-01593,146,73.03,114,Juguetes,0.762,1,8607.47,Madrid,2018-06-01
CUST-01594,147,327.72,144,Alimentación,0.686,12,33949.01,Madrid,2022-03-13
CUST-01595,65,182.4,325,Alimentación,0.455,4,8403.54,Sevilla,2022-12-07
CUST-01596,37,154.13,89,Deportes,0.963,12,6838.96,Málaga,2022-12-12
CUST-01597,6,224.39,153,Belleza,0.144,14,901.15,Valencia,2022-12-07
CUST-01598,33,422.47,180,Juguetes,0.208,12,9466.66,Sevilla,2020-05-05
CUST-01599,114,476.9,237,Alimentación,0.364,10,48866.66,Murcia,2018-09-30
CUST-01600,56,360.61,291,Deportes,0.195,19,12663.22,Sevilla,2020-08-06
CUST-01601,79,118.55,72,Belleza,0.47,17,8307.28,Zaragoza,2019-09-08
CUST-01602,52,120.33,282,Electrónica,0.89,12,7154.5,Zaragoza,2020-06-03
CUST-01603,7,351.58,197,Alimentación,0.567,5,1343.71,Valencia,2022-03-08
CUST-01604,148,394.2,101,Juguetes,0.151,10,42106.4,Valencia,2022-11-13
CUST-01605,81,311.02,313,Alimentación,0.531,20,27417.76,Valencia,2021-10-16
CUST-01606,22,25.41,27,Ropa,0.332,2,325.33,Barcelona,2023-01-21
CUST-01607,39,479.61,157,Deportes,0.841,11,16103.11,Málaga,2019-10-09
CUST-01608,87,356.25,148,Alimentación,0.303,17,13755.99,Murcia,2022-12-09
CUST-01609,107,72.44,316,Hogar,0.41,17,6178.3,Valencia,2020-08-19
CUST-01610,30,336.98,75,Deportes,0.909,3,9908.29,Bilbao,2018-10-05
CUST-01611,98,246.29,10,Alimentación,0.586,11,27463.58,Zaragoza,2021-04-12
CUST-01612,6,485.59,343,Alimentación,0.567,10,3464.3,Valencia,2022-12-21
CUST-01613,46,80.45,153,Ropa,0.677,4,1479.82,Málaga,2023-03-30
CUST-01614,75,360.03,42,Belleza,0.355,15,8488.43,Sevilla,2022-12-30
CUST-01615,94,427.86,98,Hogar,0.513,16,44797.83,Zaragoza,2018-02-18
CUST-01616,43,40.23,122,Belleza,0.701,8,1217.91,Murcia,2020-06-05
CUST-01617,70,378.75,336,Electrónica,0.458,2,15897.61,Málaga,2018-03-06
CUST-01618,147,24.32,194,Electrónica,0.2,15,2295.23,Valencia,2018-03-15
CUST-01619,86,192.9,262,Juguetes,0.854,13,11056.43,Bilbao,2019-12-02
CUST-01620,67,282.91,250,Belleza,0.282,2,21267.89,Valencia,2023-02-25
CUST-01621,131,449.47,11,Belleza,0.811,3,30539.29,Barcelona,2018-12-29
CUST-01622,40,292.38,121,Ropa,0.779,2,3610.08,Málaga,2018-01-28
CUST-01623,40,297.64,235,Ropa,0.631,10,11995.11,Málaga,2018-08-05
CUST-01624,36,111.77,41,Electrónica,0.186,2,1221.03,Barcelona,2022-06-10
CUST-01625,13,362.73,198,Deportes,0.32,16,2232.19,Sevilla,2022-08-02
CUST-01626,48,242.57,346,Alimentación,0.592,1,8130.15,Sevilla,2020-11-05
CUST-01627,46,487.48,134,Ropa,0.144,17,18340.45,Madrid,2019-01-23
CUST-01628,49,105.72,164,Ropa,0.756,7,2311.34,Barcelona,2021-07-25
CUST-01629,130,325.69,111,Juguetes,0.427,11,40726.51,Bilbao,2020-12-22
CUST-01630,73,380.83,33,Libros,0.062,15,16952.83,Madrid,2022-02-10
CUST-01631,21,341.91,228,Juguetes,0.012,2,4211.55,Madrid,2022-04-29
CUST-01632,146,142.28,163,Ropa,0.451,15,13157.52,Málaga,2019-09-07
CUST-01633,140,499.56,97,Belleza,0.228,5,23669.22,Murcia,2019-12-24
CUST-01634,119,172.32,206,Alimentación,0.464,14,14496.95,Zaragoza,2018-10-18
CUST-01635,7,438.58,162,Juguetes,0.381,20,1333.77,Zaragoza,2020-01-19
CUST-01636,45,88.25,94,Juguetes,0.217,0,2589.9,Madrid,2018-11-03
CUST-01637,51,25.52,200,Belleza,0.158,17,715.71,Bilbao,2019-01-25
CUST-01638,111,226.03,81,Alimentación,0.487,1,15506.02,Murcia,2018-08-06
CUST-01639,123,309.79,72,Belleza,0.235,15,38990.47,Barcelona,2020-05-02
CUST-01640,79,321.28,173,Electrónica,0.63,19,17413.93,Murcia,2018-09-07
CUST-01641,88,366.51,352,Libros,0.864,11,26085.97,Valencia,2020-08-27
CUST-01642,115,194.45,126,Electrónica,0.209,10,20560.59,Barcelona,2023-02-07
CUST-01643,72,284.17,295,Alimentación,0.794,6,22745.04,Málaga,2023-06-01
CUST-01644,61,409.46,127,Deportes,0.489,15,27512.27,Málaga,2019-10-04
CUST-01645,38,317.45,41,Juguetes,0.529,14,10161.23,Barcelona,2022-12-30
CUST-01646,116,203.94,98,Ropa,0.791,8,22254.58,Bilbao,2020-01-16
CUST-01647,64,123.32,1,Alimentación,0.327,19,5795.43,Madrid,2018-10-27
CUST-01648,125,492.86,309,Belleza,0.883,6,64177.94,Bilbao,2021-08-15
CUST-01649,76,370.71,99,Ropa,0.524,16,15614.31,Sevilla,2022-06-08
CUST-01650,3,159.62,104,Juguetes,0.144,0,156.08,Zaragoza,2021-08-11
CUST-01651,95,240.5,75,Ropa,0.447,12,18272.01,Zaragoza,2021-05-01
CUST-01652,28,469.4,233,Belleza,0.276,19,9305.39,Murcia,2018-11-30
CUST-01653,5,75.1,167,Belleza,0.553,11,160.56,Valencia,2022-08-31
CUST-01654,112,328.47,202,Electrónica,0.178,19,38718.79,Zaragoza,2018-03-12
CUST-01655,145,381.9,20,Belleza,0.883,1,52634.36,Bilbao,2022-01-01
CUST-01656,17,464.57,71,Alimentación,0.152,16,3530.61,Valencia,2022-01-01
CUST-01657,93,486.57,173,Ropa,0.081,10,44154.38,Sevilla,2020-10-05
CUST-01658,135,216.93,202,Electrónica,0.695,17,30473.41,Zaragoza,2022-07-26
CUST-01659,41,70.9,133,Alimentación,0.227,1,2558.89,Sevilla,2021-02-16
CUST-01660,58,247.17,21,Electrónica,0.219,7,16557.48,Madrid,2023-05-09
CUST-01661,83,202.95,324,Belleza,0.67,0,12788.98,Valencia,2019-08-17
CUST-01662,107,281.77,20,Electrónica,0.2,1,14711.48,Murcia,2021-04-08
CUST-01663,90,355.38,297,Electrónica,0.882,16,35461.56,Murcia,2018-12-03
CUST-01664,39,275.07,321,Deportes,0.744,9,5783.13,Zaragoza,2020-02-06
CUST-01665,52,380.77,131,Hogar,0.334,10,21941.12,Zaragoza,2020-03-15
CUST-01666,116,28.98,308,Libros,0.968,16,3338.2,Barcelona,2019-02-24
CUST-01667,11,202.91,54,Ropa,0.743,6,1071.65,Valencia,2021-03-13
CUST-01668,78,190.06,27,Deportes,0.648,7,12010.39,Bilbao,2022-12-17
CUST-01669,131,26.55,6,Deportes,0.216,5,3736.55,Bilbao,2019-02-27
CUST-01670,84,237.07,200,Juguetes,0.602,5,22477.53,Murcia,2020-09-10
CUST-01671,20,313.94,0,Deportes,0.853,19,2166.34,Bilbao,2018-01-23
CUST-01672,78,230.85,290,Electrónica,0.961,3,6269.51,Bilbao,2019-03-17
CUST-01673,96,51.91,213,Juguetes,0.654,9,4950.47,Sevilla,2023-01-15
CUST-01674,37,142.42,104,Libros,0.12,20,5110.58,Barcelona,2021-10-28
CUST-01675,45,21.96,44,Alimentación,0.725,14,1070.04,Madrid,2021-04-02
CUST-01676,6,355.9,245,Libros,0.063,4,1054.73,Bilbao,2020-03-25
CUST-01677,10,256.25,238,Electrónica,0.412,0,2098.9,Zaragoza,2018-04-01
CUST-01678,73,363.65,103,Libros,0.802,0,24001.13,Barcelona,2023-05-27
CUST-01679,115,408.02,332,Deportes,0.044,18,49355.37,Sevilla,2020-06-10
CUST-01680,13,153.96,45,Deportes,0.598,14,2078.82,Murcia,2021-01-20
CUST-01681,96,367.21,276,Belleza,0.146,20,21578.16,Valencia,2018-12-23
CUST-01682,120,492.0,149,Belleza,0.148,15,53616.56,Zaragoza,2020-04-15
CUST-01683,23,307.04,70,Juguetes,0.333,11,6220.97,Málaga,2020-07-12
CUST-01684,88,260.58,320,Electrónica,0.145,10,18028.15,Valencia,2022-08-31
CUST-01685,53,414.97,202,Hogar,0.082,13,24031.12,Valencia,2020-10-23
CUST-01686,148,16.96,281,Ropa,0.665,5,2424.09,Madrid,2021-11-01
CUST-01687,30,172.86,191,Alimentación,0.548,12,3997.26,Málaga,2022-08-06
CUST-01688,148,185.3,208,Deportes,0.688,3,13800.87,Zaragoza,2021-08-11
CUST-01689,49,362.36,258,Hogar,0.8,15,7633.5,Murcia,2018-05-28
CUST-01690,104,161.89,107,Deportes,0.542,3,19469.72,Bilbao,2019-01-27
CUST-01691,8,158.46,106,Electrónica,0.186,2,456.77,Madrid,2020-07-15
CUST-01692,92,335.87,5,Juguetes,0.698,9,18813.57,Barcelona,2020-02-07
CUST-01693,110,315.34,244,Libros,0.635,18,11713.5,Sevilla,2020-10-03
CUST-01694,82,185.48,130,Alimentación,0.701,12,14869.07,Madrid,2022-04-26
CUST-01695,90,475.32,350,Juguetes,0.49,0,27462.73,Barcelona,2023-05-26
CUST-01696,122,137.3,47,Ropa,0.083,20,18929.51,Murcia,2020-07-20
CUST-01697,62,307.75,240,Belleza,0.034,9,15214.09,Zaragoza,2021-12-12
CUST-01698,106,61.05,350,Deportes,0.128,0,7390.12,Murcia,2020-06-29
CUST-01699,119,148.25,289,Hogar,0.388,17,15671.73,Barcelona,2018-04-10
CUST-01700,133,253.18,231,Ropa,0.293,5,11308.55,Bilbao,2021-05-16
CUST-01701,29,348.1,39,Juguetes,0.199,15,5291.12,Málaga,2020-03-04
CUST-01702,12,161.6,114,Juguetes,0.34,18,2057.46,Valencia,2019-04-14
CUST-01703,26,94.75,67,Ropa,0.74,19,1986.8,Murcia,2020-06-16
CUST-01704,111,24.96,268,Belleza,0.898,11,2414.12,Murcia,2018-08-06
CUST-01705,9,150.27,285,Alimentación,0.702,2,485.06,Zaragoza,2019-06-23
CUST-01706,103,260.95,124,Alimentación,0.907,4,10990.62,Málaga,2018-11-28
CUST-01707,51,231.36,279,Hogar,0.373,8,8614.62,Barcelona,2023-06-12
CUST-01708,30,286.44,118,Juguetes,0.202,9,3608.23,Valencia,2021-12-07
CUST-01709,96,44.1,6,Electrónica,0.113,8,3501.25,Zaragoza,2018-01-19
CUST-01710,82,461.55,245,Hogar,0.801,6,33972.8,Bilbao,2020-09-06
CUST-01711,26,98.62,283,Deportes,0.633,17,2750.85,Murcia,2018-05-26
CUST-01712,131,85.52,34,Hogar,0.478,2,9069.39,Valencia,2019-05-21
CUST-01713,58,416.57,208,Belleza,0.06,13,8181.37,Zaragoza,2019-10-19
CUST-01714,50,340.75,191,Electrónica,0.391,19,17935.98,Zaragoza,2019-04-06
CUST-01715,131,446.04,330,Alimentación,0.872,20,25800.7,Valencia,2021-05-11
CUST-01716,20,224.88,15,Alimentación,0.417,17,1692.71,Bilbao,2023-01-01
CUST-01717,95,149.53,143,Electrónica,0.465,10,8141.76,Valencia,2021-01-01
CUST-01718,121,263.05,197,Libros,0.757,18,29464.93,Málaga,2023-03-07
CUST-01719,87,59.13,250,Alimentación,0.975,17,3936.93,Valencia,2021-07-17
CUST-01720,69,468.07,147,Libros,0.594,7,18788.57,Barcelona,2023-01-30
CUST-01721,145,107.76,156,Deportes,0.192,10,11967.41,Málaga,2020-04-22
CUST-01722,109,339.8,96,Libros,0.768,4,37853.78,Bilbao,2021-11-10
CUST-01723,93,360.62,283,Deportes,0.321,14,27620.75,Bilbao,2018-12-22
CUST-01724,64,114.78,324,Libros,0.83,5,8069.83,Barcelona,2022-07-17
CUST-01725,63,204.94,138,Belleza,0.932,14,10118.11,Murcia,2018-10-27
CUST-01726,65,75.35,192,Ropa,0.813,12,1483.73,Bilbao,2019-01-22
CUST-01727,117,468.35,281,Alimentación,0.584,8,41646.04,Bilbao,2020-05-11
CUST-01728,14,491.07,321,Libros,0.982,19,2731.23,Sevilla,2020-06-14
CUST-01729,31,82.77,62,Belleza,0.361,1,864.52,Zaragoza,2018-05-24
CUST-01730,141,274.58,65,Ropa,0.784,13,18754.06,Bilbao,2022-12-31
CUST-01731,29,178.74,319,Electrónica,0.72,9,3560.12,Madrid,2019-04-18
CUST-01732,142,186.47,121,Libros,0.152,17,21863.71,Sevilla,2022-04-11
CUST-01733,99,113.52,315,Hogar,0.017,5,4293.77,Sevilla,2022-02-25
CUST-01734,32,61.41,208,Alimentación,0.221,14,1667.69,Bilbao,2023-01-01
CUST-01735,72,67.08,122,Deportes,0.671,13,3968.49,Valencia,2021-05-13
CUST-01736,55,127.61,41,Alimentación,0.409,14,4900.88,Zaragoza,2022-02-22
CUST-01737,6,277.51,139,Juguetes,0.205,15,1153.86,Zaragoza,2022-11-28
CUST-01738,6,257.03,315,Belleza,0.388,14,1304.53,Málaga,2020-02-03
CUST-01739,97,96.67,206,Ropa,0.207,10,5794.41,Valencia,2019-07-16
CUST-01740,60,199.03,240,Libros,0.961,18,6205.74,Sevilla,2021-11-29
CUST-01741,6,203.6,176,Alimentación,0.36,0,906.26,Barcelona,2022-01-23
CUST-01742,23,227.12,178,Juguetes,0.229,11,5852.9,Murcia,2019-06-17
CUST-01743,44,121.28,299,Hogar,0.645,19,4150.82,Murcia,2019-02-05
CUST-01744,94,38.27,117,Juguetes,0.09,5,1378.3,Madrid,2021-11-25
CUST-01745,21,269.75,130,Libros,0.453,9,2421.51,Madrid,2020-06-11
CUST-01746,59,213.59,85,Hogar,0.521,7,13668.29,Bilbao,2021-06-25
CUST-01747,74,280.75,216,Hogar,0.895,7,6553.91,Madrid,2023-05-23
CUST-01748,18,389.83,137,Ropa,0.817,5,5477.13,Sevilla,2022-05-15
CUST-01749,46,89.07,95,Belleza,0.246,0,2429.36,Murcia,2018-12-18
CUST-01750,129,259.69,29,Electrónica,0.394,5,11507.59,Bilbao,2018-11-16
CUST-01751,95,293.32,142,Deportes,0.462,14,12752.06,Valencia,2018-08-14
CUST-01752,11,47.53,193,Hogar,0.136,9,373.66,Sevilla,2022-06-25
CUST-01753,141,277.61,206,Juguetes,0.889,14,45636.62,Murcia,2023-04-16
CUST-01754,65,268.88,208,Juguetes,0.167,15,7228.85,Málaga,2018-03-16
CUST-01755,95,423.34,59,Ropa,0.604,13,25912.61,Sevilla,2019-09-06
CUST-01756,81,251.3,8,Electrónica,0.216,20,19852.78,Málaga,2020-07-10
CUST-01757,102,133.58,8,Libros,0.901,14,7189.02,Valencia,2020-03-28
CUST-01758,96,442.96,237,Alimentación,0.13,1,22147.83,Murcia,2018-10-26
CUST-01759,96,40.76,238,Libros,0.909,20,4245.18,Barcelona,2018-06-09
CUST-01760,132,282.53,20,Belleza,0.934,15,13462.38,Bilbao,2019-11-10
CUST-01761,130,95.48,51,Libros,0.146,17,6735.56,Sevilla,2018-02-20
CUST-01762,7,232.45,171,Belleza,0.799,14,996.2,Sevilla,2019-10-31
CUST-01763,14,403.59,299,Belleza,0.123,14,5552.19,Bilbao,2020-06-06
CUST-01764,40,467.48,193,Ropa,0.33,14,17919.53,Madrid,2021-07-24
CUST-01765,37,384.62,100,Hogar,0.093,12,7801.17,Bilbao,2019-03-28
CUST-01766,78,20.88,68,Electrónica,0.194,18,772.46,Madrid,2022-06-26
CUST-01767,141,290.57,107,Juguetes,0.001,2,18315.9,Valencia,2018-03-18
CUST-01768,17,121.26,84,Alimentación,0.925,15,830.37,Bilbao,2021-10-02
CUST-01769,96,427.54,132,Belleza,0.577,17,45158.62,Murcia,2022-07-26
CUST-01770,135,90.47,349,Belleza,0.835,18,9380.46,Málaga,2019-07-26
CUST-01771,6,225.43,139,Deportes,0.328,16,771.66,Sevilla,2023-06-16
CUST-01772,77,403.81,131,Electrónica,0.106,4,24859.54,Zaragoza,2022-09-26
CUST-01773,119,454.01,50,Deportes,0.697,16,33858.5,Sevilla,2022-03-01
CUST-01774,146,175.64,41,Juguetes,0.242,19,18798.09,Zaragoza,2023-03-17
CUST-01775,15,226.28,221,Belleza,0.154,15,4006.93,Barcelona,2019-11-15
CUST-01776,79,129.31,251,Ropa,0.928,12,8474.58,Málaga,2020-04-10
CUST-01777,74,132.97,84,Deportes,0.336,19,5849.05,Zaragoza,2020-02-11
CUST-01778,22,54.92,4,Ropa,0.15,13,898.19,Barcelona,2018-07-09
CUST-01779,1,243.54,16,Electrónica,0.133,11,221.83,Valencia,2023-02-24
CUST-01780,11,95.13,158,Ropa,0.33,1,1252.25,Málaga,2018-06-18
CUST-01781,50,397.93,200,Electrónica,0.824,15,7894.63,Madrid,2021-04-30
CUST-01782,73,82.23,236,Ropa,0.606,8,2651.16,Bilbao,2022-05-09
CUST-01783,58,349.18,16,Alimentación,0.393,10,18196.97,Barcelona,2021-11-24
CUST-01784,92,476.58,156,Alimentación,0.294,12,29647.03,Murcia,2023-03-21
CUST-01785,84,117.12,236,Libros,0.149,4,3277.24,Sevilla,2018-05-01
CUST-01786,28,499.14,64,Hogar,0.149,2,7745.84,Barcelona,2019-11-13
CUST-01787,124,226.14,62,Deportes,0.93,17,26819.95,Málaga,2019-09-12
CUST-01788,9,191.64,200,Alimentación,0.191,2,593.35,Sevilla,2022-09-19
CUST-01789,48,409.07,237,Juguetes,0.658,12,19740.45,Bilbao,2022-11-02
CUST-01790,35,410.65,362,Alimentación,0.422,10,16704.85,Málaga,2022-03-20
CUST-01791,43,477.83,212,Electrónica,0.093,10,8903.93,Valencia,2022-12-16
CUST-01792,132,307.9,142,Deportes,0.907,5,27477.91,Valencia,2022-04-28
CUST-01793,88,403.1,190,Belleza,0.337,3,26055.43,Madrid,2022-08-16
CUST-01794,38,176.27,337,Deportes,0.858,16,3657.93,Sevilla,2020-03-11
CUST-01795,11,235.65,302,Juguetes,0.547,17,3103.09,Sevilla,2020-07-23
CUST-01796,86,23.69,301,Libros,0.627,2,1481.28,Madrid,2022-12-04
CUST-01797,147,127.01,161,Alimentación,0.835,7,13150.44,Zaragoza,2019-09-07
CUST-01798,149,138.26,135,Deportes,0.004,7,6931.94,Madrid,2023-05-04
CUST-01799,102,16.09,24,Deportes,0.959,8,1282.96,Murcia,2023-01-17
CUST-01800,129,436.24,327,Electrónica,0.788,19,50477.67,Zaragoza,2020-10-14
CUST-01801,30,429.79,199,Libros,0.561,10,5924.82,Sevilla,2021-09-05
CUST-01802,110,53.64,331,Electrónica,0.246,15,1880.0,Sevilla,2018-09-23
CUST-01803,75,340.83,212,Hogar,0.162,13,12364.05,Bilbao,2018-12-02
CUST-01804,74,165.1,277,Ropa,0.692,20,4419.41,Málaga,2018-11-15
CUST-01805,62,47.0,138,Electrónica,0.965,3,2880.23,Barcelona,2019-11-23
CUST-01806,131,74.22,342,Alimentación,0.614,2,6034.3,Barcelona,2018-07-08
CUST-01807,100,406.2,279,Hogar,0.945,0,45487.41,Málaga,2021-06-24
CUST-01808,42,85.72,82,Ropa,0.522,17,1709.23,Barcelona,2023-03-09
CUST-01809,88,428.95,221,Electrónica,0.104,16,37682.52,Málaga,2020-04-04
CUST-01810,49,316.22,247,Hogar,0.773,2,18260.96,Sevilla,2022-03-06
CUST-01811,143,388.86,198,Alimentación,0.322,11,26646.96,Sevilla,2018-03-27
CUST-01812,49,16.81,181,Alimentación,0.017,11,728.01,Madrid,2020-05-01
CUST-01813,119,56.33,49,Belleza,0.595,17,6632.97,Madrid,2021-04-29
CUST-01814,127,283.49,282,Alimentación,0.726,10,14681.32,Valencia,2022-07-19
CUST-01815,63,166.35,217,Belleza,0.293,3,3661.96,Madrid,2019-09-07
CUST-01816,98,499.65,143,Libros,0.34,13,57935.2,Valencia,2023-06-21
CUST-01817,128,164.57,153,Ropa,0.407,0,24922.55,Málaga,2019-11-03
CUST-01818,36,466.73,308,Ropa,0.6,3,10522.91,Valencia,2018-07-14
CUST-01819,82,445.88,93,Belleza,0.576,18,37305.63,Bilbao,2019-04-20
CUST-01820,80,423.11,281,Libros,0.755,2,34878.46,Madrid,2021-01-29
CUST-01821,26,449.23,20,Libros,0.312,13,4481.27,Bilbao,2019-11-14
CUST-01822,36,48.34,301,Electrónica,0.004,15,588.68,Bilbao,2022-07-16
CUST-01823,139,66.84,81,Juguetes,0.591,17,10271.14,Málaga,2019-05-23
CUST-01824,44,104.79,291,Belleza,0.701,3,4001.01,Barcelona,2018-02-04
CUST-01825,33,97.14,349,Deportes,0.51,13,976.94,Murcia,2020-12-07
CUST-01826,127,280.57,30,Deportes,0.43,19,32076.07,Bilbao,2019-01-30
CUST-01827,35,211.19,302,Belleza,0.412,18,4131.17,Bilbao,2019-05-26
CUST-01828,66,329.44,254,Juguetes,0.001,3,14458.91,Barcelona,2019-01-27
CUST-01829,148,104.41,328,Hogar,0.58,7,6477.82,Bilbao,2018-03-24
CUST-01830,12,369.66,350,Deportes,0.395,6,2434.85,Sevilla,2018-08-19
CUST-01831,29,417.54,7,Deportes,0.413,10,5881.18,Madrid,2018-10-23
CUST-01832,95,172.68,210,Ropa,0.379,16,14965.64,Valencia,2020-06-27
CUST-01833,53,203.77,96,Hogar,0.87,7,8001.82,Sevilla,2023-04-28
CUST-01834,13,137.27,221,Juguetes,0.464,1,1790.32,Bilbao,2022-09-04
CUST-01835,135,155.2,211,Alimentación,0.11,9,8938.71,Madrid,2019-07-27
CUST-01836,4,244.52,271,Juguetes,0.065,14,599.62,Valencia,2021-08-12
CUST-01837,52,348.89,141,Alimentación,0.839,12,9845.37,Sevilla,2020-09-10
CUST-01838,35,23.32,120,Alimentación,0.645,12,405.64,Sevilla,2023-04-27
CUST-01839,69,364.8,267,Ropa,0.255,3,13709.01,Valencia,2021-09-10
CUST-01840,6,45.54,54,Juguetes,0.241,9,143.97,Bilbao,2019-05-16
CUST-01841,136,16.63,10,Alimentación,0.327,17,1532.86,Valencia,2019-11-30
CUST-01842,50,105.88,156,Alimentación,0.721,13,2784.91,Madrid,2022-07-06
CUST-01843,103,339.87,308,Deportes,0.565,11,13529.39,Bilbao,2020-08-24
CUST-01844,84,37.21,172,Deportes,0.357,7,2435.62,Sevilla,2020-10-06
CUST-01845,144,22.97,39,Juguetes,0.103,4,1680.88,Sevilla,2022-11-10
CUST-01846,120,214.99,37,Deportes,0.103,17,17985.71,Madrid,2018-10-05
CUST-01847,56,194.88,18,Deportes,0.256,18,7292.52,Sevilla,2019-07-29
CUST-01848,24,180.29,121,Deportes,0.612,2,4434.59,Murcia,2022-06-09
CUST-01849,122,349.16,277,Electrónica,0.167,0,48288.78,Sevilla,2020-09-29
CUST-01850,85,63.55,257,Juguetes,0.583,18,2970.44,Sevilla,2020-05-24
CUST-01851,116,284.8,84,Belleza,0.027,3,39070.46,Málaga,2021-03-16
CUST-01852,50,98.45,80,Libros,0.234,1,4721.64,Madrid,2019-02-06
CUST-01853,34,158.07,31,Deportes,0.662,7,4604.67,Sevilla,2018-03-06
CUST-01854,94,319.16,153,Deportes,0.835,13,13156.55,Barcelona,2018-05-10
CUST-01855,97,18.7,191,Alimentación,0.035,5,1661.52,Valencia,2023-01-03
CUST-01856,22,385.74,108,Ropa,0.073,13,3374.11,Zaragoza,2019-04-15
CUST-01857,134,361.16,346,Libros,0.531,18,53674.3,Valencia,2023-02-22
CUST-01858,41,416.96,304,Alimentación,0.533,18,8445.6,Málaga,2020-07-08
CUST-01859,114,150.4,133,Hogar,0.606,0,8172.32,Zaragoza,2019-08-29
CUST-01860,24,439.24,59,Alimentación,0.797,4,11709.24,Zaragoza,2019-04-16
CUST-01861,102,456.03,297,Alimentación,0.712,4,16166.24,Barcelona,2019-01-04
CUST-01862,62,455.38,260,Hogar,0.858,17,30943.39,Sevilla,2019-05-10
CUST-01863,135,275.72,132,Belleza,0.261,17,15728.69,Barcelona,2019-01-01
CUST-01864,126,427.37,105,Juguetes,0.14,7,50019.87,Madrid,2018-07-03
CUST-01865,19,219.73,324,Alimentación,0.547,10,2984.24,Valencia,2021-10-27
CUST-01866,8,31.06,5,Belleza,0.78,0,267.51,Bilbao,2022-01-20
CUST-01867,83,94.99,326,Ropa,0.586,2,7246.82,Madrid,2020-09-11
CUST-01868,138,329.06,29,Alimentación,0.787,19,14679.2,Barcelona,2018-11-03
CUST-01869,98,341.01,258,Belleza,0.646,9,17869.92,Málaga,2018-06-24
CUST-01870,74,253.2,39,Alimentación,0.151,9,14076.47,Valencia,2022-06-03
CUST-01871,98,242.4,259,Belleza,0.435,0,8070.4,Madrid,2018-04-11
CUST-01872,63,198.28,325,Libros,0.341,11,11885.91,Madrid,2019-07-18
CUST-01873,97,288.06,120,Juguetes,0.413,8,21250.15,Valencia,2019-10-21
CUST-01874,94,165.41,87,Electrónica,0.785,12,14874.35,Málaga,2021-02-05
CUST-01875,14,212.26,123,Alimentación,0.41,19,2384.55,Madrid,2021-06-19
CUST-01876,135,104.61,33,Electrónica,0.061,1,16033.45,Málaga,2022-11-08
CUST-01877,136,75.27,284,Libros,0.915,0,5481.22,Zaragoza,2022-02-10
CUST-01878,141,475.0,255,Hogar,0.88,7,51175.4,Bilbao,2020-02-14
CUST-01879,103,144.88,79,Ropa,0.673,4,13832.99,Sevilla,2021-06-21
CUST-01880,134,292.14,342,Hogar,0.667,9,26106.08,Bilbao,2018-11-21
CUST-01881,108,381.89,66,Deportes,0.368,16,28367.71,Madrid,2018-08-02
CUST-01882,22,239.05,20,Libros,0.822,9,6052.74,Bilbao,2021-07-17
CUST-01883,91,473.88,191,Hogar,0.758,1,20178.59,Zaragoza,2022-06-04
CUST-01884,88,278.58,95,Belleza,0.294,0,22107.61,Sevilla,2020-08-20
CUST-01885,106,399.17,148,Libros,0.513,16,31932.66,Zaragoza,2023-02-24
CUST-01886,28,193.66,284,Deportes,0.697,16,2497.64,Madrid,2019-07-19
CUST-01887,120,310.9,356,Hogar,0.062,10,12452.92,Málaga,2021-11-07
CUST-01888,62,114.25,110,Libros,0.209,11,3363.93,Madrid,2020-12-13
CUST-01889,32,206.44,113,Belleza,0.807,3,2517.26,Bilbao,2021-12-27
CUST-01890,32,279.02,310,Alimentación,0.976,7,7446.36,Murcia,2021-07-16
CUST-01891,56,80.33,329,Alimentación,0.323,7,1508.3,Sevilla,2020-04-12
CUST-01892,22,460.29,313,Ropa,0.761,15,9949.76,Madrid,2019-11-02
CUST-01893,119,480.96,208,Ropa,0.779,16,63108.85,Zaragoza,2018-01-22
CUST-01894,7,498.67,15,Deportes,0.586,10,3493.38,Valencia,2018-08-18
CUST-01895,63,348.87,170,Electrónica,0.472,15,11813.58,Valencia,2019-08-04
CUST-01896,1,442.91,348,Juguetes,0.214,11,375.93,Barcelona,2019-12-10
CUST-01897,20,165.95,36,Electrónica,0.809,16,2905.32,Valencia,2021-03-23
CUST-01898,139,156.74,118,Ropa,0.397,15,13260.69,Bilbao,2018-02-24
CUST-01899,50,97.74,80,Juguetes,0.942,19,4113.72,Valencia,2018-10-30
CUST-01900,116,148.38,172,Deportes,0.418,2,9116.08,Barcelona,2018-03-16
CUST-01901,134,275.01,21,Hogar,0.83,20,11760.32,Bilbao,2022-06-11
CUST-01902,127,468.76,219,Deportes,0.435,1,45685.57,Málaga,2018-07-16
CUST-01903,110,393.45,9,Hogar,0.939,6,47059.8,Barcelona,2018-04-24
CUST-01904,100,207.95,311,Belleza,0.088,0,13468.0,Sevilla,2021-11-03
CUST-01905,83,471.05,108,Ropa,0.1,5,38738.83,Murcia,2019-06-05
CUST-01906,14,411.44,260,Belleza,0.55,13,4693.59,Málaga,2020-09-21
CUST-01907,144,327.41,73,Juguetes,0.621,16,49422.0,Murcia,2019-08-18
CUST-01908,62,162.44,283,Ropa,0.005,16,11950.91,Madrid,2022-05-17
CUST-01909,77,130.15,341,Belleza,0.913,16,4237.57,Sevilla,2018-04-05
CUST-01910,96,313.04,63,Deportes,0.053,11,21228.03,Sevilla,2021-11-22
CUST-01911,130,193.6,289,Electrónica,0.581,2,25745.8,Madrid,2019-08-09
CUST-01912,116,496.07,298,Electrónica,0.807,12,56427.58,Valencia,2021-12-17
CUST-01913,76,417.69,328,Juguetes,0.605,19,30837.09,Zaragoza,2021-10-16
CUST-01914,134,158.34,274,Ropa,0.784,18,13699.94,Murcia,2023-05-04
CUST-01915,85,289.19,150,Hogar,0.021,16,27004.96,Sevilla,2021-03-12
CUST-01916,49,67.55,114,Hogar,0.294,4,3305.45,Sevilla,2020-05-30
CUST-01917,105,316.78,11,Electrónica,0.99,15,14618.63,Zaragoza,2021-08-04
CUST-01918,107,486.59,15,Alimentación,0.642,5,50729.6,Barcelona,2019-09-26
CUST-01919,84,340.02,308,Deportes,0.908,20,14839.67,Sevilla,2023-04-30
CUST-01920,73,416.59,176,Electrónica,0.96,3,35989.62,Valencia,2023-01-22
CUST-01921,8,281.39,75,Belleza,0.406,11,1778.5,Zaragoza,2018-10-28
CUST-01922,24,395.05,195,Libros,0.573,11,6316.68,Zaragoza,2018-05-30
CUST-01923,144,248.74,218,Electrónica,0.098,4,35454.71,Sevilla,2022-07-12
CUST-01924,31,137.19,98,Belleza,0.777,12,3348.39,Málaga,2019-05-08
CUST-01925,11,429.5,84,Libros,0.478,7,1421.51,Bilbao,2021-09-29
CUST-01926,100,45.36,28,Juguetes,0.117,12,3417.92,Zaragoza,2018-06-03
CUST-01927,86,414.43,13,Deportes,0.048,2,22727.27,Barcelona,2018-04-25
CUST-01928,76,320.48,37,Ropa,0.858,10,8497.76,Bilbao,2020-04-15
CUST-01929,150,475.47,328,Deportes,0.411,4,24624.78,Valencia,2020-01-25
CUST-01930,70,23.16,253,Libros,0.441,19,897.09,Sevilla,2018-11-29
CUST-01931,36,367.12,210,Alimentación,0.671,19,5596.77,Madrid,2018-02-09
CUST-01932,122,462.57,24,Alimentación,0.982,18,52446.64,Barcelona,2021-05-17
CUST-01933,6,207.68,268,Libros,0.675,8,449.14,Barcelona,2019-02-04
CUST-01934,117,127.57,67,Deportes,0.954,10,9285.14,Sevilla,2023-03-21
CUST-01935,89,459.17,205,Deportes,0.109,17,46360.59,Valencia,2020-08-08
CUST-01936,43,343.85,40,Deportes,0.603,0,9490.05,Madrid,2019-03-25
CUST-01937,132,490.08,162,Deportes,0.132,15,51202.68,Zaragoza,2023-06-23
CUST-01938,32,107.34,229,Juguetes,0.074,17,1947.77,Málaga,2019-06-26
CUST-01939,149,171.67,72,Hogar,0.864,9,19420.52,Madrid,2023-06-16
CUST-01940,71,153.11,27,Juguetes,0.237,6,9934.22,Barcelona,2022-08-31
CUST-01941,121,274.08,72,Juguetes,0.905,15,29865.51,Barcelona,2018-12-15
CUST-01942,4,419.47,327,Ropa,0.092,15,1853.79,Valencia,2021-04-21
CUST-01943,50,141.63,214,Ropa,0.172,17,4292.27,Valencia,2022-08-27
CUST-01944,60,382.57,118,Alimentación,0.875,17,11906.95,Murcia,2018-08-24
CUST-01945,105,29.14,117,Belleza,0.572,14,3560.85,Valencia,2018-02-16
CUST-01946,104,345.16,60,Juguetes,0.454,1,23777.7,Murcia,2023-04-06
CUST-01947,104,266.36,75,Deportes,0.86,0,17412.51,Murcia,2018-01-05
CUST-01948,22,334.57,87,Hogar,0.18,20,4522.12,Zaragoza,2021-10-12
CUST-01949,101,344.19,337,Ropa,0.366,10,27294.91,Valencia,2020-07-05
CUST-01950,104,291.17,37,Libros,0.523,5,11067.29,Barcelona,2021-03-14
CUST-01951,146,208.0,233,Belleza,0.755,1,24348.27,Valencia,2020-12-30
CUST-01952,111,317.37,277,Deportes,0.289,17,38091.05,Bilbao,2023-05-06
CUST-01953,10,427.67,17,Hogar,0.951,7,3832.27,Valencia,2021-01-15
CUST-01954,130,485.0,331,Libros,0.13,19,38078.98,Zaragoza,2022-02-15
CUST-01955,73,183.19,320,Ropa,0.546,14,15595.27,Barcelona,2022-03-19
CUST-01956,24,188.11,91,Alimentación,0.235,17,2986.38,Madrid,2020-03-10
CUST-01957,139,388.02,336,Deportes,0.187,19,38121.41,Murcia,2020-02-19
CUST-01958,119,255.03,272,Ropa,0.492,17,13199.36,Barcelona,2021-07-01
CUST-01959,40,420.97,66,Alimentación,0.32,18,8024.33,Zaragoza,2022-03-16
CUST-01960,135,15.32,329,Belleza,0.186,20,2095.43,Madrid,2020-01-26
CUST-01961,8,336.83,184,Libros,0.756,12,1732.24,Madrid,2021-06-22
CUST-01962,146,33.58,344,Alimentación,0.125,8,5440.95,Málaga,2018-12-27
CUST-01963,69,136.83,268,Belleza,0.393,18,6180.82,Málaga,2018-10-15
CUST-01964,48,324.58,324,Libros,0.952,17,15041.16,Málaga,2022-10-01
CUST-01965,57,435.15,99,Juguetes,0.546,18,28302.9,Bilbao,2019-11-28
CUST-01966,67,53.61,348,Hogar,0.916,5,2800.71,Zaragoza,2019-11-23
CUST-01967,88,203.7,294,Hogar,0.172,18,8953.6,Murcia,2021-11-23
CUST-01968,136,309.85,351,Belleza,0.37,7,45275.0,Sevilla,2023-04-09
CUST-01969,95,192.42,330,Juguetes,0.49,8,21216.26,Barcelona,2023-04-29
CUST-01970,83,381.65,348,Electrónica,0.287,8,15895.05,Málaga,2019-02-02
CUST-01971,132,414.8,38,Ropa,0.926,3,61460.5,Bilbao,2021-05-11
CUST-01972,13,111.59,360,Hogar,0.334,7,786.58,Murcia,2018-03-19
CUST-01973,54,206.35,45,Belleza,0.325,14,4421.17,Barcelona,2022-08-22
CUST-01974,28,120.05,88,Deportes,0.366,6,3481.69,Málaga,2020-09-01
CUST-01975,110,231.95,162,Deportes,0.046,19,13756.88,Barcelona,2022-09-30
CUST-01976,73,475.94,44,Ropa,0.035,11,15967.9,Valencia,2020-02-24
CUST-01977,144,44.17,67,Alimentación,0.758,0,3463.37,Barcelona,2018-09-23
CUST-01978,103,93.95,70,Belleza,0.935,17,9949.62,Sevilla,2022-07-16
CUST-01979,15,478.44,298,Juguetes,0.506,14,5633.8,Zaragoza,2019-07-27
CUST-01980,36,253.97,172,Hogar,0.51,8,7197.44,Bilbao,2019-11-27
CUST-01981,82,396.99,314,Belleza,0.288,16,13542.36,Zaragoza,2023-05-16
CUST-01982,110,492.91,13,Ropa,0.136,0,59329.86,Barcelona,2018-03-29
CUST-01983,96,325.0,300,Libros,0.647,7,11402.77,Valencia,2019-04-30
CUST-01984,84,436.22,35,Ropa,0.208,10,22203.03,Valencia,2018-03-11
CUST-01985,143,373.01,349,Juguetes,0.1,9,29653.37,Sevilla,2020-11-30
CUST-01986,126,84.88,353,Juguetes,0.99,7,7280.7,Zaragoza,2023-01-15
CUST-01987,106,87.61,3,Libros,0.13,16,11016.87,Murcia,2021-12-12
CUST-01988,74,116.44,35,Belleza,0.526,5,8072.07,Valencia,2022-07-13
CUST-01989,49,420.62,64,Hogar,0.2,4,22481.75,Barcelona,2021-08-14
CUST-01990,24,43.61,4,Libros,0.885,16,544.54,Madrid,2019-06-22
CUST-01991,53,363.01,237,Hogar,0.345,17,8629.95,Murcia,2020-08-23
CUST-01992,117,100.82,92,Ropa,0.9,15,8467.54,Zaragoza,2019-06-18
CUST-01993,124,80.8,79,Libros,0.863,1,5940.29,Málaga,2021-06-20
CUST-01994,98,451.33,283,Alimentación,0.241,3,28893.29,Barcelona,2021-01-30
CUST-01995,31,328.03,89,Alimentación,0.063,6,4865.72,Valencia,2022-06-01
CUST-01996,8,173.02,88,Hogar,0.155,18,1548.43,Sevilla,2019-03-15
CUST-01997,26,370.41,167,Hogar,0.657,18,3542.41,Zaragoza,2019-09-13
CUST-01998,61,449.9,166,Hogar,0.653,7,27729.77,Sevilla,2022-10-19
CUST-01999,143,470.75,136,Belleza,0.418,15,64106.72,Sevilla,2020-08-06
CUST-02000,42,407.0,148,Deportes,0.247,0,13913.48,Murcia,2019-06-19
CUST-02001,30,102.52,228,Alimentación,0.604,18,2137.28,Bilbao,2019-01-18
CUST-02002,18,93.61,169,Alimentación,0.246,19,1215.98,Valencia,2020-12-15
CUST-02003,55,252.81,167,Ropa,0.138,17,16007.25,Murcia,2020-11-28
CUST-02004,39,28.62,345,Hogar,0.753,3,470.18,Sevilla,2020-01-17
CUST-02005,141,106.39,19,Electrónica,0.883,8,14774.43,Zaragoza,2020-09-28
CUST-02006,90,346.54,354,Alimentación,0.74,11,28088.86,Murcia,2020-01-02
CUST-02007,137,206.26,31,Deportes,0.799,1,13614.4,Valencia,2019-07-24
CUST-02008,100,328.02,293,Deportes,0.855,18,19309.25,Bilbao,2020-07-31
CUST-02009,42,477.74,292,Belleza,0.899,2,6431.99,Barcelona,2018-11-02
CUST-02010,7,59.85,101,Belleza,0.478,20,452.91,Valencia,2020-11-13
CUST-02011,51,457.15,295,Electrónica,0.416,15,8728.61,Sevilla,2021-11-07
CUST-02012,30,85.41,24,Ropa,0.633,4,1035.18,Murcia,2018-11-19
CUST-02013,105,241.28,338,Alimentación,0.14,3,21413.99,Barcelona,2022-03-08
CUST-02014,29,200.55,53,Ropa,0.13,5,1963.85,Barcelona,2021-06-18
CUST-02015,35,365.65,338,Alimentación,0.743,16,12592.43,Madrid,2023-03-25
CUST-02016,55,32.96,292,Deportes,0.192,12,1094.17,Sevilla,2021-01-03
CUST-02017,117,330.55,340,Hogar,0.811,16,15209.33,Madrid,2022-04-15
CUST-02018,26,58.7,11,Hogar,0.79,12,1316.83,Bilbao,2018-10-15
CUST-02019,148,337.49,68,Electrónica,0.15,9,31868.12,Málaga,2018-02-05
CUST-02020,90,364.96,33,Belleza,0.81,20,9890.46,Sevilla,2023-03-22
CUST-02021,33,392.92,298,Belleza,0.497,0,12949.85,Sevilla,2019-04-14
CUST-02022,37,148.6,217,Ropa,0.935,17,3265.79,Murcia,2020-01-21
CUST-02023,34,117.83,13,Libros,0.259,2,4404.01,Zaragoza,2022-05-14
CUST-02024,37,495.2,27,Electrónica,0.422,11,15625.82,Valencia,2020-09-08
CUST-02025,72,44.25,306,Alimentación,0.619,14,3017.0,Sevilla,2023-05-29
CUST-02026,110,433.05,11,Juguetes,0.412,4,19713.21,Barcelona,2019-07-31
CUST-02027,82,141.61,81,Belleza,0.828,20,10193.46,Barcelona,2019-03-31
CUST-02028,64,43.44,8,Electrónica,0.616,12,3227.57,Bilbao,2021-03-01
CUST-02029,109,448.13,157,Belleza,0.623,11,34120.57,Murcia,2021-10-18
CUST-02030,73,221.21,88,Belleza,0.946,8,11814.35,Málaga,2018-08-06
CUST-02031,119,225.58,56,Libros,0.044,1,26635.74,Valencia,2022-06-21
CUST-02032,54,27.92,211,Electrónica,0.554,3,1062.0,Barcelona,2019-07-20
CUST-02033,42,220.55,21,Alimentación,0.544,16,3591.17,Barcelona,2022-01-28
CUST-02034,28,86.84,15,Alimentación,0.868,3,2861.37,Málaga,2021-12-13
CUST-02035,22,109.81,21,Alimentación,0.409,3,1260.7,Madrid,2020-08-04
CUST-02036,21,484.86,147,Belleza,0.361,16,11795.9,Sevilla,2020-10-04
CUST-02037,103,99.87,360,Deportes,0.197,0,8317.94,Bilbao,2019-01-08
CUST-02038,115,221.57,219,Belleza,0.596,15,8324.89,Málaga,2018-09-04
CUST-02039,51,499.88,102,Belleza,0.607,5,26521.97,Madrid,2023-02-27
CUST-02040,112,446.47,223,Libros,0.823,2,30898.39,Murcia,2018-05-12
CUST-02041,122,24.21,29,Hogar,0.98,12,1988.74,Sevilla,2018-07-25
CUST-02042,7,381.22,59,Belleza,0.051,18,1966.95,Bilbao,2020-08-15
CUST-02043,10,24.53,335,Libros,0.263,7,193.66,Barcelona,2023-04-13
CUST-02044,147,16.47,127,Libros,0.668,2,1416.34,Barcelona,2018-12-19
CUST-02045,129,33.38,301,Libros,0.298,19,4476.28,Madrid,2023-03-19
CUST-02046,58,329.29,101,Alimentación,0.463,14,17506.75,Zaragoza,2022-07-25
CUST-02047,143,378.7,52,Juguetes,0.411,12,62813.71,Zaragoza,2018-11-01
CUST-02048,74,476.98,248,Alimentación,0.48,8,18474.82,Sevilla,2022-08-29
CUST-02049,112,103.76,352,Belleza,0.967,18,9710.71,Valencia,2021-04-08
CUST-02050,4,47.49,135,Alimentación,0.165,13,201.99,Barcelona,2023-05-12
CUST-02051,55,241.63,263,Electrónica,0.461,17,14084.71,Valencia,2018-08-05
CUST-02052,15,422.9,338,Juguetes,0.665,0,5504.52,Barcelona,2021-09-14
CUST-02053,140,472.7,42,Ropa,0.235,19,53895.77,Bilbao,2021-05-04
CUST-02054,29,55.5,227,Hogar,0.963,17,1212.41,Murcia,2021-04-18
CUST-02055,19,485.7,204,Electrónica,0.894,9,7212.78,Bilbao,2018-11-26
CUST-02056,92,268.14,119,Alimentación,0.571,14,28992.53,Barcelona,2020-02-05
CUST-02057,139,98.7,13,Electrónica,0.26,1,9286.72,Murcia,2019-10-18
CUST-02058,47,423.43,194,Ropa,0.563,9,16639.65,Murcia,2018-07-07
CUST-02059,131,447.13,345,Hogar,0.817,8,59295.48,Barcelona,2021-05-13
CUST-02060,119,367.21,200,Hogar,0.579,15,39246.26,Zaragoza,2018-04-13
CUST-02061,91,126.23,60,Electrónica,0.259,2,11614.49,Bilbao,2020-05-17
CUST-02062,110,36.35,282,Belleza,0.642,5,2953.92,Barcelona,2021-10-12
CUST-02063,97,186.71,235,Belleza,0.581,20,11923.15,Sevilla,2019-08-23
CUST-02064,73,420.02,192,Juguetes,0.384,7,29076.86,Madrid,2023-04-01
CUST-02065,69,234.73,159,Electrónica,0.152,14,5028.22,Zaragoza,2021-02-22
CUST-02066,99,84.03,182,Ropa,0.58,7,8676.42,Málaga,2020-04-12
CUST-02067,1,258.73,293,Hogar,0.96,7,139.54,Bilbao,2020-03-30
CUST-02068,112,81.67,132,Electrónica,0.395,4,10899.02,Sevilla,2022-03-22
CUST-02069,109,25.7,32,Ropa,0.089,2,1381.06,Murcia,2022-08-27
CUST-02070,92,335.67,307,Deportes,0.64,5,37018.47,Barcelona,2022-11-24
CUST-02071,28,127.83,243,Juguetes,0.72,0,2174.59,Sevilla,2019-05-25
CUST-02072,83,284.8,48,Libros,0.401,0,26451.58,Madrid,2020-01-08
CUST-02073,127,85.15,63,Libros,0.616,13,6338.06,Bilbao,2018-03-06
CUST-02074,71,28.7,290,Libros,0.416,2,1473.34,Sevilla,2022-02-25
CUST-02075,133,76.49,132,Ropa,0.595,18,9946.38,Murcia,2021-07-15
CUST-02076,103,238.94,282,Electrónica,0.145,8,9146.8,Madrid,2019-07-09
CUST-02077,58,422.27,318,Ropa,0.185,12,21159.11,Zaragoza,2023-04-24
CUST-02078,138,314.44,127,Juguetes,0.699,18,28476.25,Bilbao,2021-06-20
CUST-02079,130,199.86,159,Libros,0.689,2,15448.62,Murcia,2021-04-19
CUST-02080,13,68.66,314,Belleza,0.135,19,813.65,Bilbao,2018-04-30
CUST-02081,64,353.04,195,Belleza,0.889,1,13921.3,Murcia,2018-05-25
CUST-02082,109,346.14,31,Ropa,0.227,19,29581.09,Murcia,2022-04-29
CUST-02083,108,167.48,210,Deportes,0.976,20,7473.66,Zaragoza,2020-11-20
CUST-02084,96,305.75,194,Belleza,0.486,1,9460.03,Bilbao,2021-09-05
CUST-02085,77,272.22,297,Hogar,0.25,1,11821.67,Bilbao,2020-02-10
CUST-02086,143,312.49,220,Libros,0.498,1,26551.88,Zaragoza,2020-06-11
CUST-02087,4,412.79,159,Hogar,0.315,11,1223.55,Bilbao,2020-06-26
CUST-02088,147,233.55,157,Electrónica,0.768,7,16240.98,Málaga,2020-11-03
CUST-02089,34,132.62,189,Juguetes,0.258,12,4907.22,Madrid,2022-05-24
CUST-02090,108,178.21,148,Hogar,0.054,12,16732.32,Valencia,2021-05-21
CUST-02091,14,19.44,345,Deportes,0.425,5,110.65,Málaga,2018-11-08
CUST-02092,116,222.67,244,Hogar,0.694,15,14969.73,Bilbao,2018-10-03
CUST-02093,100,28.46,40,Ropa,0.177,3,1090.22,Málaga,2023-02-09
CUST-02094,16,17.97,274,Juguetes,0.015,15,238.62,Bilbao,2020-03-22
CUST-02095,144,77.01,40,Alimentación,0.173,19,12134.41,Murcia,2020-01-04
CUST-02096,70,231.37,209,Electrónica,0.793,5,14167.11,Murcia,2020-05-20
CUST-02097,29,460.97,27,Hogar,0.204,8,6763.3,Barcelona,2022-04-05
CUST-02098,59,223.59,356,Belleza,0.589,12,14243.97,Murcia,2020-12-26
CUST-02099,142,184.92,325,Alimentación,0.169,8,30281.18,Madrid,2018-12-25
CUST-02100,32,340.8,355,Hogar,0.751,16,6454.69,Bilbao,2019-06-03
CUST-02101,13,30.25,219,Libros,0.254,20,248.02,Málaga,2021-08-28
CUST-02102,38,436.89,39,Belleza,0.111,6,7284.01,Murcia,2021-12-31
CUST-02103,138,313.17,251,Libros,0.682,19,41492.9,Murcia,2018-06-23
CUST-02104,102,385.62,124,Alimentación,0.664,20,34509.57,Murcia,2022-03-01
CUST-02105,44,29.89,284,Alimentación,0.539,5,1364.72,Valencia,2023-01-13
CUST-02106,4,332.7,31,Belleza,0.801,2,1125.95,Murcia,2020-03-03
CUST-02107,66,174.54,325,Electrónica,0.194,12,9768.57,Sevilla,2022-06-12
CUST-02108,140,258.98,74,Belleza,0.267,7,21678.97,Sevilla,2019-04-16
CUST-02109,10,431.05,358,Electrónica,0.788,3,3289.91,Bilbao,2022-01-04
CUST-02110,122,260.0,263,Alimentación,0.905,13,19374.78,Zaragoza,2018-12-19
CUST-02111,66,459.64,184,Libros,0.262,13,10561.21,Bilbao,2020-12-24
CUST-02112,17,245.43,317,Belleza,0.217,17,1654.06,Sevilla,2021-08-07
CUST-02113,32,86.34,233,Deportes,0.96,16,2472.68,Málaga,2022-11-26
CUST-02114,136,264.53,79,Juguetes,0.885,19,12765.35,Zaragoza,2019-10-07
CUST-02115,123,65.76,230,Hogar,0.681,8,5169.82,Murcia,2018-03-16
CUST-02116,65,99.89,67,Juguetes,0.905,17,5738.56,Barcelona,2021-04-28
CUST-02117,134,129.2,290,Hogar,0.792,4,20398.07,Murcia,2021-08-16
CUST-02118,101,461.18,80,Electrónica,0.944,18,22781.0,Murcia,2018-12-20
CUST-02119,43,85.67,22,Deportes,0.816,0,1718.88,Madrid,2018-12-26
CUST-02120,17,350.46,197,Electrónica,0.461,12,2401.91,Madrid,2023-02-07
CUST-02121,99,74.03,280,Alimentación,0.084,9,3447.66,Madrid,2020-02-25
CUST-02122,16,459.88,120,Libros,0.898,9,8356.58,Barcelona,2021-08-23
CUST-02123,131,381.23,247,Ropa,0.276,17,43816.5,Sevilla,2019-02-04
CUST-02124,105,435.18,301,Libros,0.316,3,15142.15,Málaga,2019-02-11
CUST-02125,104,459.26,1,Alimentación,0.37,8,54885.11,Madrid,2023-05-05
CUST-02126,20,175.73,352,Alimentación,0.046,13,4130.36,Zaragoza,2021-09-30
CUST-02127,69,59.63,6,Juguetes,0.905,12,4626.83,Zaragoza,2019-09-05
CUST-02128,58,493.59,0,Ropa,0.808,17,16934.68,Barcelona,2020-03-27
CUST-02129,11,268.55,7,Alimentación,0.367,17,2907.34,Bilbao,2020-05-30
CUST-02130,76,283.67,193,Deportes,0.534,18,17422.66,Zaragoza,2020-04-09
CUST-02131,118,395.68,270,Juguetes,0.234,13,37456.17,Valencia,2020-12-01
CUST-02132,136,497.58,338,Alimentación,0.641,19,24725.79,Barcelona,2018-03-04
CUST-02133,47,191.07,39,Juguetes,0.569,12,2883.0,Málaga,2021-05-02
CUST-02134,6,472.48,67,Hogar,0.432,11,2010.2,Sevilla,2023-05-28
CUST-02135,4,161.82,40,Juguetes,0.553,0,637.54,Valencia,2023-01-12
CUST-02136,19,395.22,184,Hogar,0.336,10,8818.51,Málaga,2018-08-30
CUST-02137,117,156.03,46,Alimentación,0.671,4,13499.04,Murcia,2020-02-28
CUST-02138,25,277.78,330,Ropa,0.551,8,2657.74,Valencia,2021-12-30
CUST-02139,112,144.14,83,Hogar,0.141,15,9699.78,Zaragoza,2021-04-18
CUST-02140,14,408.41,135,Alimentación,0.721,11,3086.21,Barcelona,2018-09-28
CUST-02141,76,195.83,23,Belleza,0.319,16,6158.28,Barcelona,2022-09-27
CUST-02142,94,256.02,0,Hogar,0.71,0,27538.28,Valencia,2018-04-12
CUST-02143,57,463.79,175,Juguetes,0.41,1,18860.05,Barcelona,2019-03-09
CUST-02144,121,496.06,257,Libros,0.163,17,51015.2,Valencia,2022-12-23
CUST-02145,15,58.15,266,Electrónica,0.652,16,405.15,Bilbao,2021-11-11
CUST-02146,62,58.69,214,Alimentación,0.072,17,4118.29,Bilbao,2022-06-16
CUST-02147,124,46.97,179,Electrónica,0.943,20,5406.18,Málaga,2023-04-28
CUST-02148,30,293.57,0,Ropa,0.61,14,9664.19,Madrid,2018-08-12
CUST-02149,48,222.29,22,Belleza,0.744,7,12294.99,Barcelona,2022-11-01
CUST-02150,146,81.04,22,Electrónica,0.033,2,12171.36,Murcia,2021-04-30
CUST-02151,2,479.14,131,Electrónica,0.906,20,362.19,Málaga,2020-10-29
CUST-02152,76,125.1,330,Belleza,0.141,18,7318.12,Bilbao,2020-04-26
CUST-02153,89,78.78,131,Juguetes,0.279,15,6937.04,Sevilla,2020-04-26
CUST-02154,122,113.06,159,Hogar,0.811,2,6784.87,Barcelona,2022-04-28
CUST-02155,67,176.16,78,Electrónica,0.352,17,10593.99,Barcelona,2020-04-05
CUST-02156,18,242.11,151,Hogar,0.213,11,3024.72,Sevilla,2020-12-09
CUST-02157,39,219.03,30,Belleza,0.406,8,10089.26,Sevilla,2020-06-10
CUST-02158,115,108.97,280,Juguetes,0.219,8,13808.47,Madrid,2023-03-22
CUST-02159,46,169.19,116,Libros,0.383,20,9122.48,Sevilla,2019-09-03
CUST-02160,139,38.0,171,Hogar,0.053,14,5991.43,Zaragoza,2021-12-14
CUST-02161,93,232.76,171,Juguetes,0.352,11,25214.68,Madrid,2018-11-23
CUST-02162,3,303.12,276,Hogar,0.937,10,360.49,Sevilla,2020-10-07
CUST-02163,27,446.4,51,Electrónica,0.951,3,8634.98,Bilbao,2020-11-05
CUST-02164,5,84.03,151,Ropa,0.704,14,383.92,Zaragoza,2018-04-21
CUST-02165,7,211.97,317,Hogar,0.371,7,865.96,Valencia,2023-02-27
CUST-02166,46,499.13,42,Ropa,0.667,5,15933.39,Bilbao,2019-10-05
CUST-02167,3,91.59,213,Electrónica,0.76,1,101.95,Málaga,2018-08-16
CUST-02168,47,454.66,177,Deportes,0.967,20,19611.35,Málaga,2021-04-19
CUST-02169,87,30.52,144,Alimentación,0.044,15,1035.29,Bilbao,2020-06-26
CUST-02170,119,303.56,25,Hogar,0.931,18,32752.01,Sevilla,2021-08-11
CUST-02171,17,38.35,201,Deportes,0.288,19,322.46,Madrid,2019-09-15
CUST-02172,149,72.48,142,Deportes,0.348,1,11776.43,Madrid,2020-05-27
CUST-02173,17,49.92,153,Libros,0.627,3,984.31,Madrid,2021-09-01
CUST-02174,140,189.2,124,Hogar,0.909,18,16062.88,Málaga,2018-04-04
CUST-02175,19,31.13,208,Juguetes,0.964,18,678.13,Málaga,2018-01-27
CUST-02176,147,222.81,280,Juguetes,0.059,17,21229.61,Madrid,2020-06-18
CUST-02177,12,392.47,123,Libros,0.996,16,2544.86,Murcia,2021-10-25
CUST-02178,50,291.58,147,Deportes,0.307,11,15682.62,Valencia,2018-02-12
CUST-02179,126,237.36,80,Juguetes,0.334,0,14839.12,Madrid,2021-07-20
CUST-02180,19,254.22,194,Electrónica,0.313,4,5356.47,Málaga,2019-01-12
CUST-02181,118,275.56,94,Ropa,0.582,20,15220.55,Bilbao,2023-04-24
CUST-02182,57,164.24,48,Deportes,0.07,1,7622.15,Valencia,2021-08-10
CUST-02183,92,133.48,326,Electrónica,0.764,17,9826.67,Zaragoza,2020-04-27
CUST-02184,4,88.46,59,Deportes,0.088,12,247.57,Bilbao,2022-06-16
CUST-02185,73,449.75,171,Electrónica,0.958,14,19721.2,Valencia,2022-11-30
CUST-02186,145,432.44,44,Belleza,0.171,18,62325.03,Murcia,2019-10-01
CUST-02187,12,127.01,123,Juguetes,0.419,5,1550.95,Valencia,2022-12-17
CUST-02188,95,186.56,95,Alimentación,0.078,14,21001.51,Valencia,2022-12-28
CUST-02189,1,455.06,58,Hogar,0.091,11,481.3,Madrid,2019-04-08
CUST-02190,49,224.25,86,Hogar,0.099,19,10471.82,Madrid,2018-12-17
CUST-02191,135,396.05,267,Belleza,0.573,15,50820.71,Barcelona,2021-11-06
CUST-02192,112,66.61,57,Ropa,0.503,6,5833.8,Málaga,2019-11-12
CUST-02193,146,378.57,353,Belleza,0.973,5,51600.1,Barcelona,2018-07-12
CUST-02194,13,378.95,173,Electrónica,0.917,15,3849.84,Zaragoza,2022-07-14
CUST-02195,141,489.86,311,Ropa,0.943,16,77203.52,Sevilla,2020-09-09
CUST-02196,85,481.3,159,Libros,0.866,3,48924.3,Valencia,2018-10-10
CUST-02197,42,15.59,90,Alimentación,0.551,19,370.01,Valencia,2018-09-19
CUST-02198,40,43.69,45,Hogar,0.277,15,2077.31,Sevilla,2021-09-03
CUST-02199,135,377.67,33,Hogar,0.421,11,41784.97,Sevilla,2021-12-26
CUST-02200,33,371.82,6,Electrónica,0.128,20,5976.4,Sevilla,2018-04-14
CUST-02201,57,428.4,66,Hogar,0.717,15,15219.21,Bilbao,2023-03-21
CUST-02202,63,195.87,99,Ropa,0.041,4,9291.93,Valencia,2020-05-05
CUST-02203,105,137.93,100,Electrónica,0.003,1,8834.28,Málaga,2022-06-13
CUST-02204,117,237.91,203,Alimentación,0.903,3,23660.0,Sevilla,2019-04-05
CUST-02205,6,331.1,306,Ropa,0.09,2,1435.73,Valencia,2020-02-14
CUST-02206,150,378.3,271,Hogar,0.218,0,30489.29,Madrid,2022-09-21
CUST-02207,100,205.06,77,Ropa,0.567,6,23479.32,Bilbao,2020-05-09
CUST-02208,129,42.1,207,Electrónica,0.557,11,6364.77,Murcia,2020-05-05
CUST-02209,11,200.83,358,Alimentación,0.394,4,829.97,Zaragoza,2020-11-14
CUST-02210,93,44.32,297,Belleza,0.287,8,2351.27,Zaragoza,2018-03-16
CUST-02211,101,490.15,350,Juguetes,0.306,6,46809.68,Murcia,2021-03-08
CUST-02212,3,161.62,309,Belleza,0.377,14,228.27,Zaragoza,2022-09-30
CUST-02213,35,225.41,60,Juguetes,0.088,4,4182.57,Valencia,2022-05-29
CUST-02214,88,471.31,284,Hogar,0.695,8,37583.05,Zaragoza,2018-07-27
CUST-02215,26,373.85,208,Alimentación,0.148,7,9252.75,Madrid,2023-02-02
CUST-02216,68,121.99,286,Juguetes,0.339,7,9113.45,Barcelona,2022-01-14
CUST-02217,48,446.15,341,Alimentación,0.058,17,10970.26,Bilbao,2019-05-18
CUST-02218,9,407.32,123,Deportes,0.078,11,3898.68,Bilbao,2020-12-19
CUST-02219,8,196.32,136,Juguetes,0.37,14,1571.39,Murcia,2020-03-10
CUST-02220,85,401.09,205,Alimentación,0.587,8,32373.4,Bilbao,2023-04-15
CUST-02221,93,484.02,223,Deportes,0.371,15,53657.21,Málaga,2019-07-09
CUST-02222,129,200.42,32,Juguetes,0.431,8,10699.13,Zaragoza,2018-12-29
CUST-02223,95,25.73,357,Libros,0.908,18,1463.77,Málaga,2022-09-14
CUST-02224,88,104.9,204,Ropa,0.596,10,9303.89,Bilbao,2020-01-31
CUST-02225,78,424.46,93,Juguetes,0.113,7,10336.0,Zaragoza,2022-11-17
CUST-02226,62,193.45,301,Hogar,0.987,8,5558.37,Bilbao,2018-09-08
CUST-02227,68,330.57,298,Electrónica,0.195,5,25780.05,Bilbao,2022-07-31
CUST-02228,82,444.77,109,Libros,0.718,1,25804.23,Barcelona,2020-04-25
CUST-02229,58,65.56,348,Alimentación,0.904,0,2968.76,Sevilla,2021-11-06
CUST-02230,136,413.65,85,Alimentación,0.142,3,20897.04,Barcelona,2022-02-03
CUST-02231,143,151.21,80,Ropa,0.209,8,20870.81,Murcia,2018-12-27
CUST-02232,67,144.52,348,Alimentación,0.65,15,3328.46,Zaragoza,2020-10-15
CUST-02233,7,350.38,210,Hogar,0.797,4,1227.09,Sevilla,2020-06-29
CUST-02234,34,294.99,204,Alimentación,0.682,13,4708.63,Murcia,2020-08-16
CUST-02235,72,456.85,330,Ropa,0.827,20,30598.55,Madrid,2022-07-28
CUST-02236,138,45.5,188,Alimentación,0.325,16,5603.74,Valencia,2018-04-04
CUST-02237,39,249.66,349,Electrónica,0.178,4,3496.87,Madrid,2019-01-17
CUST-02238,50,73.16,13,Alimentación,0.604,7,4283.13,Málaga,2021-11-18
CUST-02239,102,271.61,321,Deportes,0.694,15,33081.86,Barcelona,2023-02-04
CUST-02240,32,111.09,318,Deportes,0.346,4,2724.06,Madrid,2020-03-11
CUST-02241,48,294.17,323,Electrónica,0.856,7,8607.26,Valencia,2022-01-12
CUST-02242,55,456.13,75,Belleza,0.169,20,23178.08,Málaga,2022-07-27
CUST-02243,49,448.41,308,Deportes,0.608,0,12273.53,Murcia,2022-10-13
CUST-02244,91,124.37,116,Deportes,0.423,2,8562.36,Murcia,2023-06-14
CUST-02245,102,59.44,25,Alimentación,0.551,14,2067.48,Madrid,2019-01-19
CUST-02246,31,385.78,81,Alimentación,0.83,6,7689.99,Zaragoza,2018-07-22
CUST-02247,32,90.65,51,Alimentación,0.354,17,1450.5,Madrid,2023-05-26
CUST-02248,127,338.12,322,Ropa,0.435,8,33525.05,Valencia,2019-06-13
CUST-02249,52,172.29,134,Alimentación,0.131,6,10587.04,Zaragoza,2023-05-29
CUST-02250,37,476.86,364,Hogar,0.508,20,6978.44,Sevilla,2021-05-29
CUST-02251,40,182.86,343,Libros,0.858,18,3209.96,Bilbao,2022-07-29
CUST-02252,91,211.44,193,Hogar,0.183,19,22966.35,Valencia,2019-11-23
CUST-02253,13,451.61,124,Belleza,0.833,20,5937.39,Sevilla,2020-09-07
CUST-02254,30,272.81,139,Ropa,0.397,15,4486.65,Sevilla,2022-08-23
CUST-02255,125,339.47,117,Electrónica,0.857,9,42219.59,Sevilla,2021-08-30
CUST-02256,4,445.91,36,Hogar,0.22,12,815.24,Málaga,2021-09-15
CUST-02257,103,126.18,242,Libros,0.657,12,4638.88,Madrid,2022-02-05
CUST-02258,12,190.34,128,Alimentación,0.569,5,2610.94,Bilbao,2021-09-13
CUST-02259,23,222.64,137,Belleza,0.072,18,5068.41,Barcelona,2021-10-10
CUST-02260,110,146.74,291,Belleza,0.933,2,13213.49,Málaga,2020-02-09
CUST-02261,116,280.35,183,Belleza,0.805,1,23721.97,Sevilla,2018-01-02
CUST-02262,65,96.83,81,Electrónica,0.667,2,5415.78,Valencia,2021-08-28
CUST-02263,35,368.55,45,Ropa,0.15,2,14791.84,Murcia,2021-03-16
CUST-02264,104,239.44,290,Juguetes,0.647,12,8284.87,Sevilla,2023-05-10
CUST-02265,19,95.01,251,Deportes,0.893,7,671.37,Murcia,2021-05-17
CUST-02266,113,331.24,345,Hogar,0.765,14,43539.82,Valencia,2021-11-25
CUST-02267,91,130.06,326,Juguetes,0.936,20,10846.54,Murcia,2023-01-18
CUST-02268,30,307.27,322,Deportes,0.77,10,5327.05,Bilbao,2018-03-05
CUST-02269,60,75.47,23,Hogar,0.159,18,1640.69,Málaga,2022-09-21
CUST-02270,125,406.66,139,Belleza,0.993,18,44533.11,Madrid,2022-06-26
CUST-02271,2,359.82,0,Alimentación,0.14,17,516.59,Bilbao,2019-09-20
CUST-02272,128,209.44,293,Juguetes,0.448,14,30320.79,Bilbao,2022-12-18
CUST-02273,52,202.04,177,Juguetes,0.427,1,5581.23,Barcelona,2019-11-09
CUST-02274,105,133.47,161,Electrónica,0.699,15,6716.54,Madrid,2021-04-20
CUST-02275,145,221.91,95,Libros,0.963,14,11943.13,Zaragoza,2022-12-13
CUST-02276,146,352.53,114,Hogar,0.321,1,47622.01,Málaga,2021-04-30
CUST-02277,46,193.48,56,Electrónica,0.162,5,6376.06,Murcia,2021-10-13
CUST-02278,77,128.86,40,Juguetes,0.853,19,5566.19,Sevilla,2020-12-10
CUST-02279,90,462.46,211,Juguetes,0.657,7,23669.4,Málaga,2019-11-08
CUST-02280,57,164.08,131,Libros,0.786,9,7957.05,Bilbao,2020-03-21
CUST-02281,67,148.76,230,Deportes,0.285,18,10892.11,Sevilla,2022-12-02
CUST-02282,5,270.02,346,Libros,0.837,17,613.22,Zaragoza,2019-04-05
CUST-02283,129,218.76,309,Belleza,0.723,6,33567.58,Madrid,2021-10-02
CUST-02284,64,91.48,4,Ropa,0.998,18,4104.09,Bilbao,2018-05-06
CUST-02285,123,384.42,245,Ropa,0.327,16,28983.6,Valencia,2019-08-11
CUST-02286,87,244.22,299,Belleza,0.132,4,7087.26,Zaragoza,2018-01-21
CUST-02287,72,289.84,155,Libros,0.382,2,9047.39,Madrid,2021-06-05
CUST-02288,8,83.6,182,Electrónica,0.107,3,323.46,Sevilla,2022-11-05
CUST-02289,101,434.19,270,Belleza,0.707,12,20667.27,Murcia,2021-04-07
CUST-02290,1,284.36,220,Alimentación,0.971,2,321.45,Málaga,2021-06-02
CUST-02291,67,357.32,282,Ropa,0.298,8,22173.32,Sevilla,2020-03-23
CUST-02292,22,50.15,277,Deportes,0.551,1,1209.79,Zaragoza,2019-08-31
CUST-02293,105,91.42,343,Deportes,0.741,1,10291.94,Valencia,2019-02-04
CUST-02294,75,103.81,208,Alimentación,0.208,3,2466.88,Bilbao,2019-04-21
CUST-02295,130,374.6,345,Juguetes,0.801,12,48858.11,Murcia,2021-01-11
CUST-02296,142,398.86,333,Electrónica,0.314,4,45999.94,Madrid,2019-07-29
CUST-02297,40,444.77,334,Electrónica,0.09,15,12352.84,Zaragoza,2019-08-09
CUST-02298,68,106.34,19,Alimentación,0.302,10,2549.7,Barcelona,2019-04-13
CUST-02299,42,93.56,286,Electrónica,0.61,8,2671.73,Málaga,2019-11-24
CUST-02300,87,368.97,81,Alimentación,0.199,4,24662.17,Valencia,2018-11-10
CUST-02301,35,22.88,169,Electrónica,0.401,3,395.57,Sevilla,2022-12-03
CUST-02302,6,121.44,129,Deportes,0.408,14,263.0,Madrid,2021-11-18
CUST-02303,117,192.12,5,Juguetes,0.438,13,9615.99,Barcelona,2020-09-06
CUST-02304,64,450.84,29,Belleza,0.174,20,18269.5,Málaga,2018-04-25
CUST-02305,60,371.34,284,Hogar,0.77,15,10105.6,Barcelona,2018-03-01
CUST-02306,34,37.63,276,Libros,0.296,2,1473.76,Sevilla,2022-06-26
CUST-02307,117,363.08,83,Ropa,0.662,4,23933.72,Madrid,2022-12-10
CUST-02308,113,409.95,211,Electrónica,0.916,8,41437.06,Málaga,2021-01-24
CUST-02309,122,326.46,353,Ropa,0.495,8,26785.52,Murcia,2021-06-28
CUST-02310,13,202.36,327,Libros,0.542,17,2854.7,Valencia,2020-06-21
CUST-02311,38,179.65,32,Alimentación,0.18,10,5727.04,Valencia,2022-07-02
CUST-02312,101,382.75,144,Juguetes,0.713,16,36811.32,Málaga,2018-10-29
CUST-02313,64,319.19,231,Alimentación,0.573,2,20734.3,Sevilla,2018-07-24
CUST-02314,23,489.97,61,Ropa,0.531,16,3806.4,Valencia,2021-11-28
CUST-02315,13,339.76,37,Juguetes,0.454,1,4755.47,Málaga,2020-09-19
CUST-02316,58,305.16,180,Electrónica,0.104,19,15142.18,Bilbao,2021-11-23
CUST-02317,82,371.58,56,Hogar,0.494,5,13953.61,Málaga,2023-01-29
CUST-02318,66,136.14,285,Juguetes,0.454,5,2869.15,Murcia,2022-10-22
CUST-02319,37,69.8,90,Hogar,0.377,10,2367.18,Bilbao,2019-06-18
CUST-02320,50,373.92,0,Deportes,0.692,6,9013.73,Zaragoza,2019-08-17
CUST-02321,114,440.45,9,Libros,0.305,16,37617.61,Bilbao,2021-05-12
CUST-02322,70,240.34,85,Electrónica,0.01,11,14341.7,Málaga,2020-02-13
CUST-02323,81,106.89,349,Ropa,0.448,8,7459.14,Málaga,2023-01-25
CUST-02324,110,322.81,107,Juguetes,0.16,19,34336.33,Valencia,2020-04-28
CUST-02325,48,234.39,254,Libros,0.474,5,4995.5,Sevilla,2020-01-05
CUST-02326,108,54.07,204,Electrónica,0.349,2,2496.9,Valencia,2021-05-23
CUST-02327,95,292.76,80,Electrónica,0.151,9,11272.93,Valencia,2019-10-23
CUST-02328,11,88.54,162,Deportes,0.316,18,644.75,Zaragoza,2020-06-11
CUST-02329,40,328.19,88,Alimentación,0.827,9,11784.28,Sevilla,2023-05-08
CUST-02330,111,197.84,171,Electrónica,0.663,19,16754.23,Valencia,2021-08-16
CUST-02331,50,114.31,54,Ropa,0.223,17,5625.51,Málaga,2018-03-24
CUST-02332,147,274.2,114,Libros,0.704,5,14422.35,Madrid,2021-08-08
CUST-02333,39,60.77,88,Hogar,0.782,11,2309.04,Barcelona,2020-11-13
CUST-02334,138,89.52,222,Belleza,0.543,17,9259.8,Barcelona,2020-04-02
CUST-02335,27,385.33,56,Electrónica,0.531,8,8329.84,Bilbao,2018-04-30
CUST-02336,79,378.79,344,Libros,0.001,12,13762.09,Zaragoza,2023-03-16
CUST-02337,135,248.01,160,Alimentación,0.521,12,29263.55,Murcia,2019-08-01
CUST-02338,31,303.96,66,Libros,0.218,5,3774.89,Zaragoza,2018-10-16
CUST-02339,46,51.43,93,Hogar,0.017,2,806.55,Zaragoza,2018-12-01
CUST-02340,29,151.48,248,Deportes,0.938,18,4372.0,Bilbao,2021-12-04
CUST-02341,121,433.41,228,Ropa,0.153,13,43491.43,Barcelona,2021-05-01
CUST-02342,42,264.14,101,Ropa,0.111,17,3526.88,Bilbao,2019-03-26
CUST-02343,105,25.15,352,Juguetes,0.745,0,940.5,Zaragoza,2019-12-14
CUST-02344,139,178.28,278,Hogar,0.396,3,7520.12,Sevilla,2021-07-17
CUST-02345,46,146.02,271,Belleza,0.899,17,6305.88,Madrid,2023-03-31
CUST-02346,107,423.59,315,Hogar,0.171,18,44896.98,Málaga,2018-05-08
CUST-02347,102,273.98,221,Alimentación,0.164,14,27405.43,Madrid,2023-03-27
CUST-02348,46,424.26,105,Deportes,0.882,16,16558.75,Sevilla,2020-02-29
CUST-02349,124,212.64,42,Deportes,0.506,20,10616.56,Sevilla,2021-07-16
CUST-02350,102,235.61,126,Hogar,0.434,9,28084.51,Zaragoza,2018-08-11
CUST-02351,49,90.2,258,Ropa,0.791,6,4906.25,Madrid,2022-01-08
CUST-02352,139,426.84,114,Ropa,0.349,5,42420.18,Valencia,2021-05-13
CUST-02353,84,358.5,358,Alimentación,0.02,15,22396.01,Barcelona,2018-07-14
CUST-02354,95,415.38,85,Juguetes,0.006,17,30400.12,Madrid,2022-10-20
CUST-02355,20,316.27,239,Deportes,0.607,13,2562.43,Bilbao,2023-02-24
CUST-02356,108,296.08,273,Belleza,0.643,17,29530.47,Barcelona,2019-12-18
CUST-02357,5,495.48,77,Hogar,0.701,12,1565.16,Murcia,2023-05-07
CUST-02358,44,311.64,181,Juguetes,0.575,3,5821.21,Zaragoza,2020-07-06
CUST-02359,130,302.69,83,Libros,0.343,7,33136.76,Sevilla,2021-10-06
CUST-02360,114,373.01,69,Electrónica,0.579,19,13617.07,Zaragoza,2019-07-04
CUST-02361,106,220.18,155,Hogar,0.063,14,19060.67,Murcia,2020-03-22
CUST-02362,144,16.87,304,Electrónica,0.457,15,1286.11,Murcia,2019-12-22
CUST-02363,71,51.5,260,Juguetes,0.194,19,3736.15,Bilbao,2022-10-01
CUST-02364,106,239.09,147,Ropa,0.839,16,29128.64,Bilbao,2019-12-05
CUST-02365,149,275.17,273,Juguetes,0.107,12,23110.68,Sevilla,2021-04-11
CUST-02366,75,168.28,309,Libros,0.167,20,9633.52,Madrid,2020-03-18
CUST-02367,44,72.36,16,Belleza,0.164,4,3709.37,Madrid,2018-03-22
CUST-02368,75,283.15,31,Juguetes,0.018,17,9794.74,Zaragoza,2020-12-30
CUST-02369,134,65.62,113,Belleza,0.001,17,7173.58,Bilbao,2019-01-25
CUST-02370,124,162.98,276,Belleza,0.551,19,16885.13,Madrid,2020-08-28
CUST-02371,142,183.6,121,Ropa,0.015,14,26318.16,Bilbao,2023-02-18
CUST-02372,1,118.23,347,Electrónica,0.345,12,116.31,Madrid,2020-04-05
CUST-02373,53,23.38,183,Belleza,0.387,3,993.99,Barcelona,2022-04-21
CUST-02374,139,337.51,150,Alimentación,0.432,18,16260.71,Sevilla,2022-04-08
CUST-02375,31,272.45,82,Electrónica,0.414,20,8642.58,Murcia,2018-03-05
CUST-02376,110,195.6,352,Deportes,0.123,7,11709.98,Barcelona,2019-08-29
CUST-02377,34,306.7,22,Libros,0.393,8,9371.87,Bilbao,2023-05-10
CUST-02378,96,94.94,19,Juguetes,0.378,4,3692.6,Zaragoza,2023-02-08
CUST-02379,123,81.41,217,Juguetes,0.768,5,11465.84,Málaga,2019-01-06
CUST-02380,85,129.42,325,Electrónica,0.648,9,7652.3,Barcelona,2018-03-02
CUST-02381,79,247.99,199,Alimentación,0.304,9,17950.66,Bilbao,2019-10-29
CUST-02382,112,173.23,49,Deportes,0.848,7,15151.61,Málaga,2019-10-03
CUST-02383,21,485.18,147,Alimentación,0.333,11,5057.15,Madrid,2018-12-07
CUST-02384,64,206.28,337,Electrónica,0.185,2,15016.74,Madrid,2018-05-20
CUST-02385,37,322.15,237,Deportes,0.495,13,11861.87,Murcia,2021-01-02
CUST-02386,143,170.68,345,Belleza,0.321,10,11077.77,Sevilla,2021-04-11
CUST-02387,89,82.87,160,Hogar,0.101,3,8701.15,Bilbao,2019-11-03
CUST-02388,22,232.58,28,Belleza,0.336,1,3971.55,Murcia,2021-07-28
CUST-02389,79,305.65,132,Belleza,0.448,9,13095.06,Madrid,2019-04-17
CUST-02390,92,389.6,152,Deportes,0.438,16,34360.01,Málaga,2022-10-14
CUST-02391,119,72.76,297,Ropa,0.3,18,6177.94,Bilbao,2019-06-17
CUST-02392,10,176.68,250,Deportes,0.511,0,883.44,Bilbao,2018-09-13
CUST-02393,22,438.82,35,Juguetes,0.688,7,10068.67,Sevilla,2020-12-03
CUST-02394,10,263.8,259,Juguetes,0.535,5,2719.45,Valencia,2021-02-14
CUST-02395,45,247.76,243,Belleza,0.196,9,11645.22,Barcelona,2020-06-09
CUST-02396,17,167.03,62,Belleza,0.445,9,1896.04,Valencia,2022-08-31
CUST-02397,58,249.08,262,Belleza,0.05,16,11673.93,Sevilla,2018-08-08
CUST-02398,123,106.18,142,Juguetes,0.869,15,4947.97,Málaga,2020-09-08
CUST-02399,42,302.36,203,Juguetes,0.589,2,15089.64,Murcia,2019-04-05
CUST-02400,35,300.02,294,Juguetes,0.257,12,9095.65,Sevilla,2020-05-30
CUST-02401,14,310.65,294,Belleza,0.586,0,4003.54,Bilbao,2018-08-18
CUST-02402,123,125.52,8,Belleza,0.531,7,16201.56,Madrid,2021-11-01
CUST-02403,25,356.57,276,Hogar,0.594,16,5004.98,Málaga,2019-08-12
CUST-02404,100,149.31,263,Libros,0.776,9,12800.76,Valencia,2023-04-08
CUST-02405,113,97.79,189,Belleza,0.824,15,6583.02,Murcia,2021-12-25
CUST-02406,133,374.82,303,Hogar,0.051,4,18161.31,Málaga,2022-03-07
CUST-02407,36,160.13,276,Ropa,0.188,19,6436.69,Murcia,2020-07-14
CUST-02408,4,464.22,297,Alimentación,0.529,8,2103.65,Barcelona,2022-07-19
CUST-02409,53,221.35,81,Libros,0.523,12,13888.26,Barcelona,2018-08-03
CUST-02410,56,324.52,107,Hogar,0.528,10,17751.27,Barcelona,2022-10-05
CUST-02411,148,134.19,251,Ropa,0.834,2,10875.24,Barcelona,2023-02-20
CUST-02412,6,372.88,316,Electrónica,0.657,18,1940.28,Málaga,2018-12-08
CUST-02413,120,294.89,189,Alimentación,0.316,17,38051.38,Barcelona,2023-03-09
CUST-02414,57,414.21,191,Deportes,0.089,10,22903.14,Zaragoza,2021-01-07
CUST-02415,4,387.87,342,Alimentación,0.318,4,1405.64,Madrid,2018-02-10
CUST-02416,148,131.95,299,Ropa,0.08,7,22705.38,Barcelona,2020-12-26
CUST-02417,79,80.18,161,Alimentación,0.35,7,6024.83,Valencia,2018-03-28
CUST-02418,137,401.84,257,Belleza,0.717,1,30557.56,Madrid,2018-05-05
CUST-02419,55,361.6,105,Libros,0.4,10,22660.38,Valencia,2022-06-17
CUST-02420,98,382.4,71,Deportes,0.915,2,18562.58,Murcia,2019-12-16
CUST-02421,54,186.32,316,Deportes,0.06,0,8692.63,Zaragoza,2021-01-20
CUST-02422,24,192.86,149,Juguetes,0.45,7,1746.63,Málaga,2019-11-16
CUST-02423,62,298.62,290,Juguetes,0.186,11,18715.66,Zaragoza,2018-08-25
CUST-02424,75,134.36,347,Juguetes,0.613,4,10626.07,Barcelona,2023-02-09
CUST-02425,125,103.13,14,Alimentación,0.855,17,10764.85,Sevilla,2022-04-18
CUST-02426,2,181.41,127,Juguetes,0.295,16,135.69,Zaragoza,2022-07-12
CUST-02427,18,411.25,349,Libros,0.412,1,8172.15,Bilbao,2021-06-30
CUST-02428,53,177.36,325,Belleza,0.919,13,9826.96,Murcia,2018-03-29
CUST-02429,10,106.62,286,Ropa,0.547,4,790.45,Málaga,2019-03-15
CUST-02430,37,251.0,106,Libros,0.422,16,10077.57,Madrid,2019-06-24
CUST-02431,117,71.29,296,Libros,0.23,10,8464.56,Bilbao,2023-03-13
CUST-02432,148,401.68,214,Juguetes,0.495,8,55028.95,Madrid,2022-10-29
CUST-02433,45,260.24,142,Hogar,0.938,16,8301.91,Madrid,2019-07-07
CUST-02434,29,430.0,121,Belleza,0.831,10,9774.91,Málaga,2023-01-03
CUST-02435,126,74.79,136,Hogar,0.888,0,8270.32,Murcia,2020-05-20
CUST-02436,99,421.98,138,Ropa,0.776,1,20168.86,Barcelona,2023-04-24
CUST-02437,130,254.31,280,Ropa,0.47,20,32156.82,Sevilla,2023-05-24
CUST-02438,55,211.28,243,Deportes,0.45,8,4472.27,Sevilla,2022-01-09
CUST-02439,29,471.91,178,Electrónica,0.193,20,14862.51,Madrid,2023-06-09
CUST-02440,140,76.94,68,Hogar,0.349,5,12634.01,Madrid,2023-03-08
CUST-02441,44,433.24,119,Ropa,0.894,19,6316.67,Bilbao,2021-08-29
CUST-02442,119,79.97,137,Alimentación,0.758,2,3023.49,Málaga,2021-12-19
CUST-02443,26,289.04,81,Libros,0.271,7,7937.16,Murcia,2021-08-10
CUST-02444,124,361.57,158,Electrónica,0.099,20,50718.66,Barcelona,2018-10-23
CUST-02445,8,299.88,285,Alimentación,0.475,12,2842.06,Bilbao,2022-11-08
CUST-02446,47,101.07,40,Deportes,0.992,9,4817.3,Zaragoza,2019-01-15
CUST-02447,68,418.71,355,Electrónica,0.646,6,12959.22,Bilbao,2018-07-24
CUST-02448,10,108.32,195,Electrónica,0.526,3,995.23,Barcelona,2019-03-17
CUST-02449,4,87.42,204,Alimentación,0.449,20,158.35,Madrid,2023-03-29
CUST-02450,9,303.36,121,Electrónica,0.391,13,2591.81,Valencia,2018-05-24
CUST-02451,105,479.84,298,Deportes,0.031,10,36193.36,Málaga,2021-05-23
CUST-02452,16,61.45,124,Electrónica,0.137,18,1149.49,Málaga,2018-02-23
CUST-02453,119,58.4,17,Deportes,0.654,5,3087.17,Murcia,2018-08-12
CUST-02454,145,35.01,260,Juguetes,0.473,2,4515.9,Sevilla,2020-10-12
CUST-02455,31,27.1,129,Hogar,0.316,8,814.17,Valencia,2022-06-11
CUST-02456,29,291.2,280,Alimentación,0.808,2,6135.7,Barcelona,2018-01-13
CUST-02457,79,133.77,27,Libros,0.983,4,11017.46,Murcia,2022-04-05
CUST-02458,34,104.08,73,Libros,0.093,12,1110.65,Bilbao,2019-12-03
CUST-02459,70,381.33,72,Deportes,0.954,0,22021.99,Valencia,2019-09-17
CUST-02460,47,197.28,11,Alimentación,0.208,5,6292.08,Murcia,2021-07-05
CUST-02461,25,123.95,66,Belleza,0.47,2,2746.7,Málaga,2021-05-19
CUST-02462,35,146.12,176,Electrónica,0.827,11,4223.88,Bilbao,2019-12-20
CUST-02463,10,78.74,54,Juguetes,0.575,3,462.76,Barcelona,2023-03-20
CUST-02464,111,277.14,207,Hogar,0.993,9,29509.16,Barcelona,2022-07-02
CUST-02465,123,284.66,263,Libros,0.674,4,17244.15,Zaragoza,2020-02-16
CUST-02466,129,269.88,159,Electrónica,0.456,0,26460.94,Madrid,2019-04-18
CUST-02467,145,68.12,16,Ropa,0.491,19,10487.17,Murcia,2018-09-25
CUST-02468,77,36.15,206,Juguetes,0.571,16,3173.14,Barcelona,2022-04-23
CUST-02469,33,419.3,166,Juguetes,0.98,8,10879.94,Sevilla,2020-11-10
CUST-02470,115,473.11,20,Libros,0.504,3,27290.95,Zaragoza,2023-06-01
CUST-02471,71,224.37,75,Belleza,0.714,0,7190.21,Zaragoza,2018-12-07
CUST-02472,38,435.12,183,Alimentación,0.903,0,18035.64,Sevilla,2022-04-09
CUST-02473,16,25.0,280,Electrónica,0.519,7,405.58,Sevilla,2022-03-04
CUST-02474,62,302.97,313,Alimentación,0.005,16,14444.69,Zaragoza,2022-04-23
CUST-02475,65,72.77,1,Ropa,0.023,2,3055.78,Barcelona,2022-03-23
CUST-02476,36,347.47,103,Deportes,0.934,18,11332.19,Valencia,2023-04-20
CUST-02477,100,19.32,172,Electrónica,0.3,2,2218.95,Murcia,2022-11-10
CUST-02478,67,203.43,20,Alimentación,0.051,19,14097.89,Zaragoza,2023-06-15
CUST-02479,64,225.76,49,Deportes,0.723,7,16728.39,Bilbao,2018-06-18
CUST-02480,82,59.85,309,Ropa,0.555,11,4539.0,Barcelona,2019-11-07
CUST-02481,39,486.8,96,Libros,0.636,0,6864.52,Valencia,2019-02-21
CUST-02482,72,215.24,15,Deportes,0.446,12,17808.0,Málaga,2021-05-28
CUST-02483,149,446.93,139,Libros,0.863,13,46445.33,Bilbao,2022-01-06
CUST-02484,15,282.01,136,Ropa,0.881,0,4353.26,Madrid,2021-12-17
CUST-02485,36,331.52,262,Hogar,0.447,9,13979.51,Barcelona,2018-11-02
CUST-02486,9,272.48,256,Hogar,0.887,15,1314.13,Zaragoza,2019-10-28
CUST-02487,59,397.99,183,Alimentación,0.637,6,15742.58,Valencia,2018-11-24
CUST-02488,117,23.44,150,Belleza,0.087,19,1056.49,Sevilla,2022-04-30
CUST-02489,28,281.24,351,Belleza,0.419,2,6815.63,Valencia,2022-05-30
CUST-02490,145,23.68,340,Belleza,0.866,12,1383.67,Málaga,2018-03-06
CUST-02491,45,121.25,135,Alimentación,0.426,0,1900.98,Madrid,2018-09-19
CUST-02492,118,57.03,45,Hogar,0.723,5,3233.23,Sevilla,2023-01-26
CUST-02493,18,185.16,64,Juguetes,0.029,8,3838.99,Valencia,2022-01-04
CUST-02494,128,371.68,222,Electrónica,0.751,7,55194.1,Málaga,2022-04-30
CUST-02495,98,366.82,156,Libros,0.655,4,42441.44,Bilbao,2020-05-08
CUST-02496,99,415.23,12,Libros,0.107,2,24648.49,Sevilla,2018-01-15
CUST-02497,53,482.56,158,Alimentación,0.492,4,13645.28,Málaga,2019-12-18
CUST-02498,126,499.6,273,Ropa,0.169,10,61764.64,Zaragoza,2022-03-15
CUST-02499,47,206.21,1,Alimentación,0.509,13,9044.77,Valencia,2020-03-04
CUST-02500,40,430.12,141,Juguetes,0.984,19,18777.13,Málaga,2022-12-16
CUST-02501,131,430.29,138,Alimentación,0.79,9,40921.72,Zaragoza,2022-08-27
CUST-02502,149,44.14,106,Hogar,0.362,1,4416.38,Barcelona,2023-03-26
CUST-02503,129,289.33,154,Libros,0.974,4,19100.86,Barcelona,2022-11-05
CUST-02504,79,41.02,214,Deportes,0.879,12,2569.51,Bilbao,2023-04-25
CUST-02505,23,178.1,326,Hogar,0.433,8,3457.86,Barcelona,2022-03-19
CUST-02506,92,139.54,88,Hogar,0.017,12,11476.02,Málaga,2019-07-21
CUST-02507,32,64.02,363,Ropa,0.612,6,1622.59,Bilbao,2018-06-14
CUST-02508,64,16.22,342,Alimentación,0.429,9,521.96,Valencia,2021-10-18
CUST-02509,17,271.19,141,Hogar,0.587,13,3610.53,Bilbao,2020-04-09
CUST-02510,5,183.45,50,Libros,0.817,1,425.21,Zaragoza,2018-11-26
CUST-02511,51,333.41,142,Libros,0.082,5,8883.2,Málaga,2018-03-02
CUST-02512,14,165.81,270,Juguetes,0.424,7,1734.05,Barcelona,2018-07-25
CUST-02513,15,113.28,31,Electrónica,1.0,6,670.39,Zaragoza,2020-07-03
CUST-02514,23,406.68,16,Ropa,0.938,6,5313.17,Madrid,2023-04-03
CUST-02515,62,66.86,353,Ropa,0.496,3,3443.62,Murcia,2020-08-13
CUST-02516,27,444.04,198,Electrónica,0.884,4,11803.29,Zaragoza,2023-04-09
CUST-02517,130,140.31,297,Electrónica,0.648,20,13132.9,Málaga,2020-12-08
CUST-02518,3,319.91,39,Belleza,0.206,14,582.22,Málaga,2019-11-23
CUST-02519,6,244.19,85,Ropa,0.558,14,1128.64,Valencia,2018-01-08
CUST-02520,120,305.39,28,Hogar,0.715,14,14686.43,Murcia,2020-04-30
CUST-02521,8,282.97,262,Juguetes,0.111,19,1636.66,Barcelona,2022-09-06
CUST-02522,52,343.27,301,Hogar,0.634,12,9392.38,Valencia,2020-10-01
CUST-02523,125,179.34,116,Deportes,0.04,13,18016.77,Barcelona,2018-08-06
CUST-02524,74,280.31,344,Hogar,0.723,17,13061.89,Madrid,2019-12-22
CUST-02525,4,97.31,131,Electrónica,0.669,9,184.79,Murcia,2022-04-22
CUST-02526,102,482.54,83,Deportes,0.97,3,32072.77,Valencia,2018-03-19
CUST-02527,142,185.92,233,Juguetes,0.26,15,8393.58,Zaragoza,2022-06-29
CUST-02528,17,226.91,353,Belleza,0.118,18,4107.18,Murcia,2023-02-16
CUST-02529,23,171.1,59,Hogar,0.839,9,4097.07,Málaga,2020-03-06
CUST-02530,123,464.96,111,Electrónica,0.198,1,67558.79,Barcelona,2023-05-10
CUST-02531,73,426.54,359,Hogar,0.748,3,26715.98,Bilbao,2022-11-08
CUST-02532,74,277.79,149,Hogar,0.503,7,6603.28,Sevilla,2019-09-10
CUST-02533,20,409.81,161,Juguetes,0.858,1,3545.87,Barcelona,2020-01-25
CUST-02534,122,364.05,365,Juguetes,0.55,12,41236.6,Barcelona,2020-04-07
CUST-02535,85,127.85,281,Deportes,0.091,0,6447.18,Sevilla,2022-08-07
CUST-02536,128,219.0,79,Libros,0.491,18,28270.67,Barcelona,2022-10-19
CUST-02537,121,134.69,172,Belleza,0.321,3,6896.02,Barcelona,2022-04-27
CUST-02538,127,174.82,50,Alimentación,0.134,18,14096.24,Barcelona,2021-02-26
CUST-02539,88,190.71,79,Ropa,0.376,20,5723.72,Murcia,2021-10-07
CUST-02540,59,371.16,9,Hogar,0.154,9,15145.37,Murcia,2022-02-20
CUST-02541,109,389.98,239,Libros,0.141,11,15225.96,Málaga,2018-07-28
CUST-02542,53,44.66,256,Alimentación,0.464,11,1528.71,Madrid,2019-06-24
CUST-02543,124,337.32,31,Deportes,0.217,15,24521.27,Murcia,2019-04-13
CUST-02544,114,158.81,37,Hogar,0.841,16,19226.96,Madrid,2021-12-16
CUST-02545,99,39.16,288,Hogar,0.173,8,3851.72,Murcia,2020-03-18
CUST-02546,116,105.18,264,Hogar,0.834,1,8587.29,Zaragoza,2020-05-27
CUST-02547,3,230.98,193,Hogar,0.683,4,506.13,Bilbao,2018-05-19
CUST-02548,54,367.42,205,Belleza,0.476,4,12347.27,Sevilla,2018-09-14
CUST-02549,130,420.41,310,Juguetes,0.052,0,55615.09,Sevilla,2020-11-24
CUST-02550,46,42.9,171,Deportes,0.78,7,1053.28,Zaragoza,2019-12-12
CUST-02551,122,112.01,214,Hogar,0.742,10,11431.82,Madrid,2020-07-09
CUST-02552,3,167.42,349,Libros,0.656,10,336.69,Zaragoza,2018-04-29
CUST-02553,128,359.68,176,Alimentación,0.255,13,49053.89,Murcia,2021-04-16
CUST-02554,135,140.94,92,Deportes,0.477,12,18544.02,Madrid,2018-09-24
CUST-02555,47,43.92,90,Deportes,0.175,20,892.79,Murcia,2018-07-31
CUST-02556,119,417.61,333,Ropa,0.887,13,42046.07,Barcelona,2023-06-07
CUST-02557,109,94.73,150,Ropa,0.158,17,6554.2,Murcia,2019-08-15
CUST-02558,148,283.43,16,Juguetes,0.375,3,44128.55,Bilbao,2023-05-11
CUST-02559,150,430.39,91,Deportes,0.187,5,62763.1,Madrid,2023-05-23
CUST-02560,69,104.43,203,Ropa,0.269,2,2554.37,Madrid,2021-01-23
CUST-02561,116,240.31,9,Ropa,0.922,2,18399.69,Madrid,2019-02-02
CUST-02562,88,347.35,16,Electrónica,0.291,6,14910.81,Murcia,2020-04-26
CUST-02563,65,459.66,192,Hogar,0.578,3,32170.22,Murcia,2020-06-21
CUST-02564,114,225.12,123,Libros,0.916,0,20170.06,Valencia,2023-05-16
CUST-02565,84,141.15,80,Juguetes,0.881,19,11331.05,Madrid,2022-08-02
CUST-02566,57,373.01,115,Ropa,0.127,5,25347.53,Málaga,2020-10-07
CUST-02567,41,448.98,60,Ropa,0.822,7,11288.92,Valencia,2018-04-08
CUST-02568,16,75.84,220,Juguetes,0.719,14,795.56,Bilbao,2019-11-10
CUST-02569,43,283.19,155,Alimentación,0.356,6,10098.54,Valencia,2019-06-27
CUST-02570,116,365.55,258,Electrónica,0.859,13,24221.79,Málaga,2018-01-06
CUST-02571,94,380.47,11,Alimentación,0.17,17,11058.52,Zaragoza,2022-01-04
CUST-02572,12,95.46,39,Hogar,0.904,9,1253.09,Barcelona,2019-05-03
CUST-02573,67,277.97,17,Libros,0.585,5,20651.71,Madrid,2019-12-15
CUST-02574,53,99.06,85,Deportes,0.245,2,1767.54,Sevilla,2022-07-17
CUST-02575,89,428.95,30,Belleza,0.114,7,45444.58,Málaga,2019-08-04
CUST-02576,58,429.83,297,Electrónica,0.504,17,25620.27,Málaga,2019-08-07
CUST-02577,63,108.48,83,Deportes,0.295,7,4474.4,Sevilla,2018-12-01
CUST-02578,2,408.75,13,Hogar,0.347,17,980.87,Zaragoza,2019-04-18
CUST-02579,69,380.04,46,Hogar,0.162,18,9224.62,Barcelona,2022-05-17
CUST-02580,81,455.22,313,Juguetes,0.601,4,42633.86,Málaga,2018-08-30
CUST-02581,128,209.72,38,Deportes,0.481,9,22259.13,Valencia,2019-07-24
CUST-02582,4,201.21,304,Ropa,0.775,8,705.7,Valencia,2021-03-05
CUST-02583,88,316.74,50,Alimentación,0.586,5,18283.96,Sevilla,2018-06-05
CUST-02584,124,195.6,205,Ropa,0.128,13,25939.45,Sevilla,2019-07-16
CUST-02585,39,338.87,260,Belleza,0.63,12,6960.66,Murcia,2018-07-30
CUST-02586,109,73.43,117,Electrónica,0.026,18,6673.49,Valencia,2021-09-13
CUST-02587,36,146.18,97,Belleza,0.166,3,1876.15,Bilbao,2021-11-16
CUST-02588,91,19.82,48,Belleza,0.271,4,704.01,Sevilla,2021-08-03
CUST-02589,61,338.1,25,Libros,0.517,14,15191.77,Barcelona,2021-04-25
CUST-02590,67,241.08,64,Hogar,0.374,8,17347.19,Murcia,2018-11-11
CUST-02591,66,319.72,345,Deportes,0.321,17,21356.75,Barcelona,2021-04-24
CUST-02592,78,389.26,247,Electrónica,0.493,13,22572.48,Valencia,2020-02-22
CUST-02593,61,382.41,301,Deportes,0.59,17,16025.62,Sevilla,2018-07-15
CUST-02594,43,180.04,277,Electrónica,0.666,13,4238.15,Málaga,2022-12-15
CUST-02595,135,272.25,277,Belleza,0.172,10,34163.48,Málaga,2021-12-26
CUST-02596,104,397.44,9,Hogar,0.74,8,27202.11,Murcia,2018-09-14
CUST-02597,79,463.13,326,Belleza,0.875,11,13615.51,Valencia,2021-04-14
CUST-02598,143,92.13,93,Hogar,0.87,0,12904.3,Zaragoza,2020-12-28
CUST-02599,104,96.48,153,Belleza,0.447,17,6723.43,Valencia,2021-04-21
CUST-02600,4,58.96,86,Hogar,0.793,7,266.46,Bilbao,2018-06-28
CUST-02601,3,397.21,310,Hogar,0.702,13,780.49,Bilbao,2022-08-30
CUST-02602,35,213.81,0,Electrónica,0.262,10,7821.81,Murcia,2018-04-18
CUST-02603,50,104.78,244,Juguetes,0.836,20,1757.18,Málaga,2022-01-08
CUST-02604,13,372.6,43,Ropa,0.575,7,3069.33,Sevilla,2019-02-16
CUST-02605,42,159.47,237,Hogar,0.094,18,3348.69,Valencia,2022-10-12
CUST-02606,108,483.07,270,Electrónica,0.144,15,46597.98,Madrid,2019-10-19
CUST-02607,103,68.79,350,Libros,0.748,1,5148.24,Zaragoza,2020-06-11
CUST-02608,73,120.92,269,Juguetes,0.713,11,2730.16,Valencia,2021-03-18
CUST-02609,119,99.13,138,Deportes,0.424,14,12310.16,Málaga,2021-09-11
CUST-02610,29,114.71,101,Deportes,0.787,3,1035.19,Valencia,2023-04-03
CUST-02611,24,483.02,153,Libros,0.137,6,10941.85,Bilbao,2020-03-07
CUST-02612,74,71.41,100,Libros,0.46,14,3819.95,Málaga,2023-01-07
CUST-02613,123,476.25,16,Belleza,0.422,6,59225.18,Zaragoza,2021-05-22
CUST-02614,12,412.11,219,Hogar,0.809,15,2942.54,Bilbao,2019-11-28
CUST-02615,6,499.03,253,Alimentación,0.62,18,1406.99,Barcelona,2019-09-06
CUST-02616,44,154.21,112,Electrónica,0.445,8,6746.88,Valencia,2018-06-09
CUST-02617,57,145.3,219,Hogar,0.781,6,6218.9,Murcia,2020-03-07
CUST-02618,146,384.01,5,Alimentación,0.166,9,55809.79,Bilbao,2020-01-28
CUST-02619,36,217.74,290,Juguetes,0.041,14,3571.76,Sevilla,2020-11-22
CUST-02620,17,331.63,1,Libros,0.596,7,4232.65,Zaragoza,2019-11-22
CUST-02621,69,99.57,200,Alimentación,0.726,7,4047.71,Málaga,2021-04-23
CUST-02622,149,393.79,244,Electrónica,0.534,8,53086.85,Madrid,2018-04-13
CUST-02623,106,372.46,150,Alimentación,0.222,16,45820.05,Bilbao,2020-12-06
CUST-02624,55,236.66,202,Libros,0.728,2,10256.96,Bilbao,2020-07-13
CUST-02625,66,449.61,239,Juguetes,0.131,12,29066.43,Málaga,2020-04-07
CUST-02626,77,442.9,44,Belleza,0.519,16,33144.67,Barcelona,2021-03-15
CUST-02627,39,234.61,356,Electrónica,0.167,3,2836.29,Madrid,2020-11-24
CUST-02628,11,353.29,332,Belleza,0.841,17,2512.63,Bilbao,2019-08-18
CUST-02629,106,380.16,219,Belleza,0.033,1,20354.17,Sevilla,2019-05-23
CUST-02630,109,302.19,125,Libros,0.211,12,24201.46,Murcia,2020-06-20
CUST-02631,104,243.44,61,Electrónica,0.548,4,11765.99,Sevilla,2019-01-11
CUST-02632,122,456.94,328,Juguetes,0.281,2,47545.09,Zaragoza,2022-04-29
CUST-02633,85,120.74,168,Juguetes,0.676,1,6655.39,Murcia,2022-03-19
CUST-02634,53,162.77,86,Juguetes,0.696,19,9330.86,Sevilla,2020-10-28
CUST-02635,7,374.82,161,Juguetes,0.799,20,1549.02,Murcia,2018-02-14
CUST-02636,36,416.79,355,Hogar,0.455,8,13250.73,Bilbao,2021-02-22
CUST-02637,140,434.19,349,Ropa,0.723,0,40509.49,Zaragoza,2019-02-26
CUST-02638,18,210.08,83,Electrónica,0.578,0,2749.52,Valencia,2023-04-17
CUST-02639,146,410.95,81,Ropa,0.491,17,26311.03,Valencia,2021-12-09
CUST-02640,60,239.87,234,Deportes,0.738,0,11233.17,Málaga,2022-08-12
CUST-02641,44,211.53,149,Libros,0.158,6,8806.28,Bilbao,2021-04-26
CUST-02642,61,479.46,154,Ropa,0.687,20,24607.12,Sevilla,2018-02-09
CUST-02643,92,390.92,312,Libros,0.978,14,11656.34,Barcelona,2020-02-19
CUST-02644,88,412.47,224,Ropa,0.19,11,19332.6,Valencia,2021-05-28
CUST-02645,60,287.28,262,Libros,0.742,8,15389.36,Valencia,2019-05-18
CUST-02646,20,240.97,275,Hogar,0.112,15,3623.22,Madrid,2023-03-15
CUST-02647,97,477.62,138,Juguetes,0.663,3,28231.4,Madrid,2021-08-14
CUST-02648,98,330.49,129,Ropa,0.882,18,36563.07,Madrid,2021-09-09
CUST-02649,85,15.71,229,Ropa,0.775,3,972.61,Valencia,2023-04-03
CUST-02650,77,35.63,24,Juguetes,0.204,16,2376.41,Valencia,2018-03-06
CUST-02651,41,210.02,270,Alimentación,0.166,13,6847.68,Barcelona,2021-08-26
CUST-02652,135,173.23,15,Libros,0.661,0,16648.04,Bilbao,2020-11-23
CUST-02653,120,321.2,45,Hogar,0.075,17,11638.9,Málaga,2023-04-04
CUST-02654,29,98.17,241,Juguetes,0.406,4,893.94,Barcelona,2018-03-09
CUST-02655,62,318.08,233,Electrónica,0.057,5,23563.37,Valencia,2020-05-12
CUST-02656,72,145.62,166,Libros,0.803,12,9092.2,Sevilla,2019-01-12
CUST-02657,134,345.03,248,Belleza,0.9,2,21303.64,Bilbao,2022-02-15
CUST-02658,77,93.72,191,Hogar,0.215,19,2285.52,Bilbao,2018-07-04
CUST-02659,118,191.65,4,Deportes,0.183,8,18383.23,Valencia,2020-04-09
CUST-02660,97,329.78,229,Deportes,0.001,9,16571.88,Madrid,2019-10-14
CUST-02661,11,185.69,113,Libros,0.698,13,1083.1,Valencia,2022-03-24
CUST-02662,95,392.76,142,Alimentación,0.68,7,40533.5,Barcelona,2022-08-21
CUST-02663,31,185.85,291,Hogar,0.452,15,3018.33,Bilbao,2020-01-27
CUST-02664,106,88.85,101,Juguetes,0.961,7,6452.33,Bilbao,2020-02-20
CUST-02665,136,212.76,299,Alimentación,0.074,11,23823.33,Zaragoza,2021-03-07
CUST-02666,35,378.02,131,Hogar,0.186,16,8576.89,Murcia,2018-12-06
CUST-02667,3,201.16,203,Hogar,0.073,14,696.27,Zaragoza,2021-03-11
CUST-02668,49,447.88,193,Hogar,0.61,18,24531.66,Zaragoza,2023-04-26
CUST-02669,56,170.5,283,Deportes,0.735,12,7642.03,Valencia,2020-08-08
CUST-02670,48,195.5,222,Alimentación,0.012,3,4901.76,Murcia,2020-12-11
CUST-02671,134,474.55,128,Electrónica,0.895,7,24550.78,Valencia,2019-02-14
CUST-02672,40,495.66,206,Ropa,0.01,0,21950.29,Sevilla,2019-08-17
CUST-02673,120,466.02,75,Electrónica,0.84,2,64921.75,Bilbao,2019-09-17
CUST-02674,73,369.58,288,Electrónica,0.071,9,10964.08,Sevilla,2019-02-23
CUST-02675,39,452.05,278,Belleza,0.47,1,14673.28,Murcia,2021-01-11
CUST-02676,99,159.1,341,Belleza,0.94,4,8933.38,Zaragoza,2018-01-24
CUST-02677,15,266.52,119,Hogar,0.337,7,1310.81,Málaga,2023-03-25
CUST-02678,110,310.19,52,Juguetes,0.622,8,27393.26,Murcia,2021-06-24
CUST-02679,146,470.98,279,Hogar,0.921,1,60795.61,Zaragoza,2022-10-22
CUST-02680,137,78.88,2,Juguetes,0.085,11,5634.59,Málaga,2023-03-31
CUST-02681,105,213.38,269,Alimentación,0.431,10,26445.71,Madrid,2018-11-10
CUST-02682,80,135.24,157,Electrónica,0.491,3,10167.23,Bilbao,2019-10-14
CUST-02683,50,248.85,316,Ropa,0.316,12,4818.23,Sevilla,2018-04-17
CUST-02684,127,110.28,86,Alimentación,0.073,11,4984.56,Murcia,2020-05-08
CUST-02685,12,86.11,170,Hogar,0.833,18,865.78,Barcelona,2018-05-26
CUST-02686,50,116.83,20,Alimentación,0.19,5,6012.82,Sevilla,2022-10-11
CUST-02687,115,154.01,311,Libros,0.0,8,13177.88,Bilbao,2018-02-22
CUST-02688,33,390.62,161,Juguetes,0.986,0,11893.32,Murcia,2020-08-21
CUST-02689,20,392.04,311,Belleza,0.071,15,6797.09,Zaragoza,2023-02-25
CUST-02690,124,352.11,336,Ropa,0.166,17,36404.23,Málaga,2018-06-10
CUST-02691,99,108.4,130,Belleza,0.037,2,8612.22,Bilbao,2019-12-27
CUST-02692,89,279.14,40,Belleza,0.729,3,14629.44,Madrid,2022-09-07
CUST-02693,70,363.38,317,Libros,0.392,11,13328.49,Murcia,2021-09-26
CUST-02694,13,328.61,242,Juguetes,0.003,9,1325.05,Barcelona,2019-05-19
CUST-02695,82,448.0,60,Libros,0.54,0,43900.07,Madrid,2019-05-25
CUST-02696,21,405.07,12,Hogar,0.681,18,5481.2,Valencia,2022-04-24
CUST-02697,62,264.16,278,Electrónica,0.555,8,14175.22,Valencia,2021-11-21
CUST-02698,137,277.14,77,Alimentación,0.392,5,32169.39,Madrid,2019-11-24
CUST-02699,73,350.64,363,Juguetes,0.6,6,24320.4,Barcelona,2019-12-03
CUST-02700,52,41.91,97,Hogar,0.605,14,1242.18,Zaragoza,2022-10-07
CUST-02701,111,251.38,258,Electrónica,0.72,19,22393.7,Madrid,2023-06-08
CUST-02702,11,489.84,60,Hogar,0.599,19,2065.8,Madrid,2022-09-15
CUST-02703,21,59.56,348,Deportes,0.856,4,1287.88,Bilbao,2020-02-15
CUST-02704,86,275.5,283,Ropa,0.339,1,14420.01,Barcelona,2022-06-28
CUST-02705,48,334.2,57,Deportes,0.594,12,5279.51,Zaragoza,2020-07-20
CUST-02706,5,167.07,307,Hogar,0.905,0,608.51,Valencia,2023-05-04
CUST-02707,72,158.69,357,Belleza,0.959,1,12307.62,Bilbao,2021-10-22
CUST-02708,21,230.24,32,Deportes,0.289,2,5031.28,Valencia,2021-03-18
CUST-02709,148,147.07,248,Deportes,0.804,13,9121.05,Málaga,2020-04-14
CUST-02710,84,356.01,295,Deportes,0.376,0,18749.49,Valencia,2023-06-23
CUST-02711,99,50.73,273,Hogar,0.301,4,3197.04,Madrid,2022-07-23
CUST-02712,56,454.82,264,Electrónica,0.401,10,28916.35,Murcia,2018-04-17
CUST-02713,11,207.17,122,Deportes,0.434,0,1444.5,Zaragoza,2018-09-22
CUST-02714,69,421.15,319,Juguetes,0.545,3,9004.16,Barcelona,2019-03-20
CUST-02715,43,43.47,121,Ropa,0.639,4,1174.52,Madrid,2018-02-17
CUST-02716,41,348.95,235,Belleza,0.757,18,10311.62,Bilbao,2021-05-08
CUST-02717,29,293.62,95,Deportes,0.969,1,2934.14,Málaga,2022-01-07
CUST-02718,35,433.57,237,Electrónica,0.349,15,17314.62,Zaragoza,2021-09-16
CUST-02719,70,491.02,302,Libros,0.952,1,20180.15,Málaga,2022-03-11
CUST-02720,85,124.19,46,Libros,0.124,0,9158.09,Bilbao,2018-09-05
CUST-02721,90,271.76,145,Belleza,0.886,9,24113.05,Zaragoza,2020-03-26
CUST-02722,43,304.6,351,Hogar,0.371,3,9744.65,Zaragoza,2020-10-10
CUST-02723,105,199.24,120,Belleza,0.97,13,8206.87,Madrid,2020-05-10
CUST-02724,139,220.18,229,Libros,0.01,14,32971.51,Valencia,2018-11-12
CUST-02725,5,78.57,180,Juguetes,0.8,2,247.25,Zaragoza,2020-01-18
CUST-02726,96,478.12,348,Ropa,0.004,14,23287.56,Madrid,2022-01-26
CUST-02727,128,407.35,161,Juguetes,0.423,11,40351.94,Barcelona,2021-03-17
CUST-02728,34,101.93,154,Belleza,0.075,7,2882.21,Madrid,2019-09-22
CUST-02729,15,359.18,135,Libros,0.732,11,2652.98,Murcia,2021-10-24
CUST-02730,150,41.39,235,Alimentación,0.123,2,6100.62,Málaga,2023-03-25
CUST-02731,77,426.09,207,Juguetes,0.581,13,19589.82,Zaragoza,2022-12-18
CUST-02732,50,442.34,365,Deportes,0.607,8,19119.73,Barcelona,2021-02-19
CUST-02733,141,478.1,191,Juguetes,0.687,1,67061.36,Murcia,2023-06-11
CUST-02734,122,403.63,45,Alimentación,0.542,7,52689.11,Sevilla,2022-07-09
CUST-02735,42,27.38,184,Hogar,0.432,7,569.59,Barcelona,2022-10-08
CUST-02736,55,396.27,68,Alimentación,0.21,12,12209.18,Valencia,2018-03-23
CUST-02737,83,131.44,83,Hogar,0.815,14,6965.25,Valencia,2022-10-27
CUST-02738,43,228.06,121,Libros,0.622,5,4917.52,Valencia,2020-12-31
CUST-02739,12,81.28,351,Hogar,0.182,18,375.05,Málaga,2021-11-11
CUST-02740,109,314.17,116,Ropa,0.761,5,26184.71,Madrid,2019-08-24
CUST-02741,77,254.9,36,Deportes,0.605,16,8526.41,Valencia,2021-05-30
CUST-02742,85,412.64,43,Alimentación,0.328,8,32304.9,Madrid,2018-09-17
CUST-02743,114,171.95,291,Electrónica,0.69,19,7105.76,Zaragoza,2021-02-02
CUST-02744,8,16.83,201,Ropa,0.789,7,66.26,Sevilla,2018-11-13
CUST-02745,39,458.1,252,Juguetes,0.449,14,8870.59,Valencia,2023-04-08
CUST-02746,130,354.42,17,Juguetes,0.955,12,52327.93,Barcelona,2022-02-04
CUST-02747,114,16.67,285,Electrónica,0.362,7,1217.4,Murcia,2018-03-12
CUST-02748,44,317.59,155,Belleza,0.135,9,5258.86,Málaga,2022-08-15
CUST-02749,77,368.04,67,Alimentación,0.898,8,8973.64,Madrid,2021-08-20
CUST-02750,94,260.57,219,Alimentación,0.453,4,15532.0,Zaragoza,2023-03-12
CUST-02751,41,21.69,20,Juguetes,0.245,12,419.58,Madrid,2020-11-07
CUST-02752,68,473.74,36,Juguetes,0.283,14,17413.1,Málaga,2021-05-03
CUST-02753,27,268.52,111,Deportes,0.981,18,6608.06,Murcia,2022-03-14
CUST-02754,66,305.39,361,Ropa,0.506,1,16736.31,Bilbao,2021-06-24
CUST-02755,4,435.39,305,Belleza,0.702,6,746.49,Málaga,2020-05-03
CUST-02756,56,76.87,113,Libros,0.975,8,4751.85,Zaragoza,2018-07-27
CUST-02757,41,363.52,299,Ropa,0.704,17,15277.28,Valencia,2018-06-02
CUST-02758,74,287.76,173,Belleza,0.228,0,6466.54,Barcelona,2018-05-30
CUST-02759,112,374.54,83,Alimentación,0.137,6,43414.93,Valencia,2023-06-15
CUST-02760,77,98.72,326,Alimentación,0.162,12,7172.86,Bilbao,2022-03-09
CUST-02761,132,390.56,269,Ropa,0.141,4,24979.24,Murcia,2020-12-12
CUST-02762,85,333.77,148,Electrónica,0.067,16,9774.42,Murcia,2021-11-29
CUST-02763,66,294.13,189,Deportes,0.401,14,18885.22,Barcelona,2021-03-23
CUST-02764,7,380.22,166,Juguetes,0.515,14,2292.06,Bilbao,2021-03-07
CUST-02765,139,132.1,1,Deportes,0.856,14,8056.26,Zaragoza,2020-03-19
CUST-02766,140,43.79,72,Electrónica,0.417,12,4050.48,Barcelona,2018-01-16
CUST-02767,83,187.82,163,Juguetes,0.732,16,10377.9,Barcelona,2019-07-23
CUST-02768,134,474.31,165,Alimentación,0.328,11,69889.19,Málaga,2019-12-23
CUST-02769,66,243.08,140,Hogar,0.006,1,10392.41,Barcelona,2020-07-03
CUST-02770,136,430.08,149,Juguetes,0.683,11,21300.16,Málaga,2020-02-23
CUST-02771,84,66.66,89,Libros,0.892,9,2990.16,Málaga,2022-04-26
CUST-02772,2,84.7,103,Libros,0.202,13,189.89,Murcia,2020-05-22
CUST-02773,82,412.98,21,Deportes,0.73,14,10765.2,Madrid,2019-05-18
CUST-02774,12,442.72,152,Deportes,0.81,8,2329.56,Zaragoza,2019-03-11
CUST-02775,45,36.93,355,Electrónica,0.333,1,1307.05,Zaragoza,2022-02-16
CUST-02776,72,377.15,108,Electrónica,0.269,18,8442.55,Sevilla,2022-04-27
CUST-02777,122,304.24,294,Ropa,0.878,4,39219.22,Zaragoza,2019-11-21
CUST-02778,29,116.73,199,Libros,0.609,16,1055.71,Valencia,2019-10-13
CUST-02779,53,186.66,193,Alimentación,0.752,15,5631.48,Madrid,2020-11-09
CUST-02780,128,325.51,114,Belleza,0.573,0,45808.64,Madrid,2021-04-12
CUST-02781,111,15.53,315,Hogar,0.251,4,1526.63,Madrid,2022-07-15
CUST-02782,24,186.58,271,Deportes,0.6,4,2681.88,Madrid,2019-07-29
CUST-02783,49,424.53,78,Alimentación,0.041,3,16790.71,Madrid,2020-06-20
CUST-02784,74,273.31,235,Alimentación,0.363,11,23462.97,Murcia,2018-08-21
CUST-02785,132,451.19,136,Ropa,0.993,16,56547.72,Bilbao,2019-02-17
CUST-02786,82,396.55,266,Hogar,0.874,16,33342.48,Madrid,2019-07-21
CUST-02787,41,133.68,112,Juguetes,0.168,13,1797.81,Barcelona,2021-08-09
CUST-02788,72,95.39,215,Juguetes,0.839,9,7797.21,Málaga,2019-03-06
CUST-02789,50,354.4,196,Alimentación,0.403,18,8723.07,Barcelona,2023-06-03
CUST-02790,24,491.14,271,Belleza,0.923,2,8508.88,Barcelona,2020-10-22
CUST-02791,38,444.88,185,Libros,0.822,18,9824.91,Valencia,2021-06-29
CUST-02792,40,129.25,235,Juguetes,0.725,7,4592.96,Madrid,2018-09-01
CUST-02793,39,443.69,116,Electrónica,0.472,18,6072.85,Murcia,2021-12-21
CUST-02794,70,438.37,365,Belleza,0.542,20,21578.9,Zaragoza,2021-10-06
CUST-02795,115,296.75,360,Alimentación,0.259,20,34534.25,Bilbao,2020-05-11
CUST-02796,81,113.22,268,Belleza,0.077,17,7214.76,Murcia,2021-11-04
CUST-02797,54,239.44,33,Alimentación,0.353,2,7607.42,Madrid,2021-05-18
CUST-02798,95,262.31,311,Libros,0.762,20,16236.17,Madrid,2020-04-09
CUST-02799,141,263.19,210,Libros,0.205,0,39897.48,Sevilla,2023-05-20
CUST-02800,103,53.45,121,Alimentación,0.594,3,2545.49,Madrid,2023-04-01
CUST-02801,23,280.38,279,Belleza,0.1,18,5689.96,Madrid,2021-01-10
CUST-02802,131,387.0,13,Ropa,0.649,15,15530.45,Zaragoza,2020-04-02
CUST-02803,31,37.83,300,Electrónica,0.132,15,1174.37,Zaragoza,2021-04-22
CUST-02804,142,309.25,118,Juguetes,0.224,16,39367.5,Valencia,2022-10-06
CUST-02805,117,461.84,124,Libros,0.714,1,36671.09,Zaragoza,2019-11-03
CUST-02806,133,394.73,115,Juguetes,0.997,6,31735.03,Murcia,2021-11-15
CUST-02807,125,229.5,51,Electrónica,0.766,6,11192.0,Murcia,2019-11-06
CUST-02808,82,228.39,16,Electrónica,0.357,20,7196.28,Málaga,2020-09-06
CUST-02809,72,142.75,159,Libros,0.368,16,8054.41,Sevilla,2018-08-03
CUST-02810,17,164.66,247,Libros,0.951,20,3156.88,Barcelona,2018-07-29
CUST-02811,83,427.65,101,Deportes,0.401,14,14284.86,Valencia,2021-07-09
CUST-02812,10,297.65,224,Ropa,0.878,14,2548.24,Zaragoza,2021-01-06
CUST-02813,60,324.82,154,Hogar,0.804,20,10530.18,Madrid,2020-05-23
CUST-02814,106,488.52,294,Libros,0.81,0,58177.38,Bilbao,2019-04-20
CUST-02815,77,409.99,33,Juguetes,0.432,4,26891.95,Zaragoza,2020-09-09
CUST-02816,130,336.02,60,Alimentación,0.355,15,27495.85,Sevilla,2021-12-17
CUST-02817,113,128.26,260,Hogar,0.394,17,14444.41,Valencia,2019-03-03
CUST-02818,145,417.49,169,Hogar,0.559,9,53167.58,Madrid,2022-08-10
CUST-02819,45,160.54,192,Deportes,0.855,11,2615.74,Sevilla,2019-12-12
CUST-02820,150,224.94,199,Deportes,0.024,14,37767.78,Bilbao,2019-09-07
CUST-02821,121,358.87,199,Juguetes,0.177,3,26524.64,Bilbao,2021-07-18
CUST-02822,22,461.97,249,Libros,0.268,19,4100.03,Málaga,2018-05-11
CUST-02823,87,21.37,82,Electrónica,0.898,2,1417.18,Murcia,2018-07-12
CUST-02824,74,447.25,50,Ropa,0.228,9,34883.69,Zaragoza,2021-09-29
CUST-02825,15,357.04,130,Juguetes,0.817,6,4951.76,Murcia,2022-07-19
CUST-02826,7,371.93,65,Libros,0.591,4,2037.02,Murcia,2019-08-15
CUST-02827,8,408.78,217,Deportes,0.962,20,2004.96,Sevilla,2023-03-26
CUST-02828,48,71.54,96,Juguetes,0.416,14,2450.83,Madrid,2021-05-13
CUST-02829,106,226.22,39,Juguetes,0.001,10,23306.58,Zaragoza,2023-02-18
CUST-02830,45,408.48,16,Libros,0.134,4,7725.34,Sevilla,2021-12-02
CUST-02831,140,34.21,106,Libros,0.725,13,3823.64,Sevilla,2022-12-30
CUST-02832,92,314.34,8,Alimentación,0.094,14,24663.56,Zaragoza,2019-11-02
CUST-02833,71,409.91,61,Libros,0.274,0,24886.59,Valencia,2019-03-09
CUST-02834,17,237.09,202,Belleza,0.908,13,4407.44,Sevilla,2018-10-14
CUST-02835,29,281.55,126,Electrónica,0.49,4,5239.03,Zaragoza,2018-05-17
CUST-02836,86,187.67,80,Juguetes,0.639,15,14796.45,Málaga,2020-02-09
CUST-02837,77,309.81,13,Ropa,0.216,17,14099.45,Bilbao,2023-06-16
CUST-02838,88,45.82,106,Belleza,0.832,8,4038.36,Valencia,2023-03-11
CUST-02839,124,83.23,273,Juguetes,0.911,7,8415.32,Bilbao,2019-09-08
CUST-02840,60,47.06,184,Deportes,0.276,2,1796.97,Murcia,2020-09-14
CUST-02841,39,188.44,58,Deportes,0.261,18,5234.0,Bilbao,2020-11-24
CUST-02842,55,45.81,352,Belleza,0.008,0,2078.24,Murcia,2019-08-08
CUST-02843,127,330.56,217,Alimentación,0.095,6,14550.27,Sevilla,2020-12-18
CUST-02844,16,63.45,356,Electrónica,0.536,7,382.93,Málaga,2019-02-27
CUST-02845,24,470.08,128,Belleza,0.229,15,8815.41,Barcelona,2018-12-16
CUST-02846,125,402.24,39,Electrónica,0.549,3,17135.6,Barcelona,2021-10-07
CUST-02847,109,161.08,169,Belleza,0.761,1,11691.54,Zaragoza,2021-01-27
CUST-02848,110,413.65,336,Hogar,0.198,2,28896.14,Madrid,2019-06-24
CUST-02849,4,211.06,27,Deportes,0.185,1,393.85,Valencia,2020-10-25
CUST-02850,86,456.33,9,Belleza,0.675,4,17714.12,Zaragoza,2022-02-26
CUST-02851,75,397.31,13,Ropa,0.404,15,9922.86,Barcelona,2019-10-08
CUST-02852,82,373.19,289,Libros,0.142,3,36256.55,Barcelona,2020-04-02
CUST-02853,53,426.67,265,Deportes,0.141,4,24142.01,Zaragoza,2019-07-24
CUST-02854,82,127.57,300,Electrónica,0.13,5,3582.51,Madrid,2020-02-13
CUST-02855,25,481.03,314,Electrónica,0.758,2,4840.18,Valencia,2019-03-02
CUST-02856,54,123.46,51,Libros,0.192,20,3045.94,Bilbao,2019-01-07
CUST-02857,55,91.79,306,Ropa,0.254,13,4600.89,Zaragoza,2019-11-14
CUST-02858,78,105.05,204,Deportes,0.298,9,6952.28,Valencia,2020-05-26
CUST-02859,68,298.07,220,Hogar,0.429,8,9252.3,Madrid,2018-04-22
CUST-02860,112,378.92,325,Deportes,0.67,20,47294.9,Málaga,2022-08-09
CUST-02861,147,281.82,320,Libros,0.361,19,30022.87,Sevilla,2019-04-21
CUST-02862,24,177.29,90,Juguetes,0.997,12,2696.94,Málaga,2019-11-12
CUST-02863,125,385.55,199,Libros,0.96,11,48616.93,Barcelona,2022-11-22
CUST-02864,107,160.57,136,Juguetes,0.473,11,8543.38,Madrid,2020-04-08
CUST-02865,74,440.91,138,Hogar,0.924,12,22541.32,Málaga,2019-10-13
CUST-02866,54,287.18,357,Belleza,0.689,13,6428.78,Sevilla,2021-07-22
CUST-02867,40,155.47,362,Deportes,0.755,12,4629.7,Málaga,2021-04-28
CUST-02868,27,179.3,41,Libros,0.157,14,5214.2,Valencia,2021-11-30
CUST-02869,141,466.64,165,Deportes,0.271,9,44066.5,Zaragoza,2019-11-04
CUST-02870,148,27.68,51,Deportes,0.393,17,1771.4,Zaragoza,2021-03-04
CUST-02871,140,396.85,39,Deportes,0.415,11,59692.57,Murcia,2021-10-11
CUST-02872,101,450.01,263,Ropa,0.656,14,17250.75,Barcelona,2019-05-17
CUST-02873,54,244.88,194,Alimentación,0.059,5,13190.65,Madrid,2022-05-03
CUST-02874,71,275.11,216,Ropa,0.815,17,21748.85,Madrid,2018-02-09
CUST-02875,71,293.31,60,Juguetes,0.132,3,24597.28,Valencia,2020-03-26
CUST-02876,114,207.48,165,Libros,0.642,4,23032.99,Sevilla,2022-08-30
CUST-02877,76,182.07,207,Juguetes,0.205,6,11596.55,Valencia,2020-07-31
CUST-02878,3,119.39,293,Libros,0.262,2,427.7,Valencia,2018-08-13
CUST-02879,99,363.52,290,Juguetes,0.46,19,24076.23,Valencia,2021-10-08
CUST-02880,141,123.74,168,Juguetes,0.221,3,5750.21,Madrid,2023-05-12
CUST-02881,44,184.7,292,Ropa,0.028,12,8114.31,Zaragoza,2019-05-21
CUST-02882,21,109.42,118,Electrónica,0.272,8,1134.89,Bilbao,2023-02-23
CUST-02883,53,479.14,140,Alimentación,0.533,3,14050.79,Zaragoza,2022-08-18
CUST-02884,16,478.18,222,Ropa,0.494,6,2554.84,Bilbao,2019-05-30
CUST-02885,103,20.05,144,Ropa,0.578,18,1851.67,Barcelona,2018-06-20
CUST-02886,80,333.24,82,Electrónica,0.894,1,11609.28,Madrid,2021-02-24
CUST-02887,31,211.04,278,Juguetes,0.999,2,7121.58,Zaragoza,2021-05-18
CUST-02888,75,85.02,102,Deportes,0.258,10,3648.17,Madrid,2019-06-19
CUST-02889,54,169.84,38,Electrónica,0.425,15,7418.96,Valencia,2021-10-06
CUST-02890,26,114.62,278,Alimentación,0.382,2,1762.84,Barcelona,2020-09-11
CUST-02891,127,71.26,69,Ropa,0.783,3,7463.28,Barcelona,2019-09-26
CUST-02892,78,454.51,342,Hogar,0.867,5,41605.66,Madrid,2020-12-02
CUST-02893,24,72.83,273,Libros,0.459,20,994.86,Barcelona,2018-10-07
CUST-02894,55,485.33,243,Ropa,0.849,11,19800.27,Murcia,2019-08-27
CUST-02895,19,130.84,40,Deportes,0.038,20,1862.94,Zaragoza,2021-06-12
CUST-02896,32,394.49,146,Juguetes,0.169,20,5511.2,Barcelona,2019-12-15
CUST-02897,20,359.34,42,Electrónica,0.92,6,4300.2,Bilbao,2020-04-21
CUST-02898,100,47.22,280,Hogar,0.253,11,2849.36,Zaragoza,2019-10-24
CUST-02899,80,448.31,1,Alimentación,0.139,11,19894.07,Valencia,2022-01-15
CUST-02900,150,278.26,360,Alimentación,0.614,16,32270.12,Barcelona,2023-02-07
CUST-02901,100,308.19,259,Juguetes,0.57,19,15372.98,Málaga,2018-04-30
CUST-02902,28,301.56,321,Belleza,0.701,10,5821.22,Madrid,2019-12-14
CUST-02903,94,191.57,258,Deportes,0.296,4,19206.24,Zaragoza,2019-01-13
CUST-02904,117,90.69,206,Ropa,0.133,20,6636.62,Murcia,2020-01-22
CUST-02905,98,438.87,243,Libros,0.023,1,16115.69,Madrid,2022-10-26
CUST-02906,57,17.47,193,Ropa,0.509,13,1070.51,Bilbao,2019-06-18
CUST-02907,27,440.32,1,Alimentación,0.968,13,7944.71,Madrid,2021-05-12
CUST-02908,26,250.64,274,Libros,0.141,15,4345.81,Madrid,2019-01-29
CUST-02909,90,437.04,337,Ropa,0.161,7,16856.13,Barcelona,2018-10-31
CUST-02910,143,90.19,6,Hogar,0.536,15,7661.8,Valencia,2018-11-15
CUST-02911,77,30.5,139,Belleza,0.092,17,1270.96,Sevilla,2021-05-24
CUST-02912,96,446.6,52,Deportes,0.705,7,26252.63,Barcelona,2018-03-02
CUST-02913,82,484.08,226,Deportes,0.928,5,39278.92,Málaga,2020-12-22
CUST-02914,112,155.3,327,Electrónica,0.7,11,20191.4,Valencia,2021-02-13
CUST-02915,135,131.53,65,Alimentación,0.927,0,18934.49,Madrid,2018-02-18
CUST-02916,74,456.37,364,Ropa,0.943,7,19288.66,Bilbao,2021-06-09
CUST-02917,131,384.06,48,Hogar,0.93,8,28130.37,Málaga,2021-02-12
CUST-02918,74,370.39,321,Alimentación,0.129,1,12546.61,Zaragoza,2021-08-06
CUST-02919,99,122.68,176,Electrónica,0.498,17,10666.36,Sevilla,2023-06-06
CUST-02920,119,285.78,59,Deportes,0.668,3,16994.62,Madrid,2021-09-15
CUST-02921,62,413.68,206,Libros,0.596,0,15056.57,Murcia,2019-11-11
CUST-02922,127,395.36,303,Belleza,0.572,0,39679.43,Málaga,2019-07-24
CUST-02923,108,307.33,220,Electrónica,0.566,1,30553.68,Valencia,2020-01-06
CUST-02924,4,197.97,24,Juguetes,0.389,13,565.19,Valencia,2019-04-24
CUST-02925,96,230.37,22,Libros,0.083,10,9498.87,Murcia,2020-04-28
CUST-02926,108,336.98,35,Deportes,0.299,17,12837.11,Barcelona,2020-01-03
CUST-02927,132,150.97,245,Electrónica,0.723,19,16986.71,Sevilla,2021-08-04
CUST-02928,69,161.13,255,Libros,0.86,5,6568.47,Zaragoza,2022-11-30
CUST-02929,48,131.59,72,Libros,0.901,5,3103.41,Madrid,2020-11-15
CUST-02930,71,53.81,363,Electrónica,0.126,3,3622.35,Madrid,2019-12-02
CUST-02931,28,173.9,173,Juguetes,0.315,9,5167.49,Sevilla,2021-04-12
CUST-02932,45,419.54,288,Juguetes,0.809,0,8418.97,Madrid,2018-12-03
CUST-02933,16,130.99,109,Alimentación,0.222,4,1799.33,Málaga,2019-11-24
CUST-02934,47,466.49,42,Belleza,0.322,17,24763.45,Bilbao,2018-10-13
CUST-02935,12,150.57,71,Deportes,0.605,12,840.97,Zaragoza,2022-12-11
CUST-02936,41,63.12,151,Alimentación,0.951,19,1099.74,Barcelona,2018-09-26
CUST-02937,23,212.53,277,Libros,0.928,5,5448.65,Madrid,2020-01-06
CUST-02938,104,200.49,107,Hogar,0.475,0,13690.61,Sevilla,2018-09-16
CUST-02939,56,73.74,118,Electrónica,0.586,16,1406.66,Málaga,2020-12-24
CUST-02940,48,88.34,214,Electrónica,0.095,18,1458.14,Málaga,2021-03-26
CUST-02941,55,196.23,115,Deportes,0.489,15,4061.03,Sevilla,2018-05-07
CUST-02942,6,104.15,297,Electrónica,0.648,13,243.4,Madrid,2018-10-27
CUST-02943,97,362.04,346,Belleza,0.281,15,12557.85,Valencia,2022-02-24
CUST-02944,80,16.19,230,Belleza,0.579,19,1334.97,Málaga,2018-10-20
CUST-02945,74,400.05,176,Electrónica,0.727,6,12523.69,Sevilla,2019-04-25
CUST-02946,120,240.75,273,Juguetes,0.768,9,17286.27,Barcelona,2019-08-17
CUST-02947,63,230.31,60,Libros,0.615,11,6909.88,Murcia,2021-06-12
CUST-02948,116,487.41,219,Ropa,0.969,13,34262.02,Barcelona,2019-12-07
CUST-02949,108,47.44,13,Alimentación,0.784,5,4090.6,Valencia,2022-08-10
CUST-02950,141,41.65,339,Alimentación,0.074,19,2078.25,Málaga,2018-09-28
CUST-02951,30,204.53,320,Ropa,0.547,14,1973.53,Sevilla,2021-07-12
CUST-02952,53,177.62,69,Juguetes,0.151,15,3867.16,Murcia,2019-12-30
CUST-02953,36,198.6,325,Ropa,0.517,9,6308.87,Valencia,2020-01-23
CUST-02954,128,55.64,146,Deportes,0.846,19,4133.65,Zaragoza,2018-02-14
CUST-02955,63,234.97,172,Electrónica,0.773,7,12032.23,Madrid,2021-01-06
CUST-02956,19,115.48,132,Deportes,0.437,19,1958.99,Valencia,2020-10-25
CUST-02957,54,76.5,245,Juguetes,0.755,17,3892.41,Zaragoza,2018-07-31
CUST-02958,128,215.18,291,Deportes,0.072,10,30461.64,Murcia,2023-02-26
CUST-02959,25,62.71,140,Electrónica,0.667,0,1619.6,Valencia,2022-07-05
CUST-02960,110,205.57,94,Hogar,0.431,7,24520.17,Málaga,2020-01-26
CUST-02961,125,103.79,143,Hogar,0.316,11,6468.02,Barcelona,2022-07-13
CUST-02962,94,341.23,160,Alimentación,0.93,12,27335.98,Sevilla,2020-04-21
CUST-02963,131,157.35,218,Alimentación,0.16,8,21287.54,Bilbao,2021-03-29
CUST-02964,31,25.51,208,Belleza,0.625,10,241.38,Bilbao,2020-04-26
CUST-02965,84,200.79,170,Juguetes,0.859,4,17483.35,Valencia,2018-04-22
CUST-02966,115,439.77,364,Hogar,0.492,19,58169.29,Zaragoza,2022-02-23
CUST-02967,113,298.39,110,Electrónica,0.257,8,36409.63,Málaga,2018-05-30
CUST-02968,78,226.99,336,Ropa,0.371,0,8276.16,Valencia,2022-06-01
CUST-02969,127,238.81,353,Libros,0.935,0,16929.18,Sevilla,2019-12-08
CUST-02970,36,196.19,266,Alimentación,0.291,20,2449.01,Murcia,2018-02-19
CUST-02971,136,79.97,149,Deportes,0.453,4,10840.62,Sevilla,2019-01-31
CUST-02972,15,464.34,357,Hogar,0.703,10,2490.92,Murcia,2023-03-05
CUST-02973,103,386.48,227,Alimentación,0.012,6,26523.56,Zaragoza,2019-03-26
CUST-02974,52,17.11,34,Juguetes,0.988,4,288.59,Valencia,2023-04-28
CUST-02975,129,460.28,64,Libros,0.388,8,59133.35,Madrid,2022-11-17
CUST-02976,55,220.09,231,Deportes,0.676,12,3881.41,Sevilla,2022-06-06
CUST-02977,128,366.03,326,Juguetes,0.086,6,30129.08,Valencia,2022-10-11
CUST-02978,74,446.97,306,Libros,0.133,17,39255.48,Málaga,2023-02-22
CUST-02979,146,361.87,26,Libros,0.114,6,22771.78,Zaragoza,2021-06-27
CUST-02980,145,466.31,191,Ropa,0.05,20,79258.99,Málaga,2022-11-27
CUST-02981,28,450.98,149,Ropa,0.392,15,7708.83,Madrid,2023-01-17
CUST-02982,56,476.55,260,Electrónica,0.577,1,14871.41,Madrid,2021-07-30
CUST-02983,73,44.8,123,Electrónica,0.064,12,2114.2,Barcelona,2020-11-08
CUST-02984,55,419.31,97,Ropa,0.522,20,9057.04,Málaga,2020-11-20
CUST-02985,80,237.17,180,Alimentación,0.506,6,6410.35,Sevilla,2021-08-02
CUST-02986,104,265.42,162,Ropa,0.381,14,11013.62,Madrid,2022-09-18
CUST-02987,10,59.24,311,Libros,0.037,14,599.08,Murcia,2021-09-07
CUST-02988,135,351.55,330,Juguetes,0.703,15,44210.86,Barcelona,2020-06-11
CUST-02989,94,265.24,199,Ropa,0.424,16,29420.16,Barcelona,2018-08-20
CUST-02990,99,227.69,296,Alimentación,0.736,16,10859.69,Barcelona,2019-02-12
CUST-02991,17,246.1,21,Juguetes,0.719,0,2508.36,Valencia,2021-01-03
CUST-02992,49,138.96,329,Belleza,0.539,18,4173.94,Sevilla,2019-11-02
CUST-02993,140,194.26,186,Hogar,0.952,7,22318.79,Murcia,2021-04-30
CUST-02994,41,203.13,337,Libros,0.142,14,9285.08,Valencia,2021-12-05
CUST-02995,144,36.01,348,Belleza,0.33,8,5891.32,Murcia,2020-05-26
CUST-02996,2,410.17,103,Deportes,0.006,16,497.84,Murcia,2018-11-19
CUST-02997,123,380.67,220,Hogar,0.593,20,23400.94,Murcia,2019-10-11
CUST-02998,16,94.83,64,Belleza,0.875,11,1743.43,Barcelona,2020-05-23
CUST-02999,2,404.84,239,Deportes,0.818,0,632.89,Barcelona,2021-03-01
CUST-03000,3,324.87,114,Hogar,0.556,5,1125.79,Murcia,2022-06-13
