Age,Department,DistanceFromHome,Education,EnvironmentSatisfaction,Gender,JobInvolvement,JobLevel,JobSatisfaction,MonthlyIncome,NumCompaniesWorked,OverTime,PercentSalaryHike,PerformanceRating,RelationshipSatisfaction,StockOptionLevel,TotalWorkingYears,TrainingTimesLastYear,WorkLifeBalance,YearsAtCompany,YearsInCurrentRole,YearsSinceLastPromotion,YearsWithCurrManager,Attrition
19,Research & Development,24,2,2,Female,3,4,1,14240,3,Yes,23,3,3,0,12,3,4,1,0,1,1,Yes
35,Research & Development,5,2,4,Male,3,2,2,5320,1,Yes,12,3,2,3,5,3,4,11,9,3,11,Yes
36,Sales,3,4,4,Male,3,4,1,13800,2,No,21,3,3,0,10,3,3,14,6,4,14,No
21,Research & Development,8,4,4,Male,2,4,3,12690,5,Yes,25,3,4,1,9,2,3,2,2,2,1,No
26,Sales,17,3,4,Female,2,1,3,6310,4,No,15,3,3,0,35,4,1,1,1,1,0,No
34,Human Resources,17,4,3,Male,3,4,3,12960,1,No,11,2,4,3,0,3,3,3,2,2,1,No
23,Research & Development,3,4,4,Female,3,1,3,5480,8,Yes,21,3,3,3,34,4,3,5,2,3,5,No
22,Sales,11,1,3,Male,1,3,1,15670,0,Yes,23,3,3,0,31,2,2,4,4,3,1,No
24,Research & Development,4,3,2,Male,4,1,3,4670,4,Yes,14,3,4,0,12,1,3,3,1,2,3,No
24,Human Resources,2,3,3,Male,2,3,2,8540,2,No,17,3,4,0,0,6,3,6,6,3,2,No
53,Research & Development,22,4,2,Male,4,3,3,12220,5,Yes,21,3,3,3,10,1,3,11,1,9,1,No
55,Research & Development,20,1,1,Female,3,2,2,9560,4,No,20,3,2,1,29,2,4,4,0,3,4,No
31,Sales,17,2,4,Female,4,2,1,6950,6,No,12,3,4,2,0,3,3,10,1,2,4,Yes
31,Sales,23,2,3,Female,3,2,4,5360,0,No,17,3,1,0,8,3,3,11,7,8,11,No
27,Sales,18,1,2,Male,3,1,2,5630,8,No,25,2,2,2,6,2,3,6,4,5,1,No
44,Research & Development,1,2,4,Female,3,3,3,12290,1,Yes,23,3,3,0,30,2,4,14,5,4,13,No
30,Sales,13,2,4,Female,2,3,2,8270,10,No,20,4,1,3,11,3,4,0,0,0,0,No
50,Research & Development,4,3,3,Male,3,1,4,4660,3,No,15,3,3,0,4,5,4,20,3,9,16,No
36,Sales,18,2,3,Female,3,4,3,14580,2,No,19,1,2,1,37,3,3,14,7,10,3,No
23,Sales,10,3,3,Male,4,3,3,9920,1,Yes,17,2,2,1,4,3,4,4,1,3,3,Yes
18,Research & Development,29,4,4,Male,3,1,4,7900,3,Yes,20,3,4,1,29,3,4,0,0,0,0,No
46,Human Resources,29,2,4,Male,3,4,2,12930,5,No,14,3,3,2,15,2,3,17,2,4,4,No
31,Sales,3,3,2,Male,2,4,2,16990,5,No,22,1,4,1,30,0,3,12,6,6,8,No
35,Research & Development,14,3,2,Female,3,3,4,6550,8,No,17,3,4,1,1,1,3,14,2,0,4,No
39,Research & Development,25,4,2,Female,3,4,2,12060,5,Yes,13,4,2,0,2,4,4,6,6,0,4,Yes
47,Human Resources,23,2,2,Female,4,3,3,13860,1,No,14,3,4,1,24,2,4,2,2,2,2,No
56,Research & Development,26,2,4,Female,3,2,2,9350,3,No,21,3,4,0,23,3,4,9,6,2,8,No
45,Research & Development,27,4,2,Female,4,1,4,8010,1,No,25,3,3,0,20,1,3,25,8,10,8,No
53,Human Resources,1,3,2,Male,3,3,2,12800,3,No,22,3,1,0,25,3,3,23,15,11,13,No
32,Sales,4,4,2,Female,4,3,1,9010,5,Yes,22,3,4,1,6,4,3,5,1,2,0,Yes
21,Sales,18,2,4,Female,3,1,1,7720,2,No,13,3,4,0,30,1,2,3,0,0,1,Yes
53,Sales,25,3,3,Female,3,2,4,4270,2,No,13,3,3,0,6,5,3,13,4,10,1,No
28,Research & Development,1,3,3,Male,1,2,2,12320,6,Yes,21,3,2,2,37,3,4,6,0,4,1,Yes
37,Sales,20,4,3,Male,2,3,3,14430,8,No,14,3,1,0,27,3,3,0,0,0,0,No
54,Research & Development,19,5,4,Female,2,1,3,8440,3,No,12,4,2,1,31,5,3,26,10,10,21,No
43,Sales,27,4,1,Male,2,1,3,2660,7,No,11,1,4,1,3,1,3,24,15,14,24,No
36,Research & Development,15,4,3,Male,3,3,3,10060,2,Yes,22,3,2,2,7,3,2,4,3,2,4,No
53,Sales,5,3,4,Male,4,4,2,18220,6,No,16,4,3,2,18,3,4,31,9,14,30,No
42,Research & Development,15,5,4,Female,2,2,4,5800,2,No,12,3,4,0,9,3,1,16,10,3,14,No
59,Research & Development,5,1,4,Male,3,2,1,11570,2,No,22,3,4,1,31,4,1,4,1,2,1,No
58,Human Resources,23,4,3,Female,4,1,3,4130,2,No,25,2,3,1,11,1,2,24,19,7,15,No
18,Research & Development,29,4,4,Female,2,2,2,6400,4,No,17,3,2,2,12,7,4,0,0,0,0,No
36,Research & Development,1,5,3,Male,3,3,3,11210,0,No,23,3,4,0,14,3,3,6,4,2,5,No
58,Research & Development,21,1,4,Male,3,1,4,5490,2,No,22,3,4,3,23,3,4,10,4,7,4,No
47,Research & Development,3,2,4,Female,3,5,4,19280,6,No,21,3,1,1,29,2,4,8,6,5,1,No
57,Research & Development,8,3,3,Male,3,3,1,15720,0,Yes,21,4,1,0,34,1,3,34,26,4,26,No
44,Research & Development,9,1,2,Male,4,4,1,13690,5,No,14,4,2,0,12,5,4,26,14,2,21,Yes
33,Research & Development,5,4,2,Female,3,3,4,8580,1,No,13,3,3,0,9,6,3,5,0,5,0,Yes
33,Research & Development,19,2,2,Male,3,2,3,12970,3,No,18,3,1,1,39,0,4,9,7,0,0,No
46,Research & Development,3,4,2,Male,2,3,3,12920,5,No,18,3,2,1,27,1,4,27,20,6,13,No
47,Research & Development,13,3,1,Male,3,2,1,9030,8,Yes,17,3,1,0,23,4,3,18,17,10,3,No
21,Human Resources,10,3,2,Male,2,3,2,14560,0,No,11,3,4,1,27,4,4,0,0,0,0,No
37,Research & Development,11,3,2,Male,3,1,3,4440,9,Yes,13,3,3,1,10,2,4,18,2,1,4,Yes
45,Research & Development,16,3,3,Male,3,2,1,12090,4,No,15,3,2,0,38,1,3,6,6,1,6,No
49,Sales,24,3,1,Male,2,3,3,7750,2,No,12,3,3,1,4,4,3,25,22,13,9,No
47,Human Resources,27,3,2,Male,2,2,2,8780,0,No,22,3,2,2,4,3,2,16,6,11,11,No
27,Research & Development,8,2,2,Male,2,3,1,15980,9,No,18,3,3,1,36,3,4,5,5,2,1,No
21,Sales,12,3,2,Male,2,4,1,18220,7,No,25,3,3,1,35,5,4,0,0,0,0,No
38,Research & Development,20,3,2,Male,2,4,2,17380,5,No,17,3,2,1,28,3,3,11,5,4,6,Yes
39,Research & Development,3,2,3,Male,2,4,4,13890,4,Yes,12,2,3,3,19,5,3,12,2,9,11,No
39,Sales,27,2,3,Female,4,4,1,15120,4,No,15,1,2,3,21,5,3,7,2,2,1,No
51,Research & Development,2,3,4,Female,3,1,1,6020,5,No,22,4,3,0,23,3,3,28,19,9,24,No
33,Sales,10,5,4,Female,2,3,3,8050,3,No,24,3,3,1,10,4,4,4,2,0,3,No
25,Research & Development,10,1,2,Male,3,4,1,18220,8,No,16,4,4,1,25,3,3,1,1,0,0,No
59,Research & Development,11,4,1,Male,4,3,1,11350,5,No,14,1,1,0,9,3,4,33,27,3,18,No
47,Research & Development,3,2,4,Male,1,2,2,7540,1,No,24,3,2,1,5,3,3,16,16,0,12,No
41,Research & Development,9,4,2,Male,2,3,1,10600,4,No,12,2,2,0,11,4,3,22,15,5,4,Yes
30,Sales,29,1,4,Male,4,2,2,6420,5,Yes,25,3,4,3,21,2,4,6,3,5,3,No
29,Sales,16,3,2,Female,2,1,2,3540,3,No,16,3,2,0,20,3,3,9,6,2,7,No
45,Research & Development,9,3,4,Male,3,2,3,11480,5,Yes,17,2,4,2,28,0,2,24,20,11,11,No
27,Sales,22,3,2,Male,2,1,2,7240,2,Yes,20,4,1,0,33,2,3,4,2,3,1,No
22,Sales,15,2,3,Female,4,5,4,18260,4,No,14,3,2,0,10,3,4,1,1,0,0,No
49,Sales,1,3,3,Male,4,1,4,6950,0,No,18,3,3,1,26,4,2,20,20,2,14,No
58,Research & Development,19,2,4,Male,4,1,1,7840,1,Yes,21,3,3,0,33,4,4,16,6,8,4,No
50,Research & Development,21,2,4,Male,3,3,3,14850,6,No,25,3,1,0,36,2,3,26,19,0,15,No
43,Research & Development,10,3,3,Male,3,2,2,9590,1,No,18,3,4,0,25,1,3,17,3,10,7,No
27,Research & Development,4,1,4,Female,3,5,4,18250,6,No,19,3,2,0,32,3,4,7,0,1,6,No
36,Sales,16,3,4,Female,2,1,1,3260,1,Yes,19,3,3,0,3,3,2,17,9,2,12,Yes
57,Research & Development,22,3,1,Male,3,5,3,17260,2,Yes,20,3,3,0,2,1,3,30,16,14,4,No
43,Sales,20,4,2,Male,4,2,3,11830,2,No,18,3,3,3,37,2,4,22,20,0,19,No
55,Research & Development,19,2,1,Male,3,3,3,12240,2,No,19,3,3,2,12,0,3,9,6,3,6,No
21,Research & Development,23,2,2,Male,3,2,2,5460,1,No,15,3,2,2,16,3,2,1,1,1,0,No
49,Research & Development,11,3,3,Female,3,2,3,7300,3,No,15,3,2,2,9,2,3,5,2,3,5,No
53,Sales,23,2,1,Female,2,1,4,3450,1,Yes,18,2,2,1,8,0,3,10,6,10,7,No
36,Research & Development,11,2,1,Female,3,1,3,2390,6,Yes,11,4,3,2,2,7,3,15,5,9,1,No
47,Sales,21,3,3,Female,4,2,1,10610,0,Yes,24,3,2,0,21,4,3,24,6,5,19,No
45,Research & Development,17,2,3,Male,4,2,4,13060,0,No,21,3,2,0,37,3,1,20,11,7,1,No
37,Research & Development,23,2,4,Male,3,1,1,8370,1,No,23,3,3,1,30,4,4,6,6,1,5,No
51,Research & Development,15,3,2,Female,2,4,4,12650,1,No,13,2,4,1,13,3,3,32,28,1,29,No
37,Research & Development,24,1,2,Male,2,1,2,7560,5,No,18,2,4,3,30,0,3,4,3,2,3,No
42,Human Resources,3,3,3,Male,3,2,1,6780,3,No,17,3,2,0,1,6,3,23,17,13,17,No
25,Sales,2,4,3,Female,4,1,2,1730,0,Yes,14,3,3,0,2,2,3,3,0,1,2,No
38,Research & Development,19,3,3,Male,3,1,3,2800,1,No,23,2,4,3,11,3,3,15,1,11,12,No
29,Sales,25,3,2,Male,4,1,2,4860,0,No,11,3,3,0,16,2,3,7,5,1,3,No
56,Research & Development,2,4,2,Female,3,3,2,9800,7,No,19,4,1,3,7,3,4,15,6,12,7,No
37,Research & Development,9,3,4,Male,4,3,3,11630,2,Yes,13,3,1,3,9,0,3,18,18,13,9,Yes
54,Sales,27,2,3,Female,3,3,2,9310,5,No,24,3,3,0,8,3,3,34,3,1,4,No
32,Research & Development,3,4,1,Male,3,3,3,7360,4,No,24,3,1,1,0,0,4,8,4,0,8,No
29,Research & Development,4,5,3,Male,3,2,2,7080,6,Yes,17,4,3,0,14,2,4,1,0,0,1,No
23,Research & Development,16,4,3,Male,4,5,4,19030,8,Yes,11,4,3,1,17,0,2,2,2,2,2,Yes
19,Human Resources,7,3,4,Female,3,1,1,3980,1,No,11,3,4,0,8,4,3,0,0,0,0,Yes
57,Research & Development,20,3,4,Male,2,5,2,17730,2,No,13,3,3,2,5,4,3,15,2,2,8,No
27,Research & Development,24,3,2,Male,4,2,3,4910,0,Yes,15,3,3,1,6,0,3,1,1,1,0,No
33,Research & Development,19,3,3,Male,2,2,1,9430,1,Yes,15,3,4,0,15,3,3,6,3,0,1,Yes
57,Sales,13,4,2,Male,4,4,4,17720,1,No,15,4,2,0,25,5,3,31,15,10,24,No
55,Research & Development,18,2,4,Male,3,5,2,20000,6,No,12,2,4,2,31,1,3,16,4,13,12,No
55,Research & Development,13,3,4,Female,3,1,4,3780,5,No,21,3,4,0,15,3,3,2,2,2,2,No
18,Research & Development,4,2,3,Male,3,3,2,10020,2,No,24,3,3,0,1,3,3,0,0,0,0,No
37,Sales,11,3,2,Male,3,2,3,5830,2,No,19,3,1,2,6,3,2,7,2,2,5,No
29,Research & Development,21,3,2,Female,4,2,2,11360,0,Yes,18,3,3,2,36,1,4,2,1,1,0,Yes
49,Research & Development,17,5,2,Male,3,1,2,8730,3,Yes,13,3,4,3,37,1,2,7,3,4,1,No
54,Research & Development,13,3,3,Male,4,5,1,20000,1,No,21,3,4,1,22,5,3,12,6,8,8,No
44,Research & Development,23,4,3,Male,1,3,2,14250,2,No,23,2,3,2,31,3,2,3,2,2,0,No
59,Sales,25,2,4,Male,2,4,1,15330,7,Yes,14,3,2,2,22,4,3,27,5,4,25,No
54,Research & Development,12,3,3,Male,4,2,3,10420,9,No,22,4,4,0,26,5,4,8,2,3,2,No
27,Sales,19,3,3,Male,2,3,3,14810,2,No,23,3,4,1,31,2,1,1,1,1,0,No
45,Sales,27,2,2,Female,3,3,3,13740,3,No,17,3,1,0,29,0,4,5,3,3,0,No
28,Research & Development,28,5,2,Female,2,2,4,7840,1,No,19,3,3,0,5,3,1,7,1,2,3,No
39,Sales,27,2,4,Female,3,1,1,3110,6,Yes,20,3,2,0,8,3,3,2,2,2,0,No
27,Research & Development,14,3,3,Male,4,1,1,2250,5,No,14,3,4,0,5,2,3,9,4,0,4,No
43,Research & Development,10,3,4,Female,2,2,2,9420,4,Yes,21,4,1,0,20,1,4,18,13,11,17,No
55,Sales,3,1,2,Female,4,2,2,12440,5,No,19,3,3,1,34,3,3,19,2,6,4,No
59,Research & Development,22,3,2,Male,4,1,2,6710,8,Yes,18,3,1,2,11,1,4,0,0,0,0,No
28,Research & Development,12,2,4,Male,4,3,1,9230,6,Yes,24,2,3,1,4,3,3,0,0,0,0,No
34,Sales,25,2,3,Female,2,2,1,6720,7,Yes,17,3,3,0,2,3,4,13,3,5,3,No
25,Research & Development,17,3,1,Male,3,1,2,6590,7,No,16,3,2,0,29,0,3,4,4,1,3,No
30,Research & Development,24,5,4,Male,1,2,2,12840,2,No,18,4,4,0,24,4,4,1,0,0,1,No
20,Sales,8,4,3,Female,3,5,1,17370,0,Yes,22,3,1,1,27,3,2,1,1,1,1,No
46,Sales,9,2,4,Male,3,1,1,7180,3,No,24,2,2,2,28,2,3,3,0,1,2,No
27,Human Resources,3,4,4,Male,1,2,4,5140,1,No,24,3,3,1,6,3,4,2,0,0,0,No
30,Sales,27,3,3,Female,2,3,4,9920,0,No,11,3,3,2,5,5,4,5,0,0,3,No
19,Sales,13,3,2,Male,2,2,4,12500,0,No,21,3,2,1,35,3,2,1,0,1,0,No
58,Research & Development,26,3,1,Male,3,2,3,13390,2,No,16,3,2,0,38,2,4,17,1,15,16,No
33,Sales,9,3,4,Female,3,5,3,12010,10,No,22,4,4,0,15,3,4,11,9,0,11,No
27,Research & Development,19,5,4,Female,4,2,1,9240,0,Yes,25,3,1,1,21,5,3,2,1,2,0,Yes
27,Sales,25,2,3,Male,2,3,3,11060,4,No,22,3,4,2,27,4,4,5,1,5,4,No
40,Research & Development,8,3,4,Male,3,2,1,11750,0,No,13,3,4,2,36,0,3,19,7,3,15,No
58,Sales,29,5,4,Female,3,2,1,7110,1,No,16,3,4,2,3,2,4,10,6,7,6,No
48,Sales,26,4,3,Female,2,1,4,9060,2,No,20,4,1,0,24,1,2,30,28,2,10,No
59,Research & Development,6,3,3,Male,3,5,2,17220,3,No,11,3,3,0,6,0,3,31,9,1,23,No
58,Sales,20,3,1,Male,3,5,2,20000,0,No,11,3,4,0,34,2,3,24,11,5,14,No
21,Sales,5,4,3,Male,3,2,4,12380,4,No,17,3,4,1,34,3,4,1,1,1,0,No
50,Research & Development,19,5,4,Female,3,1,3,6220,1,No,15,4,4,0,27,1,3,12,10,2,9,No
53,Sales,13,3,4,Male,4,1,3,11080,4,No,23,2,2,1,37,4,4,6,4,6,0,No
40,Research & Development,29,3,2,Male,3,1,2,6730,1,No,16,3,1,3,21,3,1,15,8,11,0,No
24,Research & Development,28,2,2,Female,3,2,3,8940,4,Yes,13,3,4,1,31,4,4,6,0,4,6,Yes
43,Research & Development,5,4,3,Male,2,4,2,15150,0,Yes,16,2,2,0,23,4,3,20,3,0,7,No
53,Research & Development,12,2,4,Male,4,1,1,5690,0,No,23,3,2,0,14,3,3,26,16,0,24,No
26,Research & Development,21,2,4,Male,3,5,3,20000,5,Yes,19,4,4,1,13,3,3,6,4,0,0,No
56,Research & Development,20,2,3,Male,3,2,2,12000,2,No,22,4,3,0,33,4,4,38,25,10,8,No
36,Research & Development,9,5,3,Female,3,5,4,18520,2,No,18,3,3,1,22,3,4,17,5,9,3,No
29,Research & Development,22,4,3,Male,2,4,2,13430,7,No,19,3,3,0,3,4,3,9,1,7,3,Yes
51,Research & Development,10,3,4,Male,4,2,4,6530,7,No,11,2,4,0,5,3,3,11,5,10,0,No
28,Research & Development,16,4,4,Male,3,2,2,9250,3,Yes,21,3,3,3,20,4,3,0,0,0,0,No
40,Sales,10,2,2,Male,2,4,2,14190,2,No,11,3,2,3,8,2,4,11,3,2,6,No
55,Research & Development,17,2,2,Female,1,4,2,14210,3,Yes,15,4,3,2,1,0,2,28,12,3,17,Yes
58,Sales,1,2,3,Female,2,3,1,9540,6,Yes,22,3,1,0,6,3,3,16,16,6,11,No
48,Human Resources,11,2,1,Male,2,3,2,12300,8,No,24,2,3,3,14,3,4,8,7,0,1,No
36,Sales,12,4,2,Female,2,3,1,13350,6,No,17,3,2,1,39,2,4,11,5,2,1,No
48,Research & Development,26,3,4,Male,2,3,4,14960,6,Yes,25,4,3,1,28,1,3,11,9,0,10,No
26,Human Resources,16,5,1,Male,1,2,2,8210,5,No,16,3,3,1,21,3,3,1,1,0,1,No
57,Research & Development,2,1,4,Male,3,2,1,10900,5,No,23,3,2,1,35,3,3,15,2,14,14,No
49,Sales,15,2,4,Female,1,2,1,11710,3,No,11,3,4,1,32,3,3,29,10,11,26,No
56,Research & Development,16,4,2,Male,2,3,1,8770,2,No,20,3,3,0,6,0,2,8,6,1,4,Yes
43,Sales,7,3,4,Female,2,2,4,7880,6,No,25,3,3,2,32,1,3,16,1,13,15,No
26,Research & Development,4,3,3,Female,3,2,4,9330,8,No,22,3,4,3,28,4,2,8,4,8,5,No
31,Research & Development,7,2,3,Female,4,1,3,6630,9,Yes,15,3,3,2,22,3,3,10,6,10,8,Yes
42,Sales,5,1,1,Male,3,5,3,18620,1,Yes,19,3,2,1,22,4,2,21,17,7,20,No
36,Research & Development,23,3,4,Male,4,5,2,20000,3,Yes,20,3,3,2,28,4,4,11,9,8,11,Yes
22,Research & Development,6,5,3,Male,1,2,2,7710,1,No,18,1,3,3,2,1,3,0,0,0,0,No
22,Research & Development,26,4,3,Female,3,3,1,11330,3,No,24,3,4,2,21,2,3,4,4,3,4,No
33,Sales,29,3,4,Male,1,4,2,16010,6,Yes,25,3,3,0,33,4,3,14,7,0,4,No
23,Sales,4,2,4,Male,1,1,3,6670,5,No,18,3,1,1,27,3,4,5,5,1,0,No
34,Sales,18,1,4,Female,3,2,2,5790,2,No,15,2,1,2,4,4,3,2,1,2,0,No
23,Sales,10,4,3,Male,3,2,3,7530,1,No,19,3,3,3,9,2,4,5,5,2,0,Yes
43,Research & Development,18,3,1,Male,3,3,2,11610,7,No,25,2,2,1,16,1,2,25,18,1,24,No
59,Research & Development,18,1,3,Male,2,3,4,11260,2,No,20,3,2,0,12,2,3,39,19,4,36,No
33,Sales,26,2,3,Male,4,1,3,5250,7,No,15,3,2,1,11,3,2,8,2,8,3,No
22,Research & Development,29,1,3,Male,3,2,3,5820,7,No,19,3,4,1,9,2,3,4,2,1,3,No
57,Research & Development,22,2,3,Male,2,5,3,20000,9,No,19,3,2,0,31,2,3,14,0,10,3,No
48,Sales,15,4,1,Female,2,5,3,18740,2,No,25,3,3,0,24,2,3,26,2,8,12,No
48,Sales,29,3,3,Male,2,1,3,6640,1,Yes,14,3,3,0,14,2,3,3,3,3,3,No
44,Research & Development,1,2,1,Male,2,2,4,8530,1,Yes,14,4,3,1,36,3,4,23,21,9,2,No
44,Sales,20,2,3,Female,3,2,1,8200,5,No,13,3,1,0,8,1,3,16,13,4,3,No
20,Research & Development,29,4,3,Male,3,1,3,4320,6,No,16,3,3,1,23,4,3,1,0,1,1,No
24,Research & Development,14,2,3,Male,4,2,4,5720,2,Yes,12,3,4,1,7,3,3,1,1,1,1,Yes
34,Research & Development,9,4,3,Male,2,3,3,11770,2,No,12,3,3,1,16,6,3,12,11,2,10,No
31,Sales,17,3,2,Male,3,3,1,12170,9,Yes,22,2,2,3,27,1,3,5,0,4,0,Yes
57,Human Resources,21,3,3,Male,4,4,3,12390,3,Yes,11,3,4,0,2,4,3,14,9,2,10,No
35,Sales,25,3,3,Male,2,1,3,7660,8,No,11,3,3,1,22,5,3,6,3,3,4,No
24,Research & Development,18,1,2,Female,4,5,4,16410,6,No,12,3,4,1,15,4,4,3,3,0,3,No
32,Sales,26,2,4,Male,1,4,2,18410,0,No,18,3,1,3,30,2,3,9,4,2,3,No
33,Sales,28,2,2,Female,4,2,3,13130,0,Yes,25,4,3,0,34,5,4,11,9,5,7,No
50,Research & Development,9,3,4,Male,3,2,4,7370,0,No,21,3,4,1,7,3,3,0,0,0,0,No
38,Research & Development,12,3,2,Male,2,2,3,10030,2,No,22,3,3,0,25,2,2,4,4,1,0,No
27,Sales,26,5,1,Female,2,2,4,11430,6,No,24,3,4,0,35,4,1,1,0,0,0,No
24,Research & Development,15,4,2,Male,3,4,2,17820,2,No,18,3,3,1,34,1,4,2,1,2,2,No
47,Research & Development,21,5,4,Female,4,2,3,7310,2,No,24,2,2,0,18,3,3,12,4,7,12,No
51,Research & Development,15,3,2,Male,3,3,4,14240,5,Yes,15,2,1,0,30,3,1,25,16,2,3,No
32,Sales,8,4,3,Male,3,1,1,5070,2,No,20,3,3,3,17,3,2,11,8,2,9,No
54,Research & Development,14,3,3,Male,3,2,4,7740,3,No,23,3,2,0,8,2,3,0,0,0,0,No
32,Sales,26,1,2,Male,3,2,1,8350,5,No,23,3,2,1,15,3,4,9,4,4,8,No
22,Sales,6,2,1,Male,3,3,2,12540,2,Yes,12,4,1,3,18,2,4,0,0,0,0,Yes
49,Sales,12,3,4,Male,4,5,1,20000,5,Yes,22,3,2,2,24,4,2,15,12,14,7,No
24,Sales,17,3,2,Male,4,5,1,17720,5,No,14,3,2,1,19,1,4,6,5,1,0,No
25,Sales,13,4,1,Male,3,2,3,5360,2,Yes,16,2,1,1,3,1,3,1,0,1,0,No
40,Research & Development,26,4,3,Male,3,3,2,16530,0,No,20,3,3,1,36,1,3,14,4,13,13,No
36,Sales,27,2,2,Male,3,2,1,10750,0,No,17,3,2,2,34,4,2,15,4,9,10,No
51,Sales,22,1,4,Male,4,1,2,9640,0,No,25,3,3,1,37,2,3,4,0,1,3,No
53,Sales,24,5,3,Male,3,4,2,13710,0,Yes,21,3,4,3,6,1,3,24,6,6,16,Yes
29,Research & Development,18,4,3,Male,3,2,2,10260,4,No,19,2,2,1,21,3,3,9,7,5,5,No
45,Research & Development,27,4,3,Male,2,3,4,12410,1,No,14,3,3,2,18,3,3,9,0,4,3,No
35,Sales,18,3,3,Male,2,2,1,9260,1,No,13,3,2,0,36,2,4,2,2,1,1,No
24,Research & Development,20,3,1,Female,3,3,4,10500,2,No,11,3,4,0,14,3,4,0,0,0,0,No
52,Sales,19,2,3,Male,2,3,2,13730,3,No,17,3,2,0,25,1,3,30,18,1,17,No
26,Research & Development,16,3,3,Female,2,3,3,10230,1,Yes,16,3,2,3,5,1,3,5,2,1,2,No
37,Sales,6,5,3,Female,3,1,1,3450,6,Yes,16,3,4,3,7,3,3,19,4,9,0,Yes
31,Sales,24,3,2,Male,2,2,3,5640,1,No,21,1,3,2,2,2,2,3,2,0,3,No
35,Sales,22,4,3,Female,1,4,3,18150,1,No,14,4,1,0,38,3,2,16,14,0,1,No
19,Research & Development,12,3,2,Male,4,5,2,20000,0,Yes,22,3,4,3,35,5,3,1,1,0,0,No
57,Human Resources,28,3,2,Male,2,5,4,20000,2,No,21,3,2,1,12,4,3,33,8,13,9,No
25,Research & Development,6,2,4,Female,3,4,2,12700,2,No,20,4,4,3,17,1,2,2,0,0,2,No
32,Research & Development,20,2,3,Male,3,2,3,7490,4,No,17,3,4,1,8,1,3,6,6,0,2,No
29,Sales,15,4,3,Male,3,1,2,10150,0,No,18,3,2,1,36,3,3,11,0,8,1,No
33,Human Resources,17,3,4,Male,3,3,4,10680,1,No,12,4,4,0,10,2,3,1,0,1,1,No
52,Human Resources,5,3,2,Male,3,4,4,14060,7,Yes,19,3,3,2,10,3,2,7,7,5,1,No
50,Research & Development,20,5,2,Male,3,4,3,17710,4,Yes,25,3,2,2,26,2,4,28,9,5,3,No
47,Sales,16,4,3,Male,4,1,3,9400,3,No,13,2,3,0,35,2,3,26,26,6,1,No
20,Research & Development,5,4,3,Female,2,5,1,19440,2,Yes,23,3,3,2,38,3,3,1,1,0,0,No
45,Sales,27,3,2,Male,3,2,3,12750,3,No,20,3,1,2,33,6,3,22,19,9,13,No
54,Sales,20,3,1,Male,3,3,2,11070,1,No,17,3,4,0,1,3,4,13,12,9,6,No
58,Sales,7,3,2,Male,3,2,3,8830,0,No,11,3,3,3,11,1,4,30,29,15,25,No
58,Research & Development,15,4,3,Male,3,2,3,12220,6,No,24,3,2,1,13,3,3,22,2,4,8,No
54,Research & Development,20,3,3,Female,3,3,2,12630,0,No,25,3,2,1,19,2,3,7,5,0,3,No
48,Research & Development,29,3,2,Female,3,2,3,7000,1,No,11,3,4,2,8,2,1,12,11,8,1,No
39,Human Resources,15,4,1,Female,3,1,3,7200,4,Yes,20,3,2,1,28,3,3,5,2,0,0,No
52,Sales,12,3,2,Female,4,3,1,10820,2,No,20,3,1,0,3,1,2,27,12,5,22,No
40,Research & Development,10,2,2,Female,4,1,4,2530,5,No,14,2,4,2,6,3,3,22,14,15,7,No
34,Human Resources,12,3,3,Female,3,4,2,13560,0,No,19,3,3,0,22,3,2,3,3,0,2,No
44,Research & Development,8,3,3,Female,3,2,4,6350,4,No,20,3,4,1,15,1,3,23,22,15,3,No
24,Sales,27,3,2,Male,3,3,3,9220,6,No,13,3,1,0,8,4,4,5,0,1,5,No
31,Research & Development,22,4,2,Female,3,4,4,16520,5,No,11,4,3,1,32,2,2,4,0,2,4,Yes
40,Research & Development,4,4,4,Male,3,2,2,7780,2,No,24,3,3,1,12,3,4,11,6,2,4,No
49,Sales,22,3,4,Male,3,2,2,11550,6,No,11,3,2,1,35,4,3,14,2,6,9,No
33,Research & Development,23,3,3,Male,3,5,3,20000,5,Yes,19,3,3,0,33,6,4,8,7,8,1,No
22,Research & Development,22,3,4,Male,2,2,3,8150,3,No,11,3,3,1,18,2,1,4,2,4,2,No
54,Research & Development,2,3,2,Female,1,2,1,6460,0,No,21,3,3,0,16,0,2,11,9,11,2,No
49,Research & Development,6,4,4,Male,2,1,4,8460,1,No,11,4,4,0,28,3,2,22,1,8,3,No
37,Sales,16,4,4,Male,3,3,2,14600,1,No,20,1,4,1,20,5,3,1,0,1,1,No
24,Sales,9,3,2,Female,3,3,3,7050,1,No,21,3,2,1,0,4,1,0,0,0,0,No
36,Sales,9,2,1,Male,4,3,4,10070,9,No,15,3,1,3,8,2,4,18,5,3,5,No
35,Research & Development,25,3,4,Female,3,1,1,6640,5,No,21,3,1,3,16,1,2,6,4,3,1,No
45,Sales,7,3,1,Male,2,1,1,4950,5,No,20,1,3,2,0,5,3,8,2,5,6,No
43,Research & Development,28,4,4,Male,2,2,3,9370,5,Yes,24,3,4,0,19,2,3,20,2,11,17,No
47,Sales,25,4,3,Male,1,2,1,10480,5,No,14,3,2,0,28,3,2,6,0,5,4,No
52,Sales,27,4,4,Male,3,2,3,12080,2,Yes,21,3,3,3,34,1,3,4,0,1,3,Yes
57,Human Resources,2,2,3,Male,3,4,4,13130,0,No,17,3,1,2,7,3,4,14,1,12,3,No
25,Research & Development,22,3,1,Female,3,3,3,15440,2,Yes,12,2,3,2,35,1,3,0,0,0,0,No
42,Research & Development,25,2,4,Male,1,5,3,16980,4,No,13,3,4,1,8,2,3,16,14,13,7,No
23,Research & Development,21,4,2,Male,3,1,4,6850,9,No,23,3,4,1,29,4,3,2,0,0,0,No
48,Research & Development,16,2,3,Male,3,2,2,10430,2,No,22,3,1,2,34,1,4,15,3,2,7,No
38,Research & Development,8,4,2,Male,3,4,2,19420,1,No,15,3,4,0,39,3,3,4,3,1,2,No
54,Sales,2,2,1,Male,3,3,2,17280,2,Yes,24,3,4,3,36,6,4,5,3,4,3,No
45,Sales,24,4,2,Male,2,5,4,20000,8,No,14,3,1,3,32,0,3,15,3,14,15,No
44,Research & Development,7,2,2,Female,2,2,2,8700,5,No,21,3,1,1,8,4,3,25,11,14,22,No
51,Research & Development,2,2,4,Female,3,3,2,12490,5,No,16,3,4,1,23,4,2,23,14,1,11,No
22,Research & Development,18,4,2,Female,2,1,2,3340,8,No,12,4,2,2,14,2,4,4,3,2,0,No
48,Research & Development,23,3,4,Female,3,2,3,7630,5,No,15,4,2,3,5,1,4,9,1,1,2,No
27,Sales,28,2,4,Male,3,3,4,8480,3,No,21,3,1,0,1,4,3,8,5,6,5,No
53,Research & Development,15,3,3,Female,3,3,2,9740,2,No,24,3,2,0,10,3,2,34,18,5,11,No
27,Human Resources,6,2,1,Male,2,2,1,12050,4,Yes,23,3,2,0,34,6,3,1,0,1,1,Yes
52,Sales,17,2,3,Male,2,5,4,18450,4,Yes,11,3,4,1,7,3,4,8,8,1,4,No
46,Research & Development,12,1,1,Female,3,1,4,5030,2,Yes,17,3,3,2,5,6,3,15,10,1,11,No
36,Sales,12,3,4,Female,2,3,2,14510,10,No,15,3,4,3,27,3,3,18,2,4,6,No
39,Human Resources,3,5,3,Male,1,3,2,13190,1,No,19,3,4,0,24,2,3,9,9,4,7,No
37,Sales,21,4,3,Female,4,2,2,5350,5,Yes,22,2,2,3,4,3,3,15,13,8,15,No
54,Sales,1,4,2,Male,3,4,1,17660,1,Yes,23,3,4,0,18,2,3,4,4,1,1,No
37,Human Resources,9,3,3,Male,3,4,1,14630,3,No,22,3,2,3,6,2,3,6,6,4,4,No
52,Research & Development,23,3,4,Male,3,1,4,9790,8,No,22,3,2,2,38,3,4,11,11,4,0,No
32,Sales,10,2,1,Male,3,3,1,13530,5,No,15,2,1,2,32,3,3,14,4,0,1,No
25,Research & Development,20,2,4,Male,3,1,4,9690,8,No,15,3,2,1,39,2,3,1,0,0,0,Yes
31,Research & Development,17,4,3,Female,2,3,1,13200,6,No,15,3,3,1,20,1,2,2,1,1,2,No
38,Sales,16,2,2,Female,3,5,2,20000,3,No,21,3,2,0,30,5,3,0,0,0,0,No
27,Sales,13,3,3,Male,4,5,1,20000,9,No,16,3,4,0,27,3,3,9,9,4,6,No
43,Research & Development,16,3,1,Male,2,2,2,4960,8,Yes,20,3,4,1,1,6,3,21,10,4,9,No
49,Research & Development,26,3,2,Male,3,2,4,6160,3,Yes,11,3,4,3,7,2,3,24,14,14,1,Yes
37,Research & Development,29,4,3,Male,3,2,1,9160,4,No,16,3,3,1,10,3,3,15,12,11,9,No
55,Sales,1,4,3,Male,3,5,2,17610,0,Yes,11,3,2,0,4,4,2,10,0,8,5,Yes
54,Human Resources,17,5,2,Female,3,5,2,18770,2,No,17,3,1,2,21,3,4,21,5,9,11,No
52,Sales,7,2,1,Female,3,1,3,9630,0,No,17,2,2,0,33,3,3,4,2,4,2,No
44,Sales,13,2,3,Female,3,4,3,15150,3,Yes,22,3,3,2,29,2,3,25,19,13,18,No
27,Sales,24,3,2,Male,3,4,1,17320,1,No,23,3,3,0,38,2,3,2,0,0,0,No
53,Research & Development,14,3,4,Male,2,1,3,5950,2,No,25,3,1,2,1,1,4,20,19,9,2,No
43,Human Resources,27,4,1,Male,3,5,3,17690,6,No,23,4,2,3,15,3,4,10,5,9,6,No
45,Sales,7,2,2,Female,3,2,3,7480,3,No,24,4,2,1,15,5,4,4,2,3,2,No
21,Sales,23,5,3,Male,3,3,3,10390,7,No,15,3,2,1,0,5,3,2,1,0,0,No
46,Human Resources,21,2,4,Female,3,2,1,8950,5,No,12,3,4,0,27,4,4,26,5,8,16,No
47,Research & Development,23,1,1,Female,3,3,1,15160,2,No,18,3,1,0,33,3,4,20,4,13,10,No
34,Research & Development,6,3,4,Female,2,2,1,10990,7,No,22,4,2,3,35,3,3,2,1,0,1,No
27,Research & Development,3,5,2,Male,1,2,3,8180,8,No,14,3,2,0,17,2,3,2,1,0,2,No
30,Sales,14,2,4,Male,4,1,2,6170,1,No,12,3,1,1,20,6,3,3,3,3,2,No
40,Sales,20,5,4,Male,3,1,2,8820,4,No,25,3,3,3,35,0,2,5,4,3,2,No
51,Sales,14,2,1,Male,2,4,4,16640,5,No,19,3,4,1,16,3,3,10,5,7,2,No
27,Sales,2,2,1,Male,3,2,4,9350,8,Yes,14,3,3,1,31,1,4,2,0,1,0,No
28,Sales,24,3,2,Female,3,3,4,6750,3,No,16,3,1,2,6,4,1,10,10,1,6,No
23,Sales,15,4,3,Male,4,3,1,13090,9,No,22,4,2,2,36,1,4,5,2,2,0,No
42,Human Resources,3,3,2,Female,4,1,4,4750,1,No,21,3,4,2,7,2,4,23,9,4,11,No
42,Research & Development,16,2,3,Male,3,2,1,8330,4,Yes,18,3,4,2,9,5,3,20,16,2,9,No
48,Human Resources,10,2,1,Female,4,2,2,8070,0,Yes,20,2,1,1,6,3,4,26,8,11,8,Yes
29,Research & Development,26,2,2,Male,4,2,3,8270,3,No,19,3,2,3,11,2,2,9,4,1,6,Yes
18,Sales,6,3,3,Male,3,3,3,12890,2,No,14,3,3,3,25,4,2,0,0,0,0,No
31,Human Resources,16,3,3,Male,3,3,1,10700,2,No,20,3,1,0,9,3,3,7,7,0,7,No
43,Sales,2,2,1,Female,3,2,2,12150,4,No,19,4,1,0,32,3,3,21,15,7,1,No
59,Sales,14,4,1,Female,3,2,2,12000,1,No,22,3,3,1,37,5,3,38,29,4,18,No
59,Human Resources,24,3,3,Female,2,1,3,7990,0,No,16,3,2,1,26,5,3,15,6,1,0,No
50,Research & Development,2,4,2,Male,2,3,2,10410,10,No,23,3,4,1,9,4,4,6,5,0,3,No
25,Research & Development,4,4,3,Female,2,3,3,13960,1,Yes,24,3,2,2,28,4,3,1,0,1,1,No
18,Research & Development,8,4,3,Male,2,2,3,9480,2,No,24,3,4,1,14,1,3,0,0,0,0,No
19,Research & Development,15,2,1,Female,4,1,2,3290,10,Yes,22,2,4,2,9,5,2,1,1,1,1,Yes
51,Sales,20,5,3,Male,2,2,3,5830,4,No,19,4,4,1,12,4,2,21,12,4,16,No
53,Sales,10,3,4,Male,1,3,3,9940,1,No,23,3,4,0,3,4,3,32,22,3,3,No
47,Research & Development,11,5,4,Female,3,4,3,16800,3,No,19,3,2,2,36,3,4,16,7,3,10,No
41,Research & Development,15,1,3,Female,2,1,4,8940,3,No,22,3,3,1,33,4,4,18,15,13,14,No
27,Research & Development,17,2,3,Male,3,4,1,12760,1,No,19,3,4,0,7,3,3,1,1,1,0,No
41,Sales,10,2,1,Male,3,2,4,10810,2,No,20,3,3,0,35,2,4,13,7,9,4,No
56,Research & Development,5,4,3,Male,3,2,4,11040,2,No,12,3,3,0,25,2,1,28,23,8,20,No
54,Research & Development,21,4,3,Male,2,3,1,15320,4,No,23,2,3,0,30,3,1,34,11,0,17,No
23,Research & Development,26,3,2,Male,3,5,2,18460,1,Yes,15,3,3,0,6,3,3,1,1,0,0,No
21,Research & Development,20,5,2,Female,2,1,1,3740,7,Yes,11,4,4,0,15,4,3,3,3,0,2,Yes
58,Sales,8,5,1,Male,3,1,3,10060,4,Yes,19,3,3,2,32,2,4,23,17,5,7,No
53,Human Resources,15,1,4,Female,3,3,1,11940,0,No,22,3,2,2,22,4,3,32,18,1,10,No
26,Research & Development,24,3,2,Male,3,5,2,17750,5,No,25,3,4,1,15,3,3,3,3,2,0,No
18,Research & Development,20,3,4,Female,3,4,3,12330,5,No,16,3,3,0,1,4,4,0,0,0,0,No
18,Sales,4,3,4,Male,2,1,2,4260,8,No,15,2,3,0,14,2,3,0,0,0,0,No
56,Research & Development,7,1,4,Female,2,2,3,8030,1,Yes,24,3,3,1,11,1,2,4,1,2,4,No
19,Sales,23,3,3,Female,4,1,2,7410,4,No,25,3,2,2,26,2,3,1,1,1,0,No
44,Sales,18,3,1,Male,2,3,1,11710,5,No,17,3,1,0,10,2,2,20,3,0,15,No
34,Sales,8,2,2,Male,2,2,3,10450,8,No,23,3,4,1,37,1,4,1,1,1,0,No
46,Human Resources,2,2,3,Male,3,3,2,17840,2,Yes,21,3,2,1,39,0,3,25,13,3,10,No
30,Sales,4,2,3,Male,3,1,3,4220,4,Yes,19,3,3,1,15,1,1,2,1,2,1,No
37,Research & Development,19,4,4,Male,3,2,2,12430,0,No,23,3,1,1,35,4,3,6,1,5,1,No
47,Research & Development,20,3,4,Male,3,2,2,8970,0,No,23,4,3,3,14,3,3,6,1,3,5,No
42,Sales,7,3,4,Male,1,2,3,5670,1,No,24,3,4,0,1,1,3,7,4,2,5,Yes
24,Research & Development,1,4,1,Female,4,2,2,10810,3,No,13,3,2,1,39,4,4,0,0,0,0,No
30,Sales,7,3,3,Male,3,3,4,11200,5,No,14,3,2,0,15,1,4,2,2,2,1,No
28,Research & Development,17,3,4,Female,3,2,1,8800,5,No,25,3,4,1,37,2,4,9,0,3,3,No
43,Human Resources,7,2,4,Male,4,2,3,11300,1,Yes,16,3,2,1,29,3,3,14,7,6,6,No
32,Sales,9,3,2,Male,4,2,3,6850,6,No,22,2,1,0,12,2,3,4,2,2,1,No
52,Sales,9,1,2,Female,3,2,2,7860,4,No,20,3,3,2,9,4,3,13,7,3,8,No
23,Research & Development,11,4,3,Female,3,2,4,7870,0,Yes,21,4,2,2,31,4,4,2,0,1,1,No
52,Research & Development,10,2,1,Female,4,1,4,5200,2,No,12,3,3,3,24,2,3,34,24,6,30,No
28,Sales,4,3,2,Female,3,1,1,9380,8,No,13,3,2,1,29,1,3,2,1,1,1,No
44,Sales,16,4,2,Female,2,4,2,14730,6,No,18,2,3,0,12,3,3,8,3,0,2,No
54,Research & Development,29,3,3,Male,2,3,4,12100,2,No,13,3,3,2,11,2,2,27,14,12,21,No
20,Sales,8,4,2,Female,3,3,1,8270,5,No,17,4,3,2,7,7,2,0,0,0,0,No
22,Research & Development,21,3,3,Male,3,4,2,17350,0,Yes,24,4,2,2,31,3,2,1,1,0,1,Yes
19,Sales,20,2,2,Male,3,1,3,7600,4,Yes,22,3,2,0,34,2,3,0,0,0,0,Yes
30,Research & Development,8,3,2,Male,3,5,2,17530,1,No,19,3,4,2,10,3,1,8,1,5,5,No
52,Research & Development,13,5,1,Male,3,1,2,5960,2,No,20,3,1,2,39,2,2,13,6,4,12,No
54,Research & Development,6,2,1,Male,3,2,4,11470,5,Yes,20,3,4,2,30,1,1,28,12,7,16,No
19,Sales,20,4,1,Male,3,1,1,3400,1,No,16,3,3,1,15,5,3,1,1,0,1,No
59,Human Resources,27,2,1,Female,3,1,3,7370,7,No,12,3,3,2,38,4,3,11,7,10,0,No
30,Sales,2,3,1,Male,2,3,4,11730,8,Yes,21,2,3,0,12,2,2,3,2,2,3,Yes
41,Human Resources,13,3,3,Male,3,2,1,11540,9,No,18,3,3,0,19,3,2,23,5,8,12,No
53,Sales,20,3,2,Female,2,4,1,18460,7,No,25,3,3,1,25,6,3,31,19,2,26,No
30,Research & Development,25,3,2,Female,3,2,2,8300,5,No,11,3,4,2,15,3,4,5,5,5,5,No
34,Research & Development,20,3,3,Male,3,5,4,20000,0,No,17,3,4,0,37,6,2,6,3,1,6,No
42,Research & Development,19,2,3,Female,3,1,3,7520,5,No,12,2,3,3,25,3,1,5,3,0,0,No
44,Research & Development,21,2,3,Male,2,1,2,5310,3,Yes,12,3,2,0,11,4,2,13,7,10,9,Yes
35,Sales,3,2,3,Male,3,1,1,7560,5,Yes,23,3,4,0,33,4,3,16,8,15,15,No
41,Research & Development,22,4,4,Female,4,3,2,9580,0,No,24,3,1,1,25,3,4,4,0,4,0,No
46,Sales,20,3,4,Male,3,1,3,5780,8,No,17,3,4,3,20,3,3,15,12,2,11,No
48,Human Resources,22,4,4,Female,2,1,1,2200,3,No,12,3,3,0,5,2,3,17,14,5,14,No
23,Sales,4,3,3,Male,4,4,3,13540,1,Yes,25,3,4,0,8,5,3,3,0,2,1,No
22,Human Resources,21,2,4,Female,3,3,3,8750,9,No,24,3,2,0,7,1,4,1,0,1,0,No
55,Sales,18,2,2,Male,3,3,4,15660,1,No,13,3,1,0,29,2,4,18,7,15,14,No
20,Sales,20,2,3,Female,2,4,3,16080,4,Yes,11,3,4,0,21,1,4,2,0,2,2,No
37,Research & Development,27,3,4,Female,3,2,3,6440,10,No,24,3,3,0,12,3,3,3,1,2,0,No
59,Sales,6,3,3,Male,4,1,4,5150,1,No,18,3,4,0,9,2,4,10,0,1,5,No
55,Research & Development,14,5,3,Male,1,1,2,4560,5,No,11,3,3,2,5,4,4,24,8,14,11,No
49,Sales,21,3,3,Male,3,3,2,13690,5,No,24,3,3,1,27,2,2,20,2,5,12,No
51,Research & Development,16,1,4,Male,4,3,3,8600,1,No,21,2,4,2,0,3,4,7,0,2,3,No
20,Research & Development,3,5,3,Male,3,2,4,10210,0,No,20,4,3,2,34,2,3,2,1,2,1,No
33,Research & Development,2,2,2,Female,4,3,2,11890,2,Yes,17,3,1,0,24,3,2,14,1,4,10,No
31,Sales,3,3,2,Female,3,3,3,13640,4,No,19,2,4,0,27,2,4,3,0,2,0,No
41,Research & Development,11,4,1,Female,2,1,4,6540,1,No,20,3,2,1,19,3,4,3,2,2,2,No
38,Sales,25,3,2,Female,4,2,3,7300,6,No,22,2,1,1,9,3,2,18,8,1,11,No
46,Research & Development,12,4,3,Male,3,5,4,17530,6,No,13,3,4,1,20,4,3,2,2,0,0,No
36,Sales,18,5,4,Male,4,3,4,9320,1,No,22,3,3,1,7,2,3,0,0,0,0,No
51,Research & Development,22,3,3,Female,3,4,3,15840,1,Yes,15,3,3,3,27,3,2,7,5,3,1,No
31,Sales,1,4,3,Male,3,5,3,19740,6,Yes,16,3,3,1,22,0,3,4,2,0,0,No
49,Sales,7,1,3,Male,2,2,1,7730,4,Yes,13,3,2,1,11,3,3,28,21,14,5,No
40,Research & Development,29,4,2,Male,1,2,3,8610,7,Yes,19,3,3,2,17,1,3,15,4,10,12,No
24,Sales,26,1,2,Male,3,1,3,5460,2,No,14,3,3,0,31,1,3,4,1,4,1,No
34,Sales,23,2,4,Male,3,4,3,14310,3,Yes,11,4,3,1,14,1,3,8,3,2,6,Yes
37,Research & Development,23,3,2,Male,3,2,3,8940,2,Yes,21,3,2,1,20,4,2,0,0,0,0,No
48,Sales,9,5,1,Male,4,2,2,9690,0,Yes,14,3,4,0,23,3,3,19,11,7,8,Yes
56,Research & Development,4,1,4,Female,4,1,2,4720,0,No,22,3,2,1,12,3,2,8,3,6,8,No
53,Human Resources,12,4,3,Female,4,1,2,2870,8,No,21,2,3,2,8,2,4,3,1,3,3,Yes
50,Research & Development,13,3,2,Female,2,1,3,7650,4,Yes,14,4,3,1,33,2,4,18,8,3,5,Yes
20,Sales,21,2,4,Female,2,3,3,12410,1,No,13,3,1,0,38,6,3,2,2,1,2,No
18,Sales,27,3,3,Male,2,1,3,5690,7,No,14,3,3,2,16,4,3,0,0,0,0,No
58,Sales,26,4,2,Male,3,2,1,13090,3,No,25,3,4,0,36,3,4,18,0,9,5,No
22,Sales,14,2,4,Female,2,2,3,6530,6,No,11,3,1,2,2,1,4,2,0,2,2,No
24,Sales,18,4,2,Female,2,2,3,9770,3,Yes,15,3,2,0,17,3,2,6,0,0,4,Yes
32,Sales,1,2,2,Male,2,5,3,19380,5,No,12,4,3,3,14,1,4,5,0,4,2,No
23,Human Resources,29,1,2,Male,3,1,2,5740,7,No,24,3,2,3,17,5,3,2,2,0,0,No
42,Sales,15,4,4,Male,2,3,4,12420,2,Yes,16,4,2,0,20,3,3,13,9,12,10,No
33,Human Resources,13,3,3,Male,3,4,2,12580,4,No,19,3,3,2,5,2,1,0,0,0,0,Yes
41,Human Resources,28,4,4,Male,3,4,3,13900,8,No,17,3,2,2,7,5,4,12,11,0,11,No
55,Research & Development,3,3,3,Male,2,1,2,5060,0,No,18,3,4,1,8,3,3,19,15,13,10,No
59,Sales,2,3,2,Male,3,2,4,7220,3,No,22,3,3,0,14,2,2,5,4,3,1,No
32,Research & Development,13,2,3,Male,4,4,2,16440,2,No,14,3,2,2,27,1,2,1,1,1,0,Yes
37,Research & Development,7,3,3,Male,2,5,3,17240,4,No,23,2,2,3,0,6,4,12,8,3,5,No
26,Sales,23,3,2,Female,3,2,3,6030,0,No,23,3,4,0,10,1,3,1,0,0,0,No
56,Human Resources,21,3,4,Male,2,2,3,9260,8,Yes,13,3,3,0,39,3,4,36,31,3,0,No
23,Sales,16,1,2,Female,2,2,2,8350,0,Yes,16,3,2,1,16,4,3,1,0,1,0,No
26,Human Resources,15,3,4,Female,3,3,3,9580,1,No,13,3,3,1,15,3,3,2,0,1,1,No
32,Human Resources,13,4,3,Male,3,2,4,9860,0,Yes,14,2,4,0,27,1,3,5,2,4,3,No
27,Sales,16,2,2,Male,4,3,1,7830,6,No,13,4,2,0,1,5,3,4,2,1,0,Yes
37,Research & Development,28,4,4,Male,3,2,4,9200,0,No,25,3,4,0,22,5,3,17,5,13,11,Yes
56,Research & Development,7,1,3,Female,3,5,4,15410,5,No,24,3,2,1,9,3,3,26,8,0,14,No
58,Research & Development,19,1,2,Female,3,2,1,7480,2,No,21,4,4,1,0,2,3,19,9,3,15,No
45,Research & Development,17,5,2,Female,3,2,3,8540,1,No,24,3,3,2,18,3,4,27,3,2,25,No
57,Research & Development,14,2,3,Female,3,3,3,15520,6,No,23,3,2,2,35,2,2,30,30,3,11,No
43,Research & Development,1,5,4,Male,2,3,2,9180,7,No,16,3,1,3,2,0,2,11,8,11,9,No
45,Human Resources,8,3,2,Female,3,1,4,6050,3,No,24,3,3,1,20,3,3,3,1,0,3,No
38,Sales,7,1,1,Male,3,1,3,4880,3,No,15,3,1,2,29,3,4,5,1,5,1,No
42,Research & Development,25,2,1,Male,2,1,4,5320,7,Yes,12,4,2,0,16,4,2,15,11,6,12,Yes
22,Human Resources,7,3,2,Male,4,4,1,15460,0,Yes,13,3,3,0,21,7,3,4,4,4,0,No
25,Sales,7,3,3,Male,3,1,2,4190,7,Yes,22,2,1,2,8,2,3,1,1,1,1,No
34,Human Resources,6,2,4,Female,4,1,3,5520,4,Yes,17,3,3,1,28,2,4,10,9,1,9,No
41,Research & Development,29,3,1,Male,1,2,3,7920,2,No,14,3,4,0,1,1,4,13,12,2,5,No
25,Research & Development,1,2,1,Male,3,3,4,12430,4,No,24,3,3,0,17,3,4,1,1,1,1,No
49,Sales,16,1,2,Male,3,3,3,11030,1,Yes,21,1,4,1,0,5,3,25,1,1,10,No
37,Research & Development,9,2,2,Male,3,2,1,9920,2,No,12,3,3,3,23,5,2,7,0,0,2,No
45,Human Resources,8,2,2,Female,3,4,4,15560,8,No,25,3,4,0,19,1,3,19,12,8,5,No
55,Human Resources,29,4,4,Female,3,2,2,7910,3,No,21,3,4,1,5,2,3,5,2,4,1,No
22,Human Resources,3,5,1,Male,2,4,1,12990,0,Yes,25,3,3,3,19,3,3,4,0,1,1,No
43,Research & Development,7,1,3,Female,4,3,1,13800,3,Yes,25,2,1,1,17,0,3,14,5,4,1,No
31,Sales,5,3,3,Male,3,2,1,8620,2,No,21,3,2,0,17,3,3,6,0,5,0,No
54,Human Resources,9,2,3,Male,4,3,2,12050,2,Yes,13,3,3,1,10,4,3,18,9,0,3,No
48,Research & Development,24,2,4,Male,3,1,1,6510,7,Yes,16,1,3,0,11,6,4,5,5,0,4,No
25,Sales,2,4,3,Female,4,2,1,8240,1,Yes,11,3,3,1,22,6,3,7,4,5,7,No
39,Sales,29,3,3,Female,4,2,2,9300,3,No,22,2,3,0,9,2,1,18,13,11,6,No
35,Sales,29,3,3,Female,4,4,1,15530,8,No,23,3,3,3,17,2,1,16,10,3,13,No
40,Human Resources,10,2,1,Female,2,3,3,10960,2,No,18,2,3,0,18,0,1,9,9,1,0,No
34,Sales,5,3,2,Female,3,3,1,10460,0,Yes,17,4,2,1,5,2,1,11,3,10,10,Yes
24,Human Resources,29,2,2,Male,3,3,2,12410,4,No,17,3,2,1,19,2,3,5,3,4,1,Yes
38,Research & Development,17,5,3,Male,3,2,2,10180,0,No,20,4,3,2,39,5,4,18,16,11,4,No
36,Research & Development,2,4,2,Male,1,4,4,15800,3,Yes,12,2,4,1,21,3,4,18,15,10,1,No
31,Sales,17,2,3,Male,2,3,4,9250,2,No,14,4,1,1,12,1,1,9,1,8,1,No
50,Research & Development,15,3,4,Male,3,1,2,5310,6,Yes,14,3,3,2,7,2,3,11,2,11,10,No
36,Research & Development,10,3,4,Male,3,2,3,13590,0,No,13,3,1,1,36,2,3,1,1,0,1,No
35,Research & Development,1,5,2,Female,3,2,3,10190,2,Yes,12,3,2,2,21,3,4,4,2,2,3,No
29,Research & Development,19,4,3,Female,2,3,3,9000,4,No,23,3,1,0,10,2,3,7,7,5,3,No
33,Research & Development,4,4,2,Female,3,2,1,8600,4,Yes,18,3,1,2,38,3,1,5,2,0,5,No
34,Sales,16,3,2,Male,2,4,4,16240,1,No,12,3,3,0,8,4,3,13,9,8,13,No
59,Research & Development,17,3,4,Male,3,2,3,7610,3,Yes,18,2,3,0,4,3,2,33,19,3,7,No
36,Sales,27,2,3,Male,4,5,1,17840,4,No,11,4,3,0,3,3,4,18,15,8,0,No
39,Sales,29,4,1,Male,3,5,3,17490,7,Yes,25,2,4,3,2,2,2,13,9,11,9,No
20,Sales,4,1,3,Female,3,2,4,10930,9,Yes,18,2,4,2,34,3,3,2,2,0,2,Yes
26,Research & Development,14,4,3,Male,2,3,4,9320,2,No,24,4,2,0,0,2,4,8,0,0,3,No
38,Sales,12,3,4,Female,2,2,3,9080,4,Yes,23,4,2,2,22,4,4,14,11,4,5,No
33,Human Resources,17,4,2,Male,2,2,2,11350,9,No,24,2,4,2,33,2,4,6,0,2,5,No
47,Research & Development,4,1,4,Male,3,2,4,10600,0,No,11,3,1,0,28,0,3,5,5,3,4,No
40,Sales,1,5,4,Male,4,2,3,6240,1,Yes,20,3,3,3,3,4,3,21,9,14,13,No
47,Human Resources,24,5,2,Female,2,3,2,9440,10,No,15,3,3,0,17,2,3,25,20,0,3,No
34,Sales,28,2,3,Male,3,5,2,20000,6,Yes,23,2,4,0,39,3,4,14,2,4,12,No
27,Research & Development,28,3,1,Male,1,3,4,13950,4,Yes,20,3,1,2,16,6,1,5,4,5,0,Yes
50,Sales,15,2,1,Male,3,4,3,16870,0,No,11,3,1,1,23,2,3,23,15,9,19,No
19,Human Resources,4,3,4,Male,3,2,3,9670,2,Yes,20,3,1,2,24,4,3,0,0,0,0,No
53,Research & Development,24,3,3,Female,3,1,2,7150,3,No,22,3,4,0,15,2,4,23,7,14,10,No
44,Human Resources,12,1,3,Male,3,2,2,8390,6,Yes,16,3,4,3,15,4,3,18,4,8,9,Yes
44,Sales,17,5,3,Female,3,4,4,14340,0,Yes,12,3,3,3,6,1,1,13,0,11,2,No
40,Human Resources,5,3,3,Female,2,4,4,16780,4,No,23,4,1,2,22,5,4,20,14,13,9,No
29,Sales,24,4,4,Female,2,4,3,14560,2,No,11,3,3,1,37,2,4,3,2,3,2,No
45,Research & Development,10,2,2,Male,2,4,3,12760,10,Yes,14,3,3,1,6,2,2,9,4,7,7,No
34,Sales,20,4,4,Female,2,1,4,3740,5,Yes,14,4,4,1,12,0,4,0,0,0,0,No
26,Research & Development,27,3,4,Female,4,1,4,8430,3,Yes,19,2,2,2,22,4,4,3,0,2,1,No
50,Research & Development,22,4,3,Male,4,2,4,7250,6,No,21,3,3,3,2,5,3,15,4,12,7,No
49,Sales,10,2,3,Male,3,3,2,13550,3,No,25,3,3,0,16,3,3,15,11,15,5,No
36,Sales,22,3,4,Male,3,2,1,8570,0,No,12,3,2,3,20,2,3,5,3,2,5,No
49,Human Resources,20,3,2,Male,3,4,3,18450,0,No,16,3,2,0,28,2,3,3,2,3,1,No
46,Sales,14,2,4,Male,3,1,4,5860,4,Yes,11,3,4,0,24,1,4,11,8,1,10,No
52,Sales,13,4,2,Female,4,2,2,6820,5,No,11,2,1,3,6,3,4,2,0,1,1,No
33,Research & Development,2,2,1,Female,3,1,3,7550,1,Yes,14,2,3,2,26,0,4,4,0,4,3,No
19,Research & Development,10,2,2,Male,3,2,2,8910,0,No,18,3,3,3,34,3,3,1,1,1,0,No
43,Human Resources,25,2,2,Male,3,2,4,7000,9,Yes,15,2,4,1,15,1,3,15,7,1,15,No
54,Sales,20,3,1,Female,3,3,3,10900,2,No,13,3,3,1,5,5,3,4,3,1,0,No
30,Sales,15,4,1,Female,3,3,3,9890,1,No,25,3,1,0,18,3,4,4,4,2,4,No
31,Research & Development,26,3,3,Male,2,2,4,11980,8,No,15,3,2,1,30,0,3,2,1,0,0,No
24,Sales,18,3,1,Female,3,1,3,5760,7,No,19,1,2,0,27,3,3,4,3,2,4,No
31,Sales,9,2,3,Male,3,3,2,14790,4,No,12,3,4,2,39,3,3,2,0,0,0,No
27,Research & Development,6,3,1,Male,4,1,4,7980,3,No,19,3,4,0,25,2,3,7,5,4,5,No
58,Sales,27,2,1,Male,3,3,2,15440,1,No,16,3,2,3,29,4,3,27,6,6,12,No
18,Research & Development,7,3,3,Male,3,1,2,8520,1,No,21,3,1,0,30,2,4,0,0,0,0,Yes
48,Research & Development,20,3,3,Male,4,3,4,11500,0,Yes,16,4,2,2,8,1,4,3,0,3,0,Yes
30,Research & Development,21,3,1,Female,4,2,3,9790,7,No,14,4,3,3,25,2,3,0,0,0,0,No
46,Sales,2,2,2,Male,2,3,4,9130,0,Yes,13,3,2,1,5,3,3,3,0,1,0,No
19,Research & Development,25,2,1,Female,3,4,4,11920,2,No,20,4,4,2,8,2,3,1,0,1,0,No
29,Human Resources,10,2,3,Male,3,2,3,12580,3,No,14,3,2,3,37,2,3,3,3,2,2,No
53,Human Resources,27,4,2,Male,2,1,2,4940,8,No,21,3,3,1,20,2,3,2,1,2,0,No
39,Research & Development,21,5,2,Male,2,2,3,12980,3,No,21,3,3,2,30,4,3,11,9,5,7,No
32,Sales,25,5,4,Male,3,2,3,11330,4,Yes,16,2,2,1,33,1,4,12,2,2,10,No
27,Research & Development,26,2,2,Male,3,1,1,3560,2,Yes,16,3,3,2,9,3,4,5,0,3,1,Yes
43,Research & Development,23,2,3,Male,3,1,4,4900,2,No,12,4,3,0,18,4,4,13,9,6,8,No
56,Sales,6,4,2,Male,4,3,3,15750,8,No,15,2,2,0,27,1,3,11,6,2,4,No
20,Research & Development,9,5,3,Male,3,4,2,8950,0,No,11,2,4,2,0,1,2,2,1,2,1,No
37,Research & Development,14,2,3,Female,4,2,2,9920,3,No,25,3,2,2,27,3,3,2,0,0,1,No
50,Sales,27,3,4,Male,3,1,4,7210,3,Yes,17,3,2,1,18,4,1,17,5,9,11,No
40,Research & Development,24,1,3,Male,2,1,3,5460,4,No,16,3,4,2,15,5,4,16,14,1,2,No
58,Sales,26,4,2,Female,2,5,3,13640,3,Yes,20,4,2,2,5,4,3,7,3,4,4,Yes
41,Research & Development,19,3,4,Male,3,3,2,13430,4,No,18,4,3,0,26,2,4,21,4,8,8,No
38,Human Resources,4,2,1,Male,2,2,3,11720,6,No,24,3,2,0,35,0,3,11,7,2,7,No
34,Research & Development,13,1,4,Female,3,3,2,12040,1,No,17,3,2,0,29,0,3,5,4,2,4,No
36,Research & Development,18,4,4,Male,3,2,4,8160,1,No,23,3,1,0,10,4,4,12,8,6,5,No
58,Research & Development,4,3,3,Female,3,2,3,10260,1,No,21,3,2,3,10,5,2,18,0,10,14,No
42,Human Resources,19,3,4,Male,3,3,1,12590,4,No,11,3,3,3,20,3,2,20,15,2,11,No
30,Research & Development,28,5,3,Female,2,2,3,7260,1,Yes,23,2,1,1,29,2,3,3,1,3,0,No
28,Sales,8,3,4,Male,1,3,4,14710,10,No,18,2,3,0,34,1,4,10,8,0,7,No
20,Research & Development,12,3,4,Female,3,3,1,11170,6,No,14,3,4,2,23,2,3,0,0,0,0,No
22,Sales,15,4,3,Male,2,2,2,6360,6,No,15,3,3,2,9,3,1,2,2,1,2,No
46,Sales,22,2,3,Female,2,2,2,10060,4,Yes,20,3,2,1,16,2,3,27,16,12,15,No
59,Human Resources,5,3,3,Male,3,5,3,17050,7,No,23,3,3,2,4,2,3,14,2,4,9,No
54,Research & Development,21,5,4,Female,3,2,2,6110,1,No,20,3,1,0,4,2,4,34,5,1,28,No
29,Sales,23,5,4,Male,3,1,4,1810,1,Yes,12,3,3,3,8,3,2,3,1,3,3,Yes
30,Research & Development,16,2,1,Male,3,1,2,4050,4,No,23,3,1,3,12,3,3,12,7,0,4,No
58,Sales,6,2,3,Male,3,2,3,9690,2,No,13,3,3,0,11,3,3,32,30,15,10,No
46,Human Resources,11,3,3,Male,3,3,2,16410,3,No,23,3,1,0,39,2,3,10,2,3,6,No
28,Sales,11,5,4,Female,3,3,2,10510,8,No,20,3,2,0,21,3,4,5,3,2,3,No
44,Research & Development,12,3,1,Male,2,4,2,17420,4,Yes,19,3,1,1,24,2,3,6,6,1,4,No
22,Sales,8,2,3,Female,3,5,4,18600,6,No,15,4,3,0,38,3,2,0,0,0,0,No
22,Research & Development,11,5,3,Female,4,3,3,13100,4,No,23,3,3,2,35,3,3,0,0,0,0,No
38,Human Resources,28,3,4,Female,2,2,2,7190,2,Yes,23,4,2,1,1,1,3,13,6,12,7,No
19,Research & Development,19,3,1,Male,3,3,2,10280,4,No,20,3,3,3,7,3,4,0,0,0,0,No
22,Sales,25,3,4,Male,4,5,1,20000,2,Yes,11,3,3,2,27,4,3,2,0,2,1,Yes
55,Human Resources,22,4,3,Female,2,4,4,15050,7,No,12,3,2,0,19,1,1,2,0,2,1,No
32,Sales,22,2,2,Male,2,5,2,18360,2,Yes,11,4,3,2,24,0,4,13,11,3,6,Yes
25,Sales,3,5,3,Male,3,1,2,4930,8,No,12,3,4,1,13,6,4,5,3,2,4,No
42,Sales,26,3,4,Male,3,2,1,10110,8,No,24,3,3,2,24,4,1,8,5,0,2,No
48,Sales,25,1,3,Male,3,2,3,9740,6,No,14,3,3,0,11,2,4,25,5,0,15,No
34,Research & Development,20,2,4,Male,4,1,4,5650,8,Yes,12,3,3,1,10,1,3,7,1,6,1,No
46,Human Resources,5,4,4,Male,3,4,2,17590,2,No,13,4,3,0,31,3,4,6,1,1,4,No
23,Sales,24,1,3,Female,2,1,1,8780,4,No,21,4,3,1,36,6,3,1,1,1,1,No
42,Research & Development,21,1,2,Male,2,1,3,10360,1,No,18,3,3,0,36,2,4,14,9,4,8,No
50,Sales,11,2,4,Male,4,2,3,11360,4,No,24,3,3,0,23,2,1,8,1,3,7,No
37,Human Resources,15,3,4,Male,4,2,2,7190,8,No,19,3,4,0,1,1,4,16,4,1,11,No
51,Human Resources,6,3,1,Male,3,3,4,13560,5,Yes,17,4,3,3,17,0,4,25,9,12,16,Yes
18,Human Resources,3,2,3,Male,4,3,4,10270,0,No,20,2,4,2,15,2,2,0,0,0,0,No
22,Research & Development,8,5,2,Female,2,3,4,9860,1,No,15,3,4,0,7,3,3,4,3,1,3,No
39,Sales,29,2,4,Male,4,1,2,3800,4,No,24,3,4,2,14,3,2,19,19,11,7,No
45,Research & Development,14,1,1,Female,4,3,4,8440,4,No,21,3,2,0,0,1,4,7,7,3,6,No
56,Research & Development,27,3,3,Female,3,1,1,9530,6,No,16,2,1,3,15,2,3,38,26,12,2,No
47,Research & Development,19,4,1,Male,4,3,2,12080,7,Yes,24,3,3,0,18,5,4,23,14,8,11,No
21,Sales,11,3,4,Male,3,1,3,6300,3,No,25,3,2,2,31,4,3,1,1,1,0,No
38,Research & Development,20,3,2,Male,2,3,2,10190,6,No,20,3,4,0,7,1,3,16,9,5,12,Yes
43,Research & Development,28,2,3,Male,3,5,1,16030,9,No,11,4,2,1,5,2,3,1,0,0,1,No
32,Research & Development,8,4,3,Female,2,2,4,7100,6,No,22,3,3,3,12,2,4,9,6,9,6,No
45,Research & Development,12,3,4,Male,3,1,3,6180,2,No,23,3,4,1,6,6,4,16,15,10,3,No
40,Sales,23,4,4,Female,2,2,4,5660,3,No,12,3,1,3,1,3,3,1,1,1,0,No
19,Research & Development,23,3,3,Female,2,2,3,9460,2,No,20,3,2,2,32,5,2,1,0,0,1,No
57,Human Resources,3,3,3,Female,2,3,3,10660,1,Yes,18,3,3,0,5,1,3,24,13,12,22,Yes
45,Sales,29,2,1,Male,2,2,3,7640,0,No,19,2,2,3,3,6,2,11,1,2,0,Yes
37,Sales,1,4,3,Male,2,1,3,4570,3,No,23,4,1,2,9,3,3,14,11,13,14,No
20,Sales,18,4,4,Male,4,5,1,17290,5,No,21,2,1,0,9,7,4,1,1,1,0,No
41,Sales,5,2,4,Male,3,2,4,7480,8,No,21,4,3,2,6,4,2,20,10,12,17,No
58,Sales,14,3,2,Male,3,2,2,8230,2,No,25,3,2,2,3,3,1,5,2,4,5,No
38,Sales,24,1,1,Female,3,2,3,10620,6,No,25,3,3,2,32,2,3,6,0,3,1,No
54,Research & Development,21,3,1,Male,4,1,2,8290,7,No,20,4,2,0,24,4,3,25,1,4,4,No
45,Research & Development,22,3,4,Female,2,4,3,13710,2,No,22,3,3,0,12,4,3,19,0,12,1,No
25,Sales,4,2,4,Male,3,1,3,7630,9,No,19,3,2,0,36,2,4,6,6,1,0,No
51,Sales,2,3,1,Male,4,1,3,6770,6,Yes,11,3,3,0,38,4,3,32,12,6,20,No
29,Human Resources,12,3,4,Male,3,5,3,18830,1,No,13,3,3,0,28,1,3,8,4,8,2,No
25,Sales,22,1,3,Male,3,3,2,7820,0,No,11,3,1,0,3,4,4,1,0,0,0,No
36,Research & Development,22,3,3,Female,3,3,2,9900,10,No,16,4,2,1,23,2,3,5,3,2,1,No
37,Research & Development,5,1,3,Female,4,5,1,19790,4,Yes,17,3,4,1,28,2,3,11,5,5,10,No
54,Research & Development,7,5,3,Female,3,2,4,12310,6,No,16,3,3,1,34,3,3,26,1,6,6,No
42,Sales,17,3,4,Male,2,3,1,12910,10,No,20,3,3,1,12,1,3,7,2,7,5,No
24,Human Resources,26,1,1,Female,4,2,1,5140,8,No,22,3,4,0,4,2,4,4,3,3,2,Yes
53,Sales,6,5,2,Male,3,3,1,10090,3,No,25,4,3,3,7,3,2,28,3,1,4,Yes
41,Sales,15,3,2,Female,4,5,3,18370,7,No,22,4,1,0,19,3,4,3,1,2,2,No
40,Research & Development,20,5,3,Female,3,5,2,17190,1,No,17,4,4,0,20,5,2,7,4,4,7,No
23,Research & Development,11,3,1,Female,3,3,1,12600,2,No,16,3,1,2,24,2,4,3,3,2,1,No
49,Research & Development,10,2,4,Female,2,3,2,11730,3,Yes,22,3,4,0,4,1,2,15,2,2,0,No
27,Research & Development,19,3,4,Male,4,3,1,9960,1,No,14,3,3,0,5,3,2,6,6,5,1,Yes
38,Sales,21,3,3,Male,4,3,1,10770,2,No,22,3,1,0,0,1,4,8,2,8,3,Yes
32,Research & Development,6,3,4,Male,3,3,2,13150,1,No,18,3,1,3,16,2,2,0,0,0,0,No
57,Research & Development,25,4,1,Female,3,1,3,1770,0,No,16,4,2,2,4,3,4,20,14,11,15,No
30,Human Resources,8,3,1,Male,3,2,4,7290,6,No,23,3,4,1,9,3,3,0,0,0,0,No
58,Human Resources,5,3,1,Female,3,1,3,2280,1,Yes,18,3,2,0,1,3,2,35,17,7,12,Yes
49,Human Resources,22,1,4,Male,3,2,2,8640,1,No,12,3,3,0,19,3,3,19,19,13,19,No
39,Research & Development,24,3,3,Male,3,2,1,9570,2,Yes,22,4,3,3,20,3,4,15,8,10,10,No
32,Research & Development,23,3,2,Female,3,2,1,10690,3,Yes,17,3,3,0,31,3,4,11,4,1,7,No
35,Research & Development,23,2,4,Male,2,3,2,12270,6,No,15,2,2,0,20,3,3,6,4,4,0,No
36,Research & Development,8,4,3,Female,1,2,1,4980,0,No,12,3,1,1,9,2,3,5,4,3,2,No
30,Research & Development,23,3,2,Male,3,1,1,2860,2,No,24,2,4,0,1,3,3,6,1,2,4,No
20,Research & Development,29,3,3,Female,3,5,1,15670,0,Yes,17,3,1,0,22,2,3,0,0,0,0,No
59,Research & Development,26,3,2,Female,4,2,1,6790,8,Yes,23,3,3,1,3,3,3,30,1,1,7,No
38,Research & Development,13,4,3,Male,3,2,3,12770,5,No,25,2,3,0,37,3,3,2,2,1,2,No
27,Sales,18,1,3,Female,2,2,2,10810,6,No,20,3,2,3,25,1,3,0,0,0,0,No
25,Sales,2,3,1,Female,2,3,3,12230,2,No,15,3,3,0,29,1,3,4,1,4,0,Yes
39,Research & Development,7,3,3,Female,3,2,3,8090,8,No,20,3,4,2,15,1,2,0,0,0,0,No
46,Sales,13,4,4,Male,3,3,4,9970,5,No,25,3,3,0,2,4,3,8,7,3,1,No
19,Human Resources,29,5,3,Male,2,1,4,4290,4,No,17,3,3,1,9,2,3,1,0,0,1,No
20,Research & Development,22,1,4,Male,2,2,4,4420,0,Yes,18,4,2,1,0,7,1,2,1,2,2,No
21,Research & Development,10,3,3,Male,3,1,3,5460,2,No,23,2,3,0,11,3,3,2,1,0,2,No
23,Human Resources,20,2,1,Female,3,2,3,5380,5,No,24,3,4,3,9,3,3,5,1,4,1,No
43,Research & Development,3,4,4,Female,3,2,3,9290,1,No,21,4,3,2,21,3,3,25,11,12,16,No
24,Research & Development,8,3,3,Female,4,1,1,4300,6,No,12,2,2,0,19,2,3,6,1,4,5,No
19,Sales,1,2,2,Female,3,1,2,4100,0,No,11,3,1,1,21,2,3,1,1,0,1,No
42,Research & Development,25,3,1,Female,3,2,4,10260,3,Yes,22,2,3,3,30,2,2,7,1,7,6,No
48,Research & Development,2,2,3,Female,3,3,1,9390,5,No,21,3,1,1,4,3,3,22,18,12,17,No
29,Research & Development,29,3,4,Male,3,2,3,6670,9,Yes,20,3,2,0,11,4,1,2,0,1,2,No
46,Sales,26,4,4,Male,2,3,4,14650,4,No,11,3,3,0,33,4,3,17,3,13,15,No
34,Sales,29,5,2,Male,4,4,4,19450,1,Yes,17,3,3,1,34,2,3,2,2,0,2,Yes
30,Sales,5,2,3,Male,3,2,1,8240,3,Yes,18,3,2,2,20,5,4,12,3,3,10,Yes
58,Research & Development,18,4,1,Female,4,1,3,7250,3,No,11,2,2,1,26,4,3,14,13,4,6,No
38,Sales,25,3,2,Female,3,2,4,9060,1,No,15,3,4,1,26,3,4,5,1,4,4,No
53,Research & Development,3,4,4,Female,1,2,2,8940,4,No,16,3,4,1,19,4,3,31,24,4,30,No
39,Research & Development,18,3,3,Male,2,2,2,9570,3,No,15,4,4,1,22,6,2,10,8,10,6,No
26,Research & Development,26,4,2,Female,3,2,2,8780,6,No,16,3,3,3,15,2,4,5,1,5,3,No
35,Research & Development,19,3,2,Male,2,1,2,8970,3,No,15,2,4,0,31,3,4,8,8,6,3,No
48,Research & Development,14,3,1,Male,3,4,1,17660,6,Yes,16,3,2,2,27,2,4,18,1,0,3,No
36,Research & Development,14,2,2,Female,3,5,2,19120,1,Yes,20,3,4,0,24,2,3,5,0,4,5,No
44,Sales,8,2,3,Female,4,2,1,7790,4,No,22,3,4,1,14,1,2,22,14,14,4,No
42,Human Resources,1,3,2,Female,3,3,3,11510,2,No,23,3,4,1,23,1,2,22,21,12,5,No
36,Sales,29,2,3,Male,1,5,2,20000,5,No,17,3,3,0,24,0,3,14,14,6,1,No
41,Sales,9,3,2,Female,3,3,4,10620,6,No,18,3,4,0,10,1,3,1,1,0,1,No
29,Human Resources,8,3,2,Male,4,3,3,14430,6,No,12,3,3,0,30,5,4,3,0,1,0,No
29,Sales,18,2,3,Female,3,1,4,2870,1,Yes,18,3,4,1,1,3,4,6,1,1,0,No
54,Research & Development,26,2,2,Male,2,1,3,8920,5,Yes,16,3,1,1,31,3,3,34,25,14,33,No
43,Research & Development,25,2,4,Male,4,1,1,5320,0,No,14,3,1,3,24,2,3,10,7,3,0,No
26,Human Resources,21,4,2,Male,4,4,2,13340,2,No,16,3,2,0,3,2,2,1,1,1,0,No
59,Sales,28,3,3,Male,3,2,4,8670,7,No,19,3,2,3,10,0,2,35,17,1,1,Yes
57,Research & Development,15,2,2,Male,4,3,4,17200,5,No,22,3,3,1,36,3,4,9,6,5,7,No
27,Sales,25,5,1,Male,3,1,2,5830,9,Yes,24,3,3,2,9,2,3,3,0,0,1,No
28,Sales,22,3,1,Male,4,3,4,12860,6,No,20,3,3,3,21,3,3,2,2,2,2,No
56,Sales,25,4,2,Male,3,2,3,10550,3,No,25,3,4,0,16,1,2,14,13,12,3,No
52,Sales,17,3,3,Male,3,1,1,7310,3,No,16,2,2,3,27,2,3,26,15,0,10,No
49,Sales,13,3,3,Female,2,3,1,9720,1,No,11,3,1,0,0,1,3,5,5,5,1,No
41,Human Resources,22,3,4,Male,3,1,4,4900,2,Yes,20,3,4,1,12,4,4,15,3,8,9,No
57,Sales,10,2,3,Female,2,3,3,10370,3,Yes,21,3,3,0,10,3,4,22,16,9,9,No
37,Sales,22,2,2,Male,2,1,3,5050,0,Yes,25,3,2,0,21,3,3,15,13,13,3,No
53,Human Resources,24,3,4,Male,3,1,1,5910,1,Yes,13,2,4,0,11,4,3,25,25,10,14,No
54,Research & Development,28,3,1,Female,4,2,2,6850,10,Yes,16,4,2,1,17,5,4,26,1,0,20,No
41,Research & Development,11,1,3,Female,3,1,2,6440,4,No,11,3,3,3,37,3,3,13,12,11,12,No
47,Research & Development,2,2,1,Male,4,1,4,9670,2,No,14,4,3,3,37,2,3,28,20,1,26,No
43,Research & Development,9,1,2,Male,4,1,1,10630,0,Yes,21,3,3,3,26,0,4,23,20,9,19,Yes
36,Research & Development,25,2,2,Female,3,2,3,6860,1,No,17,2,3,3,1,1,4,8,2,4,4,No
28,Research & Development,12,1,4,Male,3,2,1,9800,10,No,19,3,1,0,17,5,2,7,5,1,7,No
23,Sales,12,2,4,Male,2,1,4,5220,6,No,16,2,1,0,10,3,3,1,1,1,0,No
45,Research & Development,4,4,4,Male,2,3,2,15850,4,No,25,4,3,2,31,3,3,10,10,5,3,Yes
41,Sales,21,2,3,Male,3,2,1,12200,0,No,23,3,3,1,35,7,4,10,1,9,0,No
37,Sales,18,4,2,Female,2,2,4,9430,1,Yes,22,3,2,0,26,6,4,11,1,7,4,No
23,Sales,28,2,3,Male,2,1,4,3420,5,No,25,2,3,1,5,2,3,4,4,0,4,No
37,Research & Development,18,3,1,Male,4,2,4,12600,0,No,19,3,2,0,37,0,4,1,1,1,1,No
33,Human Resources,3,2,2,Female,3,1,4,7720,3,No,14,2,3,2,32,2,3,8,3,7,8,No
42,Sales,7,4,2,Male,4,2,3,11800,1,No,15,4,3,0,38,3,4,12,9,3,11,No
33,Research & Development,5,4,2,Male,1,1,2,2350,9,Yes,13,2,1,0,7,4,1,3,2,1,3,Yes
25,Research & Development,28,3,4,Male,3,2,3,7680,6,Yes,17,3,2,2,15,3,4,6,0,2,0,No
47,Sales,17,2,3,Female,2,2,2,8100,0,No,13,3,3,0,14,2,3,8,7,6,4,No
26,Research & Development,1,4,3,Male,4,3,3,14830,1,Yes,20,3,2,0,33,4,4,0,0,0,0,No
33,Sales,25,5,4,Female,3,5,4,19580,4,No,22,1,4,0,35,2,3,15,6,5,3,No
34,Research & Development,23,4,3,Female,3,5,3,18140,2,No,19,3,4,0,21,2,4,10,7,3,6,No
44,Sales,28,1,3,Male,3,1,4,3410,3,No,20,3,2,0,2,2,4,13,1,4,10,No
23,Human Resources,11,5,3,Male,2,3,3,7970,8,Yes,12,3,2,0,0,5,3,1,1,1,0,No
40,Sales,12,4,3,Male,3,5,3,17630,4,Yes,21,3,2,0,11,1,3,4,2,3,0,No
20,Research & Development,4,4,3,Male,3,3,4,10620,3,No,23,3,2,0,10,2,3,2,1,0,0,No
28,Research & Development,9,4,3,Female,3,4,3,17430,9,No,15,3,3,2,38,3,3,7,6,2,7,No
19,Research & Development,7,3,2,Male,4,4,1,14130,5,No,19,3,3,3,7,3,3,0,0,0,0,No
21,Sales,17,4,3,Male,3,1,3,9530,0,Yes,12,3,4,0,31,4,3,1,0,0,1,No
23,Research & Development,24,4,3,Female,4,2,1,4810,0,Yes,12,3,1,2,1,1,2,5,5,4,0,No
52,Research & Development,21,3,4,Female,3,3,4,10480,2,No,18,3,3,0,18,2,2,9,9,9,8,No
22,Research & Development,5,2,4,Male,3,2,2,6530,3,No,22,2,1,2,15,2,3,0,0,0,0,No
33,Research & Development,14,2,2,Male,3,3,2,13880,6,No,19,3,1,2,30,1,3,13,9,13,9,No
19,Sales,25,3,3,Female,4,1,1,2790,1,Yes,21,2,3,2,7,4,4,0,0,0,0,No
48,Research & Development,16,4,2,Male,3,1,3,3030,2,Yes,13,3,2,1,18,3,3,20,9,13,9,Yes
26,Human Resources,12,4,4,Male,2,5,2,17270,3,Yes,23,3,4,1,10,2,4,4,0,1,3,Yes
36,Research & Development,7,5,4,Male,2,2,2,7970,2,No,19,3,4,1,1,4,4,11,3,8,11,No
35,Research & Development,11,4,1,Female,3,3,2,9750,2,No,20,4,2,0,13,2,4,11,3,8,4,No
27,Sales,26,2,1,Male,3,3,3,12640,3,No,24,3,3,1,12,3,2,5,1,0,3,Yes
23,Sales,25,3,3,Female,3,2,2,6820,3,No,20,3,4,3,0,5,3,0,0,0,0,Yes
56,Sales,17,5,2,Male,3,3,2,11200,2,No,25,2,3,1,0,4,3,25,11,11,4,Yes
22,Sales,26,2,3,Female,2,2,2,8020,2,No,14,3,3,2,26,1,4,1,0,0,0,No
20,Sales,23,4,3,Male,3,5,1,19920,2,Yes,12,3,2,3,27,2,4,0,0,0,0,No
19,Research & Development,2,5,4,Male,4,2,2,6620,4,No,23,3,3,2,4,2,4,0,0,0,0,No
50,Research & Development,18,2,3,Male,4,2,3,9310,7,No,23,4,4,0,2,1,3,0,0,0,0,No
48,Sales,28,3,3,Female,2,1,2,3410,2,No,12,2,3,1,1,3,1,11,9,9,11,Yes
46,Sales,9,3,2,Female,3,3,3,13200,5,No,25,3,4,0,35,3,4,23,23,14,2,No
41,Sales,19,3,4,Male,3,1,1,1920,3,No,17,3,4,0,11,4,2,7,4,2,6,Yes
19,Research & Development,18,3,2,Male,3,5,1,19340,3,No,24,3,4,2,33,3,3,1,0,0,0,No
18,Sales,29,2,3,Female,4,4,3,12850,3,Yes,23,3,4,1,22,3,2,0,0,0,0,No
31,Research & Development,1,3,4,Male,4,4,3,13790,6,No,24,3,4,0,12,4,3,2,0,2,1,No
20,Research & Development,28,1,4,Male,2,1,4,8460,3,No,24,4,1,0,24,3,2,2,0,2,1,Yes
51,Sales,2,3,2,Male,3,4,2,17070,3,No,15,3,3,3,28,3,3,3,2,1,2,Yes
46,Research & Development,20,2,2,Female,3,1,2,1070,7,No,13,3,2,1,5,3,3,20,15,12,1,Yes
19,Research & Development,13,5,3,Male,4,1,2,3060,0,Yes,19,4,2,3,12,2,4,0,0,0,0,No
31,Research & Development,28,5,4,Female,2,1,2,4380,1,No,14,3,4,0,29,3,3,5,3,0,1,No
55,Sales,2,4,2,Male,1,4,2,18470,0,No,12,3,2,0,28,2,3,6,3,3,4,No
49,Human Resources,22,3,4,Male,4,3,4,13020,7,No,23,3,1,0,33,5,3,21,15,14,7,No
25,Research & Development,28,3,3,Female,3,2,3,10300,3,No,17,3,3,1,27,2,4,1,1,1,0,No
43,Research & Development,17,4,1,Female,3,1,3,7100,0,No,19,3,3,0,10,1,3,21,11,0,10,No
27,Research & Development,24,1,3,Female,2,3,2,10660,2,No,13,3,1,1,17,2,3,8,4,8,0,Yes
39,Human Resources,26,1,3,Female,3,2,4,9930,4,No,16,3,2,0,38,2,4,16,2,2,9,No
20,Research & Development,23,3,1,Female,2,2,2,9740,3,No,21,4,2,3,28,2,4,2,0,2,2,No
52,Research & Development,16,3,1,Female,4,2,3,5730,1,No,21,3,3,1,2,4,3,33,0,12,11,Yes
19,Sales,22,4,2,Female,3,3,3,10590,4,Yes,18,2,2,1,21,4,3,0,0,0,0,No
40,Sales,27,4,2,Female,3,1,3,4370,4,Yes,13,3,4,3,12,3,4,18,3,10,12,No
39,Sales,24,5,3,Female,3,1,3,7930,2,No,16,3,2,1,23,1,4,16,3,12,11,No
51,Research & Development,9,5,4,Male,1,2,2,8050,5,No,18,3,2,1,7,4,4,4,0,3,4,No
33,Sales,9,4,1,Male,3,1,2,9690,0,No,18,3,2,0,39,4,4,15,3,7,13,No
57,Sales,9,5,1,Female,4,2,3,7170,0,No,11,3,3,1,7,3,3,35,3,4,30,No
40,Research & Development,13,2,1,Male,4,4,2,17790,0,No,16,3,3,2,28,3,3,5,1,3,5,No
35,Human Resources,18,3,3,Male,3,4,3,15080,6,No,25,3,2,1,7,5,4,13,5,0,2,No
41,Research & Development,21,2,3,Male,4,1,4,1000,7,No,21,3,4,0,0,2,3,16,6,13,5,No
51,Sales,17,3,2,Female,3,1,4,7690,5,No,16,3,4,2,18,3,2,0,0,0,0,No
36,Human Resources,7,5,1,Male,4,3,4,6400,0,Yes,19,3,2,1,0,3,3,1,1,0,0,Yes
28,Sales,7,4,3,Male,2,2,3,9880,0,No,17,3,4,1,20,2,4,8,4,7,2,Yes
23,Sales,17,4,4,Female,3,3,2,13980,0,Yes,25,3,3,3,30,1,3,1,0,1,0,No
29,Research & Development,27,5,2,Male,3,3,3,15900,5,No,25,4,3,2,37,1,3,8,8,2,3,No
54,Sales,28,4,2,Male,3,2,2,11030,4,No,23,4,2,2,18,2,1,21,8,8,18,No
25,Research & Development,6,4,3,Female,3,1,3,9960,3,Yes,20,3,3,1,33,5,4,3,3,2,1,No
19,Sales,26,3,4,Male,3,3,3,12860,0,Yes,22,2,1,2,31,3,4,1,1,1,0,No
41,Research & Development,22,3,2,Female,3,1,4,4500,5,No,12,3,2,0,19,2,3,2,2,2,1,No
54,Human Resources,29,5,1,Female,3,1,4,5940,8,No,25,3,1,0,17,3,4,12,0,9,3,Yes
48,Research & Development,3,2,3,Male,4,1,1,7860,1,Yes,23,3,1,2,29,2,4,4,0,0,4,Yes
26,Research & Development,6,1,3,Male,2,2,3,7280,3,No,19,3,4,2,13,0,3,6,3,2,1,Yes
59,Sales,29,3,2,Male,2,3,1,13250,0,Yes,15,3,3,1,21,4,3,20,4,4,19,No
41,Sales,12,4,4,Male,3,3,4,14600,1,No,15,3,2,2,31,4,4,7,7,1,2,No
53,Human Resources,11,3,2,Female,2,4,2,12410,0,No,18,2,2,1,3,2,3,10,7,3,8,No
23,Research & Development,14,3,3,Male,2,4,3,12790,8,Yes,12,3,4,0,0,2,4,2,0,0,0,Yes
43,Sales,16,3,4,Male,3,3,3,11630,2,No,17,3,2,0,11,5,3,3,1,2,3,No
50,Sales,4,1,1,Female,3,3,1,14100,2,No,20,2,2,1,34,0,2,23,14,3,4,Yes
39,Research & Development,23,1,1,Male,3,1,1,8150,5,No,12,4,4,0,33,5,3,6,6,3,1,No
52,Sales,28,3,2,Male,3,2,1,8230,1,Yes,17,3,3,3,12,3,2,28,8,13,28,Yes
40,Sales,19,1,2,Male,4,1,1,3360,1,No,12,2,4,1,1,4,4,1,1,1,1,No
33,Sales,18,4,3,Female,3,3,3,11310,5,No,23,3,3,2,20,4,1,1,1,1,1,No
58,Human Resources,8,3,2,Male,3,4,2,16310,3,No,14,3,3,0,13,3,4,31,30,8,15,No
50,Sales,22,3,2,Male,2,3,4,9230,0,No,12,3,4,2,8,0,3,32,29,5,6,No
19,Research & Development,21,4,3,Male,4,5,4,20000,6,Yes,18,3,4,1,38,3,4,1,0,0,0,No
36,Research & Development,22,3,4,Female,4,5,4,17420,2,Yes,25,3,3,3,22,3,4,7,7,5,7,Yes
19,Sales,9,3,3,Male,3,4,1,13320,1,No,19,3,3,2,5,5,3,1,1,0,1,No
48,Sales,22,3,2,Male,2,1,4,8450,0,No,16,2,3,1,35,3,2,9,8,8,3,No
47,Sales,19,4,4,Female,3,2,1,10320,4,No,18,3,4,0,34,2,3,19,13,0,8,No
39,Sales,4,3,2,Female,3,1,3,4710,2,No,13,1,4,3,14,2,3,16,7,1,13,No
27,Sales,25,3,3,Male,1,4,1,14790,0,No,12,2,4,3,15,2,4,9,2,3,6,No
29,Sales,8,1,2,Male,2,2,4,8610,0,Yes,24,4,2,0,9,2,3,6,2,5,0,Yes
19,Sales,26,3,3,Male,3,2,4,11320,5,No,18,2,2,1,34,3,3,0,0,0,0,No
44,Research & Development,17,4,1,Male,3,1,2,4890,2,Yes,25,3,3,1,15,3,3,22,19,14,9,No
23,Research & Development,11,2,2,Male,3,1,3,4840,5,No,12,2,3,1,23,2,4,5,0,2,0,No
56,Sales,18,4,3,Male,3,1,4,7520,4,Yes,15,3,2,1,24,3,1,38,36,9,8,No
29,Research & Development,2,2,2,Male,4,3,3,11670,3,No,18,3,1,2,16,1,4,4,2,3,2,No
37,Research & Development,25,2,2,Female,4,1,1,3160,6,No,21,3,4,2,11,4,3,9,0,1,6,No
32,Research & Development,2,1,4,Male,4,1,1,8110,1,No,11,3,4,1,30,2,2,5,4,0,3,No
41,Sales,28,3,4,Male,3,2,1,10690,5,No,13,1,3,1,25,3,3,17,4,6,2,No
40,Human Resources,15,5,4,Female,2,1,3,3900,6,No,16,3,3,0,7,5,2,16,8,7,15,No
52,Sales,2,3,2,Female,2,5,4,19150,1,Yes,15,3,3,0,20,4,3,17,1,1,13,No
59,Sales,15,2,1,Male,4,1,4,9030,1,No,23,3,4,1,31,3,3,5,3,3,3,No
28,Research & Development,16,2,2,Female,3,3,4,10640,7,No,22,1,3,2,4,3,3,3,0,2,2,No
56,Sales,26,5,2,Male,4,2,4,7200,2,Yes,15,3,1,3,6,3,4,25,14,15,16,No
35,Human Resources,9,2,3,Male,2,1,3,7250,6,No,14,3,3,1,28,3,3,0,0,0,0,No
52,Sales,15,5,3,Male,3,2,3,12500,4,No,12,3,4,3,38,1,4,20,15,4,15,No
20,Sales,26,1,3,Male,3,2,2,8420,1,No,12,3,3,1,10,3,3,0,0,0,0,No
49,Research & Development,1,3,4,Female,3,5,3,17360,3,Yes,11,3,4,0,7,0,2,11,3,2,0,No
20,Sales,1,3,3,Female,3,4,2,12410,2,Yes,25,2,2,0,5,2,4,0,0,0,0,Yes
23,Sales,19,3,1,Male,3,3,4,9840,4,Yes,24,3,4,1,6,0,2,0,0,0,0,Yes
35,Research & Development,11,5,3,Male,2,1,3,1000,3,No,12,3,3,0,0,5,3,11,4,1,11,No
32,Human Resources,10,1,3,Male,3,4,4,16650,1,No,13,2,3,0,35,4,3,8,3,4,8,No
42,Research & Development,20,3,1,Male,3,3,4,17110,4,No,18,4,3,1,39,1,1,18,13,5,11,No
42,Research & Development,1,3,2,Male,2,2,3,10610,10,No,16,4,3,1,11,2,3,2,2,0,2,No
50,Sales,11,5,1,Male,2,1,3,7760,3,No,13,3,1,1,35,1,2,25,4,13,8,No
48,Research & Development,11,3,1,Male,3,5,4,19420,5,No,11,4,1,1,18,2,4,1,1,1,0,No
18,Sales,23,3,4,Male,3,1,3,4400,2,Yes,25,2,2,2,17,4,3,0,0,0,0,No
35,Sales,1,1,3,Female,4,2,1,11290,1,No,11,2,4,0,34,5,4,11,0,7,1,No
21,Research & Development,3,2,2,Male,2,2,4,3060,10,No,11,3,3,2,2,3,3,3,0,1,1,Yes
45,Sales,19,2,1,Female,2,3,4,10760,0,No,20,3,3,0,18,2,3,25,18,14,13,No
56,Sales,9,2,3,Male,4,1,3,8650,5,No,11,4,2,0,34,1,4,4,0,2,2,No
57,Research & Development,13,2,2,Male,2,5,3,17170,5,No,22,3,4,0,9,2,2,17,17,13,1,No
34,Human Resources,29,2,3,Male,3,1,4,4350,2,No,22,4,4,0,8,3,3,1,1,1,1,No
57,Sales,11,3,2,Male,2,1,4,9820,4,No,12,3,4,0,31,3,3,1,0,0,0,No
56,Sales,22,1,2,Male,4,3,1,12150,5,Yes,25,2,3,0,14,2,4,17,2,5,0,Yes
46,Sales,29,2,4,Male,4,1,1,6060,2,No,21,4,1,0,13,4,4,28,11,8,14,No
49,Sales,4,4,3,Female,3,3,4,8870,5,No,14,3,1,0,4,0,4,18,6,9,0,No
18,Research & Development,9,2,4,Female,3,2,3,7190,5,Yes,16,3,3,3,14,7,3,0,0,0,0,No
27,Research & Development,2,3,1,Male,4,3,3,8560,4,No,23,3,4,2,3,1,3,7,7,4,0,No
48,Sales,17,2,3,Female,4,3,3,9270,2,No,11,4,3,0,0,2,3,24,5,10,10,No
31,Sales,13,2,1,Male,2,2,2,9790,4,No,22,3,3,2,14,4,3,13,1,1,0,No
59,Research & Development,29,4,4,Male,2,3,4,13690,3,No,25,3,1,3,7,1,3,14,12,2,9,No
47,Human Resources,11,4,4,Male,4,2,4,8100,7,Yes,23,3,3,1,10,2,3,26,7,13,21,No
27,Research & Development,15,3,3,Male,3,2,1,4610,4,Yes,14,3,1,0,10,2,4,0,0,0,0,Yes
28,Research & Development,3,3,4,Female,3,4,3,14540,5,No,22,3,4,1,13,3,3,8,1,5,7,No
24,Sales,13,3,1,Male,4,2,2,8300,3,No,15,3,2,1,24,3,2,4,3,1,4,No
50,Research & Development,5,2,4,Male,2,3,3,13330,3,No,22,3,2,2,9,1,2,17,15,8,6,No
51,Research & Development,24,2,3,Female,3,3,1,9930,0,Yes,22,3,1,0,13,6,3,9,3,2,2,No
24,Research & Development,8,3,2,Female,3,2,2,6090,7,No,16,3,1,3,3,2,4,1,1,1,1,No
57,Research & Development,18,2,4,Female,3,5,1,20000,5,No,23,4,1,0,38,0,4,37,33,6,7,No
35,Research & Development,3,3,2,Male,2,4,4,16850,2,Yes,11,2,3,3,26,4,4,14,12,14,14,No
27,Research & Development,3,3,4,Male,2,3,3,10390,6,No,11,2,4,0,12,3,3,3,1,3,2,No
28,Sales,13,2,4,Male,2,1,2,7310,2,Yes,25,3,2,2,20,2,2,10,8,8,10,No
49,Research & Development,20,5,3,Female,4,1,2,6730,2,No,13,2,3,2,16,2,3,15,4,9,14,No
33,Sales,9,5,4,Male,3,1,3,4300,2,No,15,3,1,3,17,2,3,12,11,9,10,No
43,Research & Development,19,4,3,Female,3,5,4,17590,2,Yes,17,4,3,1,17,2,4,19,16,12,2,Yes
41,Sales,1,3,4,Male,4,5,4,20000,2,Yes,13,3,4,1,20,4,3,12,6,4,7,No
18,Human Resources,15,4,2,Male,3,3,1,11680,1,Yes,17,3,1,2,16,3,3,0,0,0,0,Yes
21,Sales,15,3,2,Female,2,5,3,16500,0,No,16,3,2,3,22,5,2,0,0,0,0,No
53,Research & Development,9,2,2,Female,3,3,1,11630,7,No,22,3,2,2,31,0,3,10,10,10,0,No
32,Research & Development,29,3,3,Male,3,2,1,9070,3,Yes,25,4,3,0,22,4,4,14,8,1,0,No
51,Sales,22,5,1,Female,3,3,3,15700,0,Yes,18,3,4,0,27,0,3,7,3,6,1,No
57,Sales,12,3,2,Female,2,3,3,12550,1,No,13,3,4,0,23,5,3,13,3,2,2,No
46,Research & Development,8,3,2,Male,3,1,2,3280,3,No,18,4,4,2,14,1,3,2,2,1,0,No
50,Research & Development,6,3,3,Female,3,4,4,16870,1,Yes,19,1,2,0,22,3,4,14,14,8,10,No
23,Sales,28,3,4,Female,4,3,3,9480,1,No,25,3,3,0,9,2,4,1,0,0,0,No
34,Research & Development,5,2,4,Female,3,3,3,11900,5,No,11,3,4,1,24,1,4,10,3,5,10,No
58,Sales,26,4,4,Male,4,1,1,7090,2,No,11,3,4,0,20,2,3,19,3,10,4,No
21,Sales,17,4,3,Male,4,2,2,11070,0,No,12,3,1,0,36,1,2,0,0,0,0,No
22,Research & Development,3,3,4,Male,3,1,4,8650,0,No,23,3,2,0,35,3,4,0,0,0,0,No
28,Research & Development,22,1,3,Female,2,3,1,14190,2,No,20,3,4,1,39,2,3,10,7,6,0,No
22,Research & Development,6,3,4,Male,3,5,1,20000,3,No,24,3,3,0,36,5,3,3,3,2,1,No
37,Research & Development,7,2,1,Female,3,1,4,2280,4,No,23,3,2,0,2,1,3,11,0,5,7,No
54,Human Resources,21,3,4,Male,3,1,2,8170,4,No,24,3,3,1,25,2,3,28,9,2,13,No
34,Human Resources,28,2,1,Male,3,1,1,9820,4,No,17,3,3,0,29,2,2,11,2,9,11,No
41,Sales,19,3,1,Male,2,2,2,8750,4,No,25,3,1,0,18,5,3,17,10,12,11,No
34,Human Resources,28,5,4,Female,3,2,1,12940,7,No,14,3,4,1,38,2,4,8,4,7,4,No
44,Sales,9,1,4,Female,3,1,2,6490,4,No,14,2,3,2,13,6,3,17,16,8,3,No
46,Research & Development,5,1,2,Female,3,2,2,11650,6,No,14,3,3,1,21,3,3,27,24,4,1,Yes
54,Sales,14,4,2,Male,3,1,1,4000,0,No,16,4,1,2,13,3,3,25,11,12,6,No
53,Human Resources,14,5,1,Male,2,1,3,3150,3,Yes,25,3,3,0,4,2,3,23,1,6,9,Yes
28,Research & Development,22,4,1,Male,3,2,2,7530,1,Yes,11,3,3,2,26,3,3,10,6,8,0,No
27,Sales,19,4,2,Male,2,4,3,13320,4,No,19,3,2,1,12,7,3,5,0,1,1,No
21,Research & Development,6,2,3,Female,3,2,2,9320,2,No,13,4,2,0,33,7,3,1,0,0,0,No
18,Sales,8,1,2,Male,3,3,1,14420,7,No,14,3,4,1,27,1,3,0,0,0,0,No
35,Sales,21,3,1,Female,2,1,3,3500,5,No,23,3,1,0,8,0,3,14,1,12,9,No
28,Sales,6,3,1,Male,3,2,4,2120,2,No,17,3,3,2,6,4,3,10,7,5,4,No
56,Research & Development,28,2,2,Male,3,1,4,2910,3,No,17,3,2,1,4,1,3,2,2,2,1,No
27,Human Resources,8,3,3,Male,3,1,1,3730,1,Yes,18,2,3,3,2,2,3,8,6,0,1,No
49,Human Resources,10,3,4,Female,3,2,3,7260,4,Yes,14,3,3,2,7,3,2,9,7,6,4,Yes
36,Sales,5,2,2,Male,3,4,3,19310,4,No,25,3,2,2,34,4,3,9,4,4,7,No
50,Sales,27,3,3,Male,3,2,1,8190,1,No,15,3,3,1,22,1,4,20,6,14,15,No
31,Research & Development,6,5,3,Male,2,1,4,5010,3,No,11,2,2,0,26,1,3,8,1,2,2,No
28,Research & Development,5,3,1,Male,4,5,2,17030,0,No,24,3,3,1,14,2,3,2,2,1,0,No
45,Sales,13,1,3,Female,1,3,2,8440,1,No,24,3,3,3,2,2,3,27,7,5,2,No
27,Sales,4,5,2,Male,3,2,4,9470,0,No,23,2,3,1,31,7,3,0,0,0,0,No
42,Research & Development,10,5,4,Female,3,1,2,4270,4,No,17,4,3,1,15,4,3,24,23,12,20,No
37,Human Resources,25,4,3,Female,2,3,1,9420,1,No,19,3,2,0,1,2,2,9,2,9,4,Yes
50,Research & Development,29,3,4,Female,2,4,2,20000,6,No,11,3,4,0,33,1,2,12,1,11,8,Yes
45,Human Resources,14,1,3,Male,1,1,4,2210,5,No,25,3,3,3,0,2,1,25,5,8,7,No
53,Human Resources,23,2,3,Female,2,3,3,12970,0,No,20,3,3,2,27,5,4,11,8,3,8,No
31,Research & Development,7,4,3,Female,3,3,4,13580,9,No,14,3,4,0,29,1,3,4,0,0,0,No
56,Human Resources,5,1,3,Male,4,2,1,8010,5,No,17,2,3,2,1,2,4,31,24,3,2,No
55,Research & Development,6,1,4,Male,2,3,2,13690,5,No,24,3,3,1,29,5,3,22,18,13,18,No
49,Sales,6,4,1,Female,3,3,2,12080,5,No,20,3,4,1,22,3,2,20,14,6,9,No
28,Research & Development,11,2,3,Female,3,1,2,5290,2,Yes,23,3,1,0,30,1,3,6,4,2,0,No
53,Research & Development,26,3,2,Female,2,2,3,11520,4,No,18,2,3,2,32,4,2,29,7,9,26,No
31,Research & Development,13,4,3,Male,4,2,3,8590,0,No,13,1,3,2,32,4,4,5,1,0,0,No
53,Research & Development,20,5,1,Male,2,4,2,15200,0,Yes,24,3,3,1,2,2,3,34,15,15,16,No
53,Human Resources,12,3,4,Male,4,2,2,11730,0,Yes,25,2,2,0,25,1,4,22,20,6,0,No
54,Research & Development,7,4,4,Female,4,2,2,10840,0,No,23,4,4,2,33,3,3,2,0,0,2,No
25,Sales,2,2,4,Male,4,1,3,6580,0,No,23,3,4,1,25,4,3,4,0,3,1,No
45,Research & Development,28,3,2,Male,2,5,1,19980,4,No,19,3,3,2,28,4,3,9,7,6,4,No
41,Research & Development,20,2,3,Male,4,4,3,16760,2,No,17,2,2,0,22,2,2,19,1,0,7,No
48,Human Resources,8,5,3,Female,3,1,3,6490,3,No,13,3,2,0,20,3,2,18,9,5,11,No
43,Sales,4,5,2,Male,2,1,2,8360,0,No,23,2,2,0,28,3,3,7,5,3,5,No
36,Research & Development,4,4,4,Male,3,3,4,12530,3,Yes,17,3,3,0,14,3,3,7,3,1,3,Yes
30,Research & Development,8,4,3,Female,2,5,3,15320,3,No,24,3,3,0,11,3,3,0,0,0,0,No
25,Sales,15,3,3,Female,2,2,2,8290,6,No,12,2,3,3,22,2,3,4,2,3,3,No
42,Research & Development,6,3,2,Female,4,1,4,6700,1,No,12,3,3,2,16,6,3,19,18,0,1,No
19,Sales,18,5,4,Female,3,1,1,6150,4,No,13,3,2,2,24,2,4,1,1,1,1,No
49,Human Resources,11,3,3,Female,2,2,1,11690,4,Yes,19,2,3,1,34,3,4,4,1,2,4,No
47,Human Resources,1,5,4,Male,4,2,2,9520,0,Yes,22,4,3,2,10,3,3,16,3,2,5,Yes
51,Sales,17,2,3,Male,3,3,3,10750,10,No,20,2,4,0,0,4,1,10,1,7,7,No
45,Research & Development,19,2,4,Male,3,3,3,13100,3,Yes,12,3,4,0,20,1,3,0,0,0,0,No
23,Research & Development,1,2,4,Male,3,2,1,10860,7,No,11,3,3,1,33,2,3,0,0,0,0,No
47,Sales,7,3,4,Female,3,2,2,12020,5,Yes,22,3,2,0,38,2,3,11,3,9,0,Yes
38,Sales,28,5,4,Male,3,5,2,19410,1,No,14,3,4,0,31,3,3,3,0,3,2,No
50,Sales,8,3,2,Male,2,3,4,11650,4,No,25,3,2,0,5,2,3,4,3,0,0,No
47,Human Resources,11,3,2,Male,4,4,2,17270,1,No,18,4,1,2,34,0,3,6,0,2,1,No
24,Research & Development,9,3,3,Male,3,3,3,14500,6,No,21,3,3,0,31,2,3,6,5,6,4,No
54,Human Resources,6,2,3,Female,4,2,3,9460,7,No,15,3,4,0,21,3,4,8,7,1,7,No
53,Research & Development,4,4,4,Female,4,3,3,9520,0,No,19,3,3,1,4,3,3,30,14,11,30,No
43,Sales,10,4,3,Female,2,3,3,13430,4,Yes,15,4,2,2,26,5,2,4,3,1,2,No
28,Sales,28,4,4,Female,3,2,2,7800,0,No,16,2,1,2,37,4,3,9,3,2,4,No
53,Sales,21,1,3,Female,3,5,4,17730,1,Yes,13,4,1,2,35,3,4,16,13,6,5,No
29,Research & Development,10,1,4,Female,3,1,1,5930,3,No,18,2,2,1,6,3,3,7,0,2,6,No
27,Sales,25,1,3,Female,2,4,2,11350,1,No,18,3,4,1,0,2,3,5,0,0,0,No
19,Human Resources,26,3,3,Male,3,1,2,8490,1,Yes,12,3,3,0,32,3,2,1,1,0,0,Yes
38,Research & Development,28,5,4,Female,3,5,1,17620,1,No,24,4,3,0,16,2,3,4,1,2,2,No
59,Sales,13,1,2,Male,3,3,1,12020,5,No,14,3,3,0,28,4,3,11,6,9,0,No
58,Research & Development,12,2,2,Male,3,3,3,13920,2,No,11,4,3,0,22,4,3,34,22,3,24,No
52,Sales,19,5,1,Female,3,2,3,10520,2,No,18,3,3,1,27,4,4,32,26,4,13,No
18,Sales,17,3,2,Male,3,1,4,10000,3,Yes,11,3,3,1,39,4,2,0,0,0,0,No
30,Research & Development,13,3,3,Male,2,2,2,7930,3,No,17,3,4,0,10,1,3,8,6,5,4,No
18,Research & Development,6,1,2,Female,3,5,1,13990,0,No,23,1,2,0,3,0,3,0,0,0,0,No
25,Sales,20,1,3,Male,3,5,1,20000,0,No,18,2,4,3,24,3,4,2,0,0,2,No
55,Research & Development,22,3,4,Female,3,3,2,16340,3,No,11,3,4,3,35,2,4,24,7,1,1,No
32,Research & Development,8,3,4,Female,2,2,4,6810,3,Yes,14,2,3,1,16,2,2,9,4,2,0,No
18,Research & Development,3,3,2,Male,3,1,2,5350,8,No,11,3,3,2,25,2,2,0,0,0,0,No
26,Sales,23,4,4,Female,2,1,2,5730,3,No,22,3,1,3,25,1,3,8,1,7,4,No
32,Sales,26,5,3,Male,3,5,2,20000,10,Yes,21,3,2,0,35,5,3,5,0,4,0,Yes
38,Research & Development,12,3,2,Female,3,4,1,13060,4,Yes,22,3,3,0,8,3,3,14,1,0,1,No
30,Human Resources,29,2,3,Female,3,2,1,9170,4,Yes,15,3,3,1,27,2,3,12,11,12,4,No
27,Research & Development,15,3,2,Female,3,5,1,16500,0,Yes,19,3,3,2,13,5,3,2,1,0,1,No
44,Sales,18,2,4,Female,3,1,2,9400,9,No,15,4,3,2,24,5,4,25,12,4,4,No
44,Research & Development,28,3,3,Female,3,2,2,9410,0,Yes,13,2,2,0,26,6,2,16,9,15,9,Yes
35,Sales,26,2,1,Female,4,3,3,15980,8,Yes,11,3,3,2,38,3,3,11,4,9,2,No
23,Sales,25,2,3,Female,3,2,1,8000,1,Yes,19,3,3,0,21,3,4,4,4,1,0,No
44,Research & Development,18,1,3,Male,3,2,1,10080,0,Yes,24,2,4,0,12,3,3,25,23,5,7,Yes
51,Research & Development,14,1,4,Male,2,3,4,11060,2,No,11,3,1,2,6,3,3,3,0,0,2,No
48,Sales,27,2,1,Female,3,3,2,12450,4,No,19,3,1,1,24,4,2,30,11,1,23,No
47,Human Resources,27,3,4,Female,3,1,4,5990,2,No,13,2,1,1,10,3,3,26,14,0,15,No
21,Research & Development,23,2,1,Male,3,3,3,15510,5,No,23,3,2,0,38,4,3,3,2,3,3,No
46,Sales,29,3,4,Female,1,3,3,14220,4,No,14,3,2,3,32,0,2,8,4,3,2,No
28,Human Resources,27,2,3,Female,3,3,2,9520,2,No,14,3,3,0,28,3,3,6,4,5,0,No
27,Research & Development,3,2,3,Female,4,4,2,14650,0,No,22,3,2,3,33,4,4,2,1,0,2,No
32,Research & Development,19,2,3,Male,2,1,2,3480,0,No,22,3,1,0,14,0,2,14,1,6,7,No
36,Sales,13,4,2,Female,4,4,2,15760,3,Yes,23,3,4,3,17,5,3,4,3,4,4,Yes
38,Human Resources,16,2,2,Female,4,1,3,9510,0,No,15,3,4,0,37,2,3,16,3,10,11,No
56,Research & Development,15,2,3,Male,2,2,3,8940,6,No,24,3,4,1,2,2,3,1,1,0,0,No
42,Sales,26,2,3,Male,3,1,3,4020,0,Yes,22,3,4,1,11,4,3,2,1,2,1,Yes
39,Research & Development,9,4,2,Male,4,4,1,12790,3,No,12,2,3,0,0,2,4,21,6,4,15,No
39,Research & Development,7,4,4,Male,3,1,3,6770,1,No,20,3,4,1,26,4,3,8,8,8,6,No
33,Research & Development,9,1,4,Female,4,3,1,12010,1,No,14,2,4,1,28,2,3,0,0,0,0,No
44,Research & Development,15,1,3,Male,3,3,2,14770,1,No,18,3,4,0,33,2,4,15,6,12,4,No
59,Sales,5,3,1,Male,3,2,4,8930,3,Yes,24,3,3,0,18,1,4,23,3,9,8,No
32,Research & Development,2,3,4,Female,4,1,3,7590,6,Yes,17,4,3,3,36,4,1,14,4,2,10,Yes
22,Research & Development,15,3,4,Male,2,5,2,17850,1,No,15,2,2,0,2,2,2,1,1,1,0,No
32,Sales,28,2,4,Male,2,2,4,10190,8,Yes,24,3,3,2,20,2,2,5,4,5,4,No
56,Sales,8,2,3,Female,3,2,1,11490,7,Yes,17,3,2,0,36,4,2,27,22,13,14,No
47,Research & Development,28,2,3,Male,2,2,3,11260,4,No,24,3,1,3,27,2,1,23,15,11,13,No
24,Research & Development,19,5,4,Male,2,3,4,10930,5,No,16,4,2,0,16,3,4,4,1,1,1,No
29,Sales,1,5,2,Male,2,2,3,7670,2,No,20,2,3,2,21,2,4,10,0,3,6,No
31,Research & Development,20,2,4,Male,2,4,2,17810,1,No,13,1,3,0,34,7,3,2,1,1,0,No
39,Sales,25,3,2,Female,3,1,1,6220,1,No,13,3,1,1,37,2,2,0,0,0,0,No
46,Research & Development,11,3,4,Male,2,2,3,7740,0,No,17,3,2,1,17,3,2,27,16,12,8,No
19,Human Resources,29,3,1,Female,2,1,3,2650,4,No,22,4,2,0,3,1,4,0,0,0,0,Yes
31,Sales,24,4,1,Female,2,3,1,15190,6,No,12,3,3,0,38,6,3,11,4,2,2,No
34,Sales,21,4,2,Female,3,3,3,10820,9,No,20,3,3,1,24,4,2,6,1,6,1,No
57,Sales,2,2,3,Male,2,2,1,7830,3,No,17,3,2,1,12,4,3,20,13,15,4,No
50,Sales,9,3,1,Male,2,2,2,6810,6,No,13,3,1,1,10,3,2,22,0,3,17,No
37,Research & Development,15,2,3,Male,2,1,1,10360,6,Yes,17,2,4,0,36,3,3,0,0,0,0,No
20,Research & Development,5,3,1,Female,4,4,1,11500,4,No,22,3,3,0,2,0,3,0,0,0,0,Yes
52,Research & Development,20,2,2,Female,2,5,2,17840,6,No,25,3,1,1,29,3,1,25,8,12,3,No
21,Research & Development,16,5,4,Male,2,2,4,7940,0,No,24,3,2,0,5,2,3,1,0,0,0,No
57,Research & Development,9,2,1,Male,2,1,1,3860,2,No,17,3,4,0,11,3,3,24,16,11,15,No
45,Research & Development,28,3,4,Female,2,5,4,19980,7,No,15,3,4,0,35,2,4,26,15,6,5,No
46,Research & Development,10,2,2,Female,2,2,2,5550,2,Yes,14,3,3,1,0,1,4,24,17,11,23,Yes
44,Research & Development,18,3,2,Male,2,2,3,9550,0,Yes,17,4,3,0,21,3,3,23,8,5,2,No
20,Research & Development,19,4,3,Male,3,1,2,6740,4,No,22,2,2,1,33,2,3,0,0,0,0,No
46,Research & Development,27,3,4,Female,2,2,2,6230,4,No,22,3,3,2,4,2,3,22,2,11,16,Yes
28,Research & Development,19,4,1,Male,3,3,3,13180,6,No,25,3,2,1,27,0,4,3,1,3,2,No
31,Research & Development,1,3,3,Female,1,2,3,9500,7,Yes,11,4,2,0,26,4,3,9,4,1,9,No
31,Research & Development,17,4,3,Female,1,2,2,8920,2,No,23,3,3,2,32,4,4,0,0,0,0,No
19,Sales,28,3,2,Male,4,3,1,13180,4,No,24,3,4,1,25,3,3,1,1,0,0,No
18,Research & Development,16,2,4,Male,3,2,3,7070,4,No,18,3,2,0,9,2,3,0,0,0,0,No
18,Research & Development,18,3,4,Female,2,3,1,10410,1,No,21,3,4,0,5,3,3,0,0,0,0,Yes
54,Sales,20,5,3,Female,3,1,2,5560,3,Yes,23,3,4,1,17,2,4,17,7,1,4,No
22,Research & Development,15,4,1,Male,4,1,3,7140,9,Yes,17,3,1,3,33,3,4,0,0,0,0,No
27,Human Resources,29,4,3,Male,2,2,1,9520,3,No,21,4,3,0,28,4,3,8,8,0,8,No
22,Human Resources,15,2,2,Male,4,3,3,7950,5,No,21,3,2,3,1,3,3,4,2,4,1,Yes
18,Research & Development,14,5,3,Female,4,2,1,3830,6,No,25,2,3,1,1,2,2,0,0,0,0,No
34,Research & Development,9,2,2,Male,3,1,2,2520,10,No,14,4,4,0,0,3,3,4,2,1,2,Yes
32,Human Resources,15,3,1,Male,2,2,4,7310,8,Yes,23,3,3,1,8,5,3,6,2,1,6,No
40,Sales,12,2,4,Male,3,3,4,13170,6,No,24,3,1,0,25,4,3,16,4,3,11,No
35,Research & Development,23,3,2,Male,2,2,2,5350,6,No,15,3,3,0,4,1,3,15,5,4,1,No
29,Research & Development,6,5,3,Male,3,2,4,13560,8,No,23,3,2,0,39,6,4,9,2,9,9,No
48,Research & Development,28,5,3,Male,3,3,2,14540,6,Yes,16,2,2,0,33,5,4,28,19,7,3,No
30,Research & Development,25,3,2,Male,1,1,1,8950,2,No,21,3,3,0,39,3,4,12,4,11,10,No
22,Human Resources,7,2,1,Male,3,2,4,9120,6,No,16,2,3,1,20,4,3,1,0,1,0,No
27,Research & Development,2,3,2,Female,1,5,4,17740,3,No,17,2,4,1,39,2,4,9,8,0,5,No
33,Research & Development,21,5,3,Male,2,2,3,8320,9,Yes,12,3,4,1,18,4,1,7,4,7,4,No
22,Sales,22,2,3,Male,3,1,2,2950,3,No,24,2,4,0,14,2,4,1,0,0,1,No
30,Sales,17,3,2,Male,2,1,2,3760,10,Yes,23,3,3,0,17,3,1,11,8,6,2,Yes
18,Human Resources,23,4,3,Male,3,1,2,6930,0,No,12,3,4,0,30,3,4,0,0,0,0,No
22,Sales,18,4,3,Male,3,1,3,7550,0,No,11,3,2,2,25,3,3,0,0,0,0,No
18,Research & Development,2,2,3,Female,4,3,2,11610,2,No,20,4,4,0,34,1,2,0,0,0,0,No
20,Research & Development,8,3,4,Male,3,5,3,19840,5,Yes,15,3,3,0,20,1,3,0,0,0,0,No
31,Research & Development,28,2,2,Female,2,1,1,4520,10,No,20,3,3,1,3,4,4,7,0,7,0,No
57,Research & Development,3,3,3,Female,4,2,2,10010,0,No,13,4,4,0,6,2,3,21,17,1,10,No
25,Sales,4,3,3,Male,3,3,4,11290,1,No,24,3,3,0,30,5,3,4,2,3,0,No
30,Human Resources,3,3,1,Male,2,3,2,12780,1,Yes,16,4,3,0,26,1,3,3,2,3,0,Yes
42,Sales,3,4,2,Male,3,3,2,14520,1,No,11,3,2,2,25,2,3,7,6,0,5,No
45,Research & Development,9,4,3,Male,1,1,1,7870,0,Yes,23,3,2,0,23,1,3,10,2,3,7,No
56,Research & Development,12,2,1,Female,2,2,1,10480,5,No,16,2,4,0,31,5,3,16,8,4,1,No
39,Research & Development,8,3,1,Male,3,3,3,14250,2,No,13,3,4,2,21,2,3,5,4,5,2,No
21,Research & Development,11,3,2,Male,4,1,2,3890,1,No,16,2,1,1,9,4,4,3,0,1,1,No
41,Sales,7,3,1,Male,3,5,2,19220,6,No,16,2,3,1,23,1,3,2,0,0,2,No
21,Research & Development,23,3,2,Female,2,3,2,13760,8,No,20,3,2,1,36,5,2,3,3,2,3,No
30,Research & Development,29,2,3,Male,3,2,3,11730,0,No,23,2,2,0,30,4,4,1,1,0,0,No
28,Research & Development,1,3,3,Male,2,4,3,16910,4,No,23,3,2,1,25,2,1,8,2,5,3,No
42,Human Resources,20,4,3,Male,3,4,3,15020,5,Yes,12,3,2,0,8,2,2,18,3,8,0,No
29,Sales,17,2,1,Female,3,1,3,4060,1,No,25,3,3,2,5,2,3,5,1,3,0,No
22,Research & Development,7,3,2,Male,3,2,2,6550,1,No,12,3,4,3,9,5,3,3,3,1,1,No
20,Research & Development,13,3,2,Male,4,2,2,13140,2,Yes,24,3,2,0,39,3,3,2,1,0,2,No
26,Research & Development,29,3,1,Female,3,3,2,12640,1,No,22,2,3,0,27,4,1,0,0,0,0,No
40,Research & Development,21,4,4,Male,4,2,2,7320,0,No,24,3,3,1,13,1,4,18,18,15,18,No
34,Research & Development,20,5,3,Male,3,4,4,16400,0,No,14,3,3,0,26,4,3,6,1,1,5,No
42,Sales,4,2,2,Male,3,4,4,14380,0,No,18,2,3,1,21,2,1,22,2,5,21,No
30,Sales,27,3,3,Female,4,2,4,10760,8,Yes,14,3,3,1,31,1,3,8,8,2,2,No
59,Research & Development,16,1,3,Female,2,2,1,9740,5,No,11,3,3,1,23,2,3,36,34,8,25,No
35,Research & Development,19,4,2,Female,3,5,4,18580,6,No,13,3,4,0,34,1,4,13,1,6,6,Yes
40,Research & Development,29,2,3,Male,4,2,3,10900,3,No,11,3,4,3,22,1,4,8,7,6,4,No
44,Research & Development,26,3,1,Female,3,2,2,10670,2,Yes,14,4,4,0,32,3,3,9,0,2,3,No
45,Human Resources,1,3,2,Male,3,1,1,6140,0,Yes,11,3,4,0,17,1,3,20,13,1,5,Yes
52,Research & Development,8,1,3,Female,3,1,3,6670,0,No,13,3,4,1,31,4,4,31,8,8,21,No
41,Sales,13,3,3,Male,4,2,2,5010,5,No,25,3,4,3,0,3,3,20,7,8,0,No
45,Sales,1,2,3,Male,3,4,1,18120,1,Yes,24,4,3,2,21,3,3,27,0,14,6,No
24,Sales,19,4,3,Male,3,2,3,6480,9,Yes,19,3,3,1,17,7,3,5,1,1,0,No
59,Sales,17,4,3,Female,2,3,1,12450,4,Yes,17,4,3,2,23,3,3,39,17,5,29,No
51,Sales,7,1,4,Male,1,2,4,11670,1,No,13,4,1,0,33,5,4,5,3,4,4,No
39,Sales,19,2,3,Male,1,2,1,11950,1,No,21,3,3,1,32,5,1,4,1,1,3,No
45,Sales,11,4,4,Female,3,2,3,2890,3,No,20,4,3,2,4,3,3,15,10,10,6,No
57,Research & Development,22,1,3,Male,3,2,1,10030,3,Yes,19,3,2,3,24,1,4,13,8,4,8,No
19,Sales,28,2,1,Male,2,1,2,3700,0,Yes,25,3,3,0,21,3,3,0,0,0,0,No
59,Sales,26,4,3,Male,4,3,2,10270,8,No,20,3,4,0,7,0,3,14,7,12,2,No
56,Sales,29,2,2,Female,3,4,3,16030,4,No,16,2,3,0,31,2,3,26,16,7,6,No
24,Research & Development,25,2,4,Female,2,2,2,7450,0,No,15,3,3,0,8,3,3,4,4,1,4,No
20,Sales,10,3,3,Male,4,2,2,6500,3,Yes,17,4,1,0,14,6,4,0,0,0,0,Yes
52,Research & Development,20,1,1,Female,4,2,2,8320,0,No,11,3,4,2,17,2,3,16,13,15,9,No
45,Human Resources,24,4,4,Female,2,1,1,7650,2,Yes,20,3,3,3,22,3,3,14,11,14,2,No
50,Sales,13,5,4,Male,1,3,1,11030,3,No,19,3,3,3,14,2,3,24,23,11,2,No
52,Research & Development,8,3,4,Male,3,1,2,11640,2,No,22,3,2,0,36,2,3,5,5,3,2,No
18,Sales,11,1,2,Male,3,1,3,4130,0,No,22,3,4,0,19,4,3,0,0,0,0,No
31,Research & Development,23,3,3,Male,4,3,3,7720,1,No,11,3,4,3,1,4,3,13,10,5,11,No
25,Research & Development,18,4,3,Male,2,3,4,10550,2,No,23,1,4,2,15,2,4,0,0,0,0,No
32,Sales,9,3,3,Male,4,3,4,14230,3,No,15,3,3,0,30,4,3,5,1,5,2,No
31,Research & Development,8,4,2,Male,4,4,2,14210,2,No,25,3,1,1,15,3,2,3,0,2,3,No
55,Sales,25,2,2,Female,3,4,4,20000,2,Yes,24,3,4,2,35,2,4,21,10,2,6,No
34,Human Resources,29,3,3,Male,4,1,1,5380,3,Yes,20,3,2,0,24,3,3,11,10,7,4,No
23,Sales,4,2,4,Male,3,3,2,10130,0,No,22,1,1,0,15,2,3,3,0,1,0,Yes
52,Sales,16,5,1,Male,2,1,1,3090,1,No,21,3,3,3,0,3,3,29,3,1,19,No
45,Research & Development,10,2,4,Female,3,2,4,7190,1,No,11,3,2,3,4,2,3,22,6,0,12,No
39,Research & Development,21,3,2,Female,3,4,1,16420,2,Yes,12,3,2,1,30,0,3,8,5,2,0,No
33,Research & Development,7,4,3,Male,4,2,1,10040,2,No,23,3,2,0,23,2,3,3,0,0,0,No
30,Research & Development,8,3,2,Male,4,1,2,7420,1,No,20,3,4,2,21,1,3,8,6,4,4,No
29,Research & Development,9,3,3,Male,2,1,4,4130,9,Yes,20,3,3,1,15,2,3,10,10,5,2,No
39,Research & Development,23,2,2,Female,3,2,4,10620,1,No,18,3,2,2,32,1,4,13,4,1,4,No
33,Sales,13,4,3,Male,4,3,4,14990,8,No,25,3,3,0,35,3,3,13,2,12,10,No
36,Sales,7,4,3,Female,3,3,2,10960,2,Yes,14,3,4,2,26,5,4,17,7,10,8,No
53,Sales,11,3,3,Female,1,3,2,14660,3,No,21,3,3,1,34,4,2,6,2,6,1,No
59,Research & Development,7,3,1,Male,3,1,1,6120,0,No,25,3,4,3,17,3,3,30,30,0,17,No
54,Research & Development,7,2,4,Female,3,1,3,6450,6,No,23,3,3,2,37,7,3,24,22,9,11,No
26,Sales,24,5,4,Male,4,1,2,8170,4,No,20,3,4,0,26,3,3,4,4,3,0,No
19,Human Resources,14,3,3,Male,2,1,1,4800,2,Yes,14,3,3,0,15,3,3,0,0,0,0,Yes
44,Research & Development,27,3,4,Female,2,3,2,10360,6,No,25,3,1,0,4,4,3,6,0,0,2,No
18,Sales,10,3,3,Female,2,1,4,8330,4,No,22,4,1,1,26,4,4,0,0,0,0,No
27,Sales,4,5,4,Male,4,5,2,15400,1,Yes,25,2,2,0,3,3,3,1,1,0,0,Yes
38,Sales,26,3,4,Female,3,1,4,1690,6,Yes,25,3,4,2,8,2,3,0,0,0,0,Yes
26,Sales,27,3,4,Male,2,2,3,10440,5,No,11,4,3,1,31,2,4,3,0,1,0,No
57,Research & Development,4,3,2,Female,4,1,3,5590,0,No,12,2,3,0,21,2,2,38,27,5,24,No
38,Sales,6,4,3,Male,2,1,2,9670,3,No,15,4,3,1,39,2,3,11,6,6,9,No
56,Human Resources,8,5,1,Male,4,3,2,13950,3,No,12,4,2,0,32,2,2,11,7,10,11,No
43,Research & Development,12,1,2,Male,1,1,2,7220,10,No,11,2,2,3,24,3,4,13,13,2,4,No
24,Research & Development,29,1,4,Female,3,2,1,5400,2,No,24,3,3,1,0,3,2,4,0,0,2,Yes
29,Research & Development,6,3,2,Male,3,4,3,11910,2,No,25,3,1,0,2,3,3,7,1,3,5,No
33,Research & Development,12,3,4,Female,3,2,3,5570,3,Yes,20,3,3,0,0,4,3,3,2,3,0,Yes
19,Human Resources,28,1,4,Male,2,4,4,15670,1,Yes,23,3,4,2,32,4,2,1,1,1,1,No
58,Research & Development,5,3,2,Female,3,5,2,16130,2,No,14,3,4,1,1,3,3,35,7,4,6,No
33,Research & Development,27,4,3,Male,4,3,4,13180,8,No,20,3,2,2,34,4,2,0,0,0,0,No
21,Research & Development,23,2,4,Male,4,2,2,9060,5,No,16,3,2,1,17,2,4,0,0,0,0,No
53,Research & Development,3,2,4,Male,3,3,3,14840,1,No,19,3,2,1,25,2,3,31,11,10,0,No
27,Sales,29,2,2,Male,3,2,2,12620,1,Yes,25,3,2,3,38,1,3,5,3,2,4,No
18,Research & Development,6,2,2,Male,4,1,3,3140,4,No,14,3,2,3,5,2,3,0,0,0,0,Yes
26,Sales,20,3,2,Female,3,1,1,1000,3,No,14,3,4,0,5,2,3,2,0,1,2,No
18,Sales,13,2,1,Male,1,1,4,1000,4,No,12,3,4,2,0,1,1,0,0,0,0,No
31,Research & Development,12,3,3,Male,3,1,3,3870,1,No,22,3,1,0,21,2,4,4,3,0,4,No
55,Research & Development,20,4,1,Male,3,2,4,13670,1,No,15,2,3,1,29,5,3,4,2,2,3,No
33,Sales,15,1,3,Female,4,2,3,10380,5,Yes,21,2,3,1,26,3,3,11,2,10,7,No
28,Research & Development,18,1,3,Male,3,2,1,9870,5,Yes,21,2,1,0,30,3,3,7,0,6,7,No
26,Sales,5,2,3,Male,3,1,1,10230,6,No,11,3,3,1,31,1,3,2,2,1,0,No
33,Research & Development,19,4,3,Female,4,3,1,12790,1,No,21,3,3,3,24,3,2,15,8,3,15,No
49,Research & Development,14,2,1,Female,4,4,1,15490,0,No,24,3,1,0,22,1,3,18,5,13,14,No
27,Sales,16,2,2,Female,2,4,2,14990,9,No,13,3,4,0,30,6,3,7,4,6,2,No
36,Research & Development,23,3,1,Male,3,2,4,8500,4,No,18,3,3,3,7,1,3,13,12,2,12,No
38,Human Resources,23,1,3,Female,2,4,4,10300,0,No,24,3,4,2,0,1,4,9,7,7,8,No
18,Human Resources,10,5,4,Female,3,4,2,16940,7,No,23,3,3,0,39,3,2,0,0,0,0,No
21,Sales,19,3,2,Male,4,2,3,12180,3,No,25,3,2,0,33,2,1,0,0,0,0,No
21,Sales,29,4,3,Male,4,1,4,6870,5,No,22,3,4,0,28,3,3,1,1,1,0,No
56,Research & Development,10,4,4,Male,1,5,4,20000,2,No,24,2,4,0,39,2,4,36,13,11,3,No
18,Human Resources,3,2,2,Male,3,3,3,13750,5,No,15,2,4,0,33,3,3,0,0,0,0,No
40,Sales,13,3,3,Male,2,2,3,9390,4,Yes,19,3,3,1,22,3,2,19,0,3,12,No
46,Sales,4,3,4,Male,1,5,3,20000,1,No,17,4,1,3,33,3,3,6,3,5,0,No
51,Research & Development,14,2,3,Male,4,2,3,7470,5,Yes,14,3,3,1,2,3,4,21,17,6,11,No
22,Research & Development,19,2,2,Female,3,1,4,3890,10,No,25,3,4,0,10,2,3,0,0,0,0,No
39,Sales,18,4,4,Male,3,4,1,15940,7,Yes,21,2,3,0,29,1,4,13,9,8,12,No
58,Sales,12,4,3,Male,2,2,4,6820,3,No,18,1,3,2,0,3,3,30,4,0,20,No
48,Research & Development,26,3,3,Female,3,1,3,5680,2,No,13,3,3,1,24,1,4,1,0,1,0,No
35,Research & Development,5,2,3,Male,4,5,2,20000,4,No,20,3,3,1,39,4,4,13,1,10,9,No
40,Research & Development,25,3,4,Male,1,3,3,12700,3,Yes,14,3,2,0,23,1,4,9,2,6,5,No
29,Research & Development,5,4,3,Female,2,3,1,9400,0,No,11,3,2,0,7,2,4,9,1,1,5,Yes
27,Research & Development,14,1,3,Male,3,3,2,10540,1,No,25,3,3,1,13,2,3,8,3,5,7,Yes
36,Sales,19,3,3,Female,3,5,3,16810,8,No,16,3,2,2,9,0,3,15,4,13,13,No
34,Research & Development,28,4,4,Female,3,1,1,7420,6,No,12,3,3,0,25,3,2,12,12,0,5,No
39,Research & Development,9,2,1,Female,3,3,3,12410,7,No,25,3,2,3,13,2,4,6,6,0,0,No
56,Research & Development,19,2,3,Male,3,4,2,17240,6,No,21,3,3,3,21,3,3,21,17,5,19,No
21,Research & Development,9,4,3,Male,2,3,2,12090,3,No,24,3,4,0,8,3,3,0,0,0,0,No
34,Research & Development,25,3,1,Male,3,1,4,4940,10,Yes,13,3,3,0,15,0,3,15,6,14,9,Yes
25,Research & Development,24,2,3,Female,3,2,4,7330,4,No,23,2,4,1,6,3,3,2,2,2,2,No
40,Research & Development,1,1,3,Female,3,1,4,7180,1,Yes,12,3,3,1,32,0,3,6,3,5,3,No
38,Human Resources,6,2,4,Female,4,2,3,9090,3,No,16,3,2,1,8,2,3,15,14,4,13,No
30,Sales,18,3,3,Male,1,1,3,5630,8,Yes,24,3,4,2,21,3,3,9,1,2,9,No
23,Sales,18,3,1,Male,4,2,1,5950,7,No,16,2,3,0,17,3,3,4,3,4,3,No
27,Research & Development,19,2,1,Female,2,3,1,5570,3,No,14,2,2,1,1,2,3,5,1,1,1,No
31,Research & Development,27,2,3,Male,4,1,4,4420,4,Yes,14,2,2,0,24,3,3,4,4,3,2,No
38,Human Resources,16,4,3,Female,3,2,4,6490,9,No,15,3,4,1,3,3,3,15,6,11,9,No
39,Sales,24,1,2,Male,3,2,4,6850,2,No,24,3,3,0,12,4,3,7,5,6,2,No
37,Sales,17,2,2,Female,4,2,3,10210,0,No,15,3,2,2,26,4,3,6,5,6,5,No
45,Human Resources,20,3,4,Male,1,3,2,13840,6,No,18,3,3,1,25,3,4,0,0,0,0,No
30,Research & Development,19,1,3,Male,3,4,4,13000,4,Yes,19,3,2,1,0,2,4,1,1,0,1,No
20,Sales,22,2,3,Male,4,1,1,7190,4,No,24,3,4,0,29,3,4,2,2,2,0,No
30,Research & Development,3,4,3,Male,2,3,3,13040,2,No,16,3,2,1,16,1,3,10,6,2,10,No
41,Sales,16,2,2,Female,3,2,4,6970,1,No,16,4,4,2,5,3,3,2,1,2,1,No
20,Research & Development,25,3,3,Male,2,2,2,9450,1,Yes,15,3,4,2,30,2,3,2,2,0,1,No
45,Sales,1,3,3,Male,3,2,1,10270,4,No,22,3,2,1,27,2,4,7,5,1,6,No
57,Research & Development,27,3,1,Female,4,3,2,11320,1,No,19,4,4,0,14,4,3,35,33,1,19,No
36,Human Resources,21,2,1,Female,2,2,1,6330,4,No,20,3,2,0,8,3,4,14,6,7,2,No
36,Research & Development,21,2,4,Male,3,3,2,10510,7,No,11,4,1,0,10,3,3,15,3,3,10,No
25,Research & Development,22,5,3,Male,3,2,1,11230,3,No,12,3,4,0,39,1,2,7,3,2,2,No
38,Sales,15,2,3,Female,2,1,1,7830,3,No,15,1,3,0,38,3,4,2,1,0,0,No
29,Sales,1,2,3,Female,3,3,3,10040,0,Yes,21,4,3,3,10,3,3,7,6,0,3,No
31,Research & Development,9,3,3,Female,2,1,3,3730,1,No,24,3,1,0,15,4,3,7,2,1,0,No
33,Sales,9,3,1,Male,2,1,3,4070,3,No,23,3,1,1,12,3,2,12,8,1,11,No
54,Sales,22,3,1,Female,3,1,2,6970,0,No,22,3,2,1,30,1,1,22,4,2,8,No
48,Research & Development,1,3,3,Male,3,3,3,15300,4,No,15,3,2,1,33,2,4,28,24,2,19,No
56,Sales,16,2,2,Male,4,3,2,14120,3,Yes,12,3,3,0,32,3,4,27,7,11,12,Yes
42,Research & Development,25,3,2,Male,3,1,1,4250,3,No,15,3,2,3,10,3,3,20,9,12,2,No
31,Research & Development,24,2,2,Female,2,2,3,8670,5,Yes,15,3,3,0,14,1,3,8,6,3,6,No
42,Research & Development,11,3,4,Male,3,2,1,9610,2,No,22,4,1,0,14,3,3,20,7,12,7,No
27,Sales,25,5,4,Male,3,1,4,4670,2,No,18,3,1,0,24,3,3,9,1,1,8,No
35,Research & Development,16,2,2,Male,2,3,3,13310,8,No,20,3,3,2,33,3,4,16,8,15,9,No
26,Sales,4,3,1,Male,3,2,2,4590,3,Yes,17,3,3,3,0,2,3,5,3,1,0,Yes
56,Sales,15,5,2,Male,4,3,3,13760,0,No,22,3,2,3,32,1,3,13,8,13,11,No
28,Sales,23,1,4,Female,1,1,4,3290,2,No,15,3,1,0,12,2,2,3,0,3,2,No
20,Research & Development,10,3,4,Male,3,3,3,10830,2,No,24,3,2,1,15,3,4,2,0,0,1,No
38,Sales,25,5,2,Male,2,4,3,17080,1,No,22,4,3,2,16,4,4,5,0,5,1,No
25,Research & Development,23,3,2,Male,3,1,2,1330,5,Yes,21,3,2,0,3,3,1,7,6,5,0,Yes
55,Human Resources,18,3,3,Female,1,5,3,17330,7,No,12,3,3,3,21,3,4,5,3,3,4,No
57,Sales,16,2,3,Male,3,1,3,4670,5,No,17,3,2,0,10,3,4,17,3,7,1,No
37,Research & Development,29,1,4,Male,3,2,1,5420,5,No,15,3,2,3,1,1,3,11,0,11,9,No
23,Sales,4,3,3,Female,4,2,2,10600,4,No,15,2,3,0,34,3,2,1,1,0,1,No
58,Human Resources,20,1,4,Male,4,3,4,15240,0,No,22,3,2,0,36,3,2,11,3,7,6,No
45,Research & Development,20,2,2,Male,2,2,3,5120,0,Yes,15,3,4,0,1,4,4,25,25,9,4,Yes
29,Sales,17,4,2,Male,4,3,3,12430,1,Yes,23,3,3,3,33,2,4,4,0,4,3,No
29,Research & Development,10,2,3,Male,3,1,2,7480,0,Yes,25,3,4,1,22,1,4,8,8,5,4,No
54,Sales,14,4,3,Female,2,1,3,8240,6,No,19,3,2,0,35,3,1,21,8,4,17,No
35,Sales,10,4,3,Male,3,5,2,20000,4,No,20,3,1,2,29,3,4,0,0,0,0,No
23,Human Resources,1,5,2,Male,3,5,4,19300,3,No,21,3,2,1,20,0,3,4,4,3,0,No
36,Research & Development,9,3,3,Male,2,1,4,6840,4,No,23,3,3,0,17,2,4,10,6,6,9,No
34,Sales,29,2,3,Male,4,2,1,6000,2,No,22,3,1,0,3,6,3,7,5,7,6,Yes
37,Sales,17,5,1,Male,3,2,2,8290,1,No,11,3,4,2,12,2,3,0,0,0,0,Yes
42,Research & Development,20,2,4,Female,2,3,3,9730,3,No,17,4,4,1,22,3,4,1,0,1,1,No
45,Human Resources,7,2,3,Male,3,2,3,9190,2,No,22,3,1,0,9,1,3,21,13,2,15,No
25,Sales,29,3,2,Male,3,2,3,3820,7,No,23,4,3,0,2,3,4,7,7,4,7,No
36,Research & Development,21,2,2,Male,3,3,4,11870,3,No,15,3,4,0,15,3,3,17,15,9,0,No
40,Research & Development,3,2,3,Male,2,2,2,6290,1,No,16,2,3,2,2,3,3,1,1,1,1,No
36,Sales,24,2,2,Female,4,3,2,10170,1,No,15,4,4,0,26,2,1,0,0,0,0,No
21,Sales,24,2,2,Female,3,4,1,14620,4,No,19,3,3,0,20,7,2,0,0,0,0,Yes
35,Human Resources,13,3,2,Male,3,5,3,20000,5,No,20,3,1,2,37,2,3,12,8,2,11,No
56,Research & Development,19,3,3,Female,2,1,2,5990,1,No,19,3,2,1,18,4,3,30,21,7,19,No
22,Human Resources,9,1,1,Female,3,2,2,9300,2,No,24,3,3,0,29,3,3,1,1,1,1,No
36,Research & Development,4,1,4,Female,2,3,3,13070,3,Yes,14,3,1,3,26,2,4,15,15,9,3,Yes
41,Sales,3,3,2,Male,3,1,4,7640,9,No,12,3,1,0,39,5,4,11,10,2,11,No
57,Research & Development,2,4,3,Female,3,5,4,16370,9,No,14,3,2,1,7,2,3,39,11,6,34,No
32,Sales,10,3,4,Male,4,3,3,10810,10,No,12,2,2,0,16,1,3,13,2,4,2,No
33,Research & Development,25,4,4,Female,2,1,2,1000,3,Yes,12,2,1,2,5,1,2,11,5,3,0,Yes
21,Sales,26,2,1,Male,2,3,4,11320,4,No,25,3,3,0,20,2,3,3,1,2,2,No
55,Sales,4,2,4,Female,3,2,1,12030,2,Yes,20,3,3,0,26,6,4,24,20,12,22,Yes
51,Sales,21,2,3,Male,3,2,1,8400,6,No,11,2,1,2,22,5,3,24,19,12,4,No
23,Research & Development,24,1,2,Male,3,3,4,9020,8,No,21,2,2,1,3,3,2,0,0,0,0,No
35,Human Resources,18,2,3,Male,4,3,4,8580,1,No,25,3,2,2,2,2,4,0,0,0,0,Yes
36,Sales,18,1,4,Female,2,2,2,10210,2,No,21,3,4,2,38,5,1,18,0,8,2,No
50,Research & Development,11,3,4,Male,1,4,2,19800,6,No,25,2,3,1,32,5,3,24,11,13,22,No
21,Sales,14,3,4,Male,3,4,4,17760,6,No,14,3,1,0,37,2,4,0,0,0,0,No
25,Sales,25,4,2,Female,3,5,2,15070,1,Yes,14,3,2,0,7,2,4,0,0,0,0,Yes
23,Sales,24,3,2,Male,3,3,1,14770,5,No,22,3,2,1,33,2,3,5,3,2,3,No
28,Research & Development,12,4,4,Male,2,4,3,12720,1,No,17,1,4,1,9,2,3,6,4,4,2,No
44,Research & Development,21,3,1,Female,2,4,2,12940,9,No,25,3,4,1,9,1,3,6,0,3,2,No
39,Research & Development,20,3,4,Female,3,2,2,10720,2,No,23,2,3,3,24,3,4,5,3,3,2,No
49,Research & Development,14,2,2,Female,3,2,3,13030,5,No,20,4,3,1,38,2,4,0,0,0,0,No
50,Sales,27,2,4,Male,2,1,3,5110,2,No,20,3,2,0,8,3,4,13,4,12,10,No
51,Research & Development,25,2,3,Male,2,3,3,11420,0,Yes,16,3,4,1,4,4,3,14,7,11,3,No
43,Research & Development,24,3,4,Male,2,4,2,16590,4,No,18,2,4,1,17,5,4,12,10,11,2,No
37,Sales,20,3,1,Female,3,4,2,13180,3,No,24,3,4,0,2,1,2,11,5,11,10,No
19,Research & Development,22,3,2,Male,2,4,2,13430,2,Yes,12,3,3,1,17,2,3,1,0,1,1,No
56,Human Resources,17,1,3,Male,2,3,2,12090,0,No,19,3,2,2,27,5,3,11,8,10,3,No
54,Sales,16,2,3,Male,3,3,1,13860,0,No,18,3,2,2,13,3,3,27,17,15,21,No
27,Sales,24,1,3,Female,4,1,2,8080,8,Yes,12,3,2,0,29,3,4,0,0,0,0,No
47,Research & Development,15,4,4,Female,2,3,4,12090,4,No,15,3,2,3,29,5,3,8,1,3,5,No
52,Sales,11,4,2,Male,3,1,4,7730,3,No,25,3,1,2,37,4,4,31,19,15,23,No
43,Research & Development,2,2,4,Male,4,3,1,9830,1,Yes,23,3,3,2,19,2,3,14,1,4,6,No
49,Sales,22,3,3,Female,3,5,1,17810,2,No,11,3,1,2,31,5,3,25,1,3,14,No
24,Research & Development,1,1,2,Female,3,1,1,2000,5,No,16,3,4,0,2,3,3,4,1,4,2,No
41,Sales,19,4,2,Male,3,3,2,12060,4,No,18,3,3,3,23,4,4,22,16,13,1,Yes
52,Sales,18,2,4,Female,2,2,1,9830,1,Yes,21,3,1,1,19,1,3,14,6,6,13,No
44,Research & Development,15,4,4,Female,2,5,1,16430,5,No,24,3,3,3,14,4,4,13,13,5,8,No
50,Research & Development,6,5,2,Female,3,1,3,8240,6,No,23,3,4,0,32,4,3,27,18,3,2,No
22,Research & Development,9,3,2,Female,4,1,1,8450,3,No,21,3,4,2,39,4,3,2,1,1,2,No
31,Human Resources,6,3,4,Male,4,1,1,5340,5,No,11,3,4,0,13,2,3,8,0,5,2,No
55,Sales,7,3,4,Male,3,1,3,5720,2,No,16,2,3,0,1,5,3,33,15,6,15,No
24,Sales,4,2,2,Male,3,1,3,8330,7,No,19,3,4,0,36,0,3,5,3,3,0,No
18,Research & Development,16,3,3,Female,3,1,1,6220,1,No,14,3,3,1,19,1,3,0,0,0,0,No
42,Research & Development,28,2,2,Male,3,2,1,12050,4,No,14,3,4,2,38,3,3,8,0,7,0,No
56,Sales,15,3,1,Male,4,3,1,13700,2,No,22,3,3,0,17,1,4,15,2,7,12,No
28,Human Resources,13,4,1,Male,3,5,1,20000,5,No,24,3,3,0,38,2,4,5,4,1,4,No
44,Sales,12,3,4,Male,2,2,4,9640,2,Yes,25,3,2,0,10,3,3,25,24,2,4,No
54,Sales,11,3,4,Male,3,3,4,10260,2,No,19,3,1,3,5,4,3,12,0,5,6,No
34,Sales,23,3,2,Female,2,4,3,12690,4,No,17,3,3,1,7,4,3,12,7,7,10,No
35,Sales,8,2,4,Female,3,3,3,10840,4,No,25,3,1,2,15,0,3,8,6,7,5,No
39,Human Resources,4,4,2,Male,3,1,2,5030,7,No,18,3,4,1,22,2,4,9,2,7,0,No
41,Research & Development,27,3,4,Female,3,1,1,5600,3,No,20,3,2,1,18,3,3,10,7,2,8,No
36,Research & Development,17,2,4,Female,3,3,3,11960,1,No,12,3,2,1,27,2,3,5,5,5,3,No
44,Sales,26,3,1,Female,3,2,2,10680,4,No,22,3,2,1,26,1,3,14,9,2,14,No
21,Research & Development,15,4,4,Male,3,2,1,4940,6,No,20,4,3,0,12,1,2,1,0,0,0,No
35,Sales,13,1,3,Female,1,4,4,17680,4,No,16,3,3,0,39,2,2,10,7,8,6,No
33,Research & Development,16,4,1,Female,4,2,3,4790,6,No,13,3,4,0,6,1,3,0,0,0,0,No
27,Human Resources,17,4,2,Female,3,5,4,19770,2,No,11,3,4,3,35,3,4,8,6,0,2,No
22,Sales,16,1,4,Female,3,2,2,11240,2,Yes,15,3,3,0,30,3,4,1,1,0,0,No
54,Research & Development,12,4,2,Female,3,3,2,12830,2,No,19,3,4,1,32,0,1,20,2,1,5,No
27,Human Resources,22,2,3,Female,2,4,2,11990,2,Yes,18,3,3,1,4,1,4,6,3,1,6,Yes
24,Research & Development,12,2,3,Male,2,1,1,9400,7,No,13,3,4,0,34,5,4,1,0,1,1,No
59,Research & Development,1,3,4,Female,3,5,1,15110,1,No,12,3,3,0,6,3,3,6,2,0,5,No
48,Research & Development,22,2,3,Male,3,1,4,10390,1,No,19,3,2,2,36,2,1,8,3,7,5,No
58,Human Resources,12,5,4,Male,4,4,3,20000,0,No,23,4,4,1,29,2,4,19,5,9,17,No
44,Sales,6,3,2,Male,4,1,1,8520,2,No,18,4,4,1,28,2,4,13,11,12,7,No
30,Research & Development,21,4,4,Female,3,2,3,10010,7,No,20,2,4,2,19,2,3,10,10,0,2,No
32,Sales,9,5,3,Female,2,2,4,6940,9,No,15,3,3,0,4,2,3,3,3,3,1,No
26,Human Resources,5,3,3,Female,2,3,2,7880,4,Yes,22,4,4,1,3,5,3,2,1,0,0,Yes
29,Research & Development,13,2,1,Male,4,2,4,8880,0,Yes,13,2,2,3,14,2,3,8,4,7,4,Yes
59,Research & Development,25,2,3,Male,3,3,3,15630,0,No,16,3,1,0,27,4,2,19,14,7,12,Yes
27,Research & Development,20,3,3,Female,3,2,4,9740,2,No,11,3,2,1,31,2,4,5,2,2,5,No
57,Sales,16,3,3,Female,3,2,2,10650,7,No,13,3,2,3,36,2,1,20,6,5,11,No
32,Research & Development,11,3,2,Female,3,4,2,14570,8,Yes,13,3,3,2,13,1,4,6,2,0,6,No
54,Sales,18,3,3,Male,2,1,1,5180,8,No,23,2,4,0,1,3,2,22,10,15,1,No
58,Human Resources,23,1,2,Female,4,3,4,10750,2,Yes,20,3,2,2,5,1,3,2,1,2,0,No
40,Human Resources,29,1,3,Male,3,3,2,14910,5,Yes,23,3,3,0,31,4,3,15,3,12,13,No
58,Human Resources,21,2,2,Male,4,2,3,12070,1,No,17,3,4,2,27,2,2,0,0,0,0,No
56,Sales,18,3,3,Male,3,3,2,14710,0,Yes,25,3,4,0,32,0,4,2,0,0,0,No
24,Research & Development,28,1,2,Male,4,2,3,6250,3,Yes,18,3,4,0,7,2,3,4,0,3,4,Yes
40,Research & Development,14,5,1,Male,1,3,2,7830,2,No,22,3,3,0,2,0,4,22,15,5,0,No
36,Research & Development,15,2,2,Male,3,1,3,8460,5,No,16,2,3,0,25,3,4,16,11,3,8,No
23,Research & Development,9,3,2,Male,3,2,3,6170,3,Yes,21,3,4,3,5,2,3,0,0,0,0,No
43,Sales,7,5,2,Female,3,4,3,12970,1,No,22,1,1,0,22,2,4,6,1,6,3,Yes
42,Sales,16,3,3,Male,2,2,2,7010,3,No,21,1,1,0,3,1,3,9,5,5,0,Yes
55,Sales,2,3,3,Male,3,4,4,14540,4,No,23,3,2,1,8,2,2,13,0,3,12,No
19,Research & Development,1,3,2,Male,3,3,2,13640,0,No,19,3,1,3,36,5,3,1,1,1,0,No
40,Research & Development,4,3,4,Male,3,2,2,9260,2,Yes,12,2,1,0,18,0,3,14,7,13,13,No
20,Research & Development,27,2,4,Female,2,4,4,12590,0,Yes,19,3,1,1,7,4,3,0,0,0,0,No
49,Research & Development,21,3,3,Male,2,1,1,4060,2,No,15,3,4,3,19,2,1,10,4,8,2,No
47,Sales,8,3,2,Male,4,4,4,13470,8,Yes,17,2,3,1,7,5,4,19,7,13,0,Yes
23,Sales,28,3,4,Male,2,3,3,10390,1,No,11,4,4,2,9,4,4,3,1,2,0,No
51,Research & Development,4,2,4,Female,3,2,4,10700,2,Yes,19,3,2,1,28,4,3,19,9,14,1,No
35,Sales,26,1,4,Male,2,3,3,13070,3,Yes,20,3,2,2,24,2,3,4,3,2,3,No
31,Sales,28,5,3,Male,3,3,4,13550,3,No,15,3,3,2,25,3,4,4,0,1,3,No
19,Research & Development,8,2,4,Male,2,1,3,3430,0,No,23,4,2,2,2,1,4,1,1,1,1,No
36,Sales,1,1,3,Female,3,3,4,11570,2,No,11,3,3,0,16,3,3,7,6,1,0,No
47,Research & Development,1,4,3,Female,3,1,2,1390,4,No,12,3,2,3,2,2,2,29,28,2,14,No
35,Human Resources,20,1,4,Male,2,5,4,20000,2,No,13,3,2,0,33,2,3,13,11,5,5,No
48,Human Resources,25,3,4,Female,3,4,4,13440,5,No,20,3,3,0,25,6,3,12,11,1,11,No
31,Human Resources,19,4,4,Female,2,2,3,10690,1,No,24,3,4,2,33,2,3,10,3,9,2,No
53,Research & Development,15,3,2,Male,4,1,3,2960,6,No,24,3,3,1,2,2,3,35,6,15,14,No
42,Research & Development,5,2,2,Female,3,1,4,9940,5,No,11,3,4,1,38,2,2,9,5,5,7,No
33,Sales,9,3,3,Female,2,2,2,4890,9,No,11,2,2,1,3,2,3,5,3,0,0,No
21,Sales,3,4,3,Male,4,2,3,4530,6,No,24,3,3,0,5,4,1,1,0,1,1,No
53,Sales,28,3,1,Female,2,1,3,7630,3,No,20,4,4,3,15,3,3,23,10,13,2,No
26,Research & Development,29,2,3,Female,3,5,4,17150,1,No,19,3,3,2,1,1,3,1,1,0,1,No
57,Human Resources,19,1,4,Male,1,1,2,5670,4,Yes,13,3,2,0,21,1,4,9,6,7,1,No
57,Sales,19,2,4,Female,3,4,2,17370,1,No,25,3,4,0,27,4,4,27,16,3,27,No
32,Sales,8,1,2,Female,3,2,2,6260,0,No,18,3,3,2,3,4,4,11,2,7,8,No
27,Research & Development,1,4,2,Male,2,1,2,5560,7,No,20,3,1,0,20,3,2,0,0,0,0,No
55,Research & Development,19,5,3,Male,3,4,3,14140,4,No,21,3,3,2,4,3,3,9,4,7,4,No
47,Human Resources,1,2,3,Male,3,5,2,17940,3,Yes,16,3,3,2,10,2,1,0,0,0,0,Yes
50,Sales,23,2,4,Female,4,3,3,13660,1,No,18,3,4,0,30,3,3,12,1,2,10,No
52,Human Resources,12,2,1,Male,2,2,1,9420,2,No,12,3,3,1,10,3,3,13,10,6,5,No
38,Research & Development,12,2,3,Male,4,4,1,17590,0,No,11,3,2,0,27,4,3,1,0,0,1,No
59,Sales,17,2,3,Male,2,1,4,7880,2,No,22,3,2,0,27,4,2,35,1,3,26,No
45,Sales,20,3,3,Female,3,1,4,5940,1,Yes,21,3,4,0,27,2,3,0,0,0,0,No
24,Research & Development,11,4,1,Male,2,5,4,18310,1,Yes,22,2,1,0,20,4,3,6,3,4,4,No
30,Research & Development,4,2,2,Male,2,1,1,4480,4,No,25,4,2,2,12,6,3,10,4,3,5,No
49,Research & Development,13,2,2,Female,2,2,3,10420,0,No,12,3,4,0,27,4,3,11,6,0,3,No
55,Sales,1,5,1,Female,3,4,4,13310,3,No,25,3,1,1,4,4,4,19,4,5,19,No
36,Research & Development,22,4,3,Male,3,3,3,14170,3,No,23,3,4,0,12,4,4,17,7,0,9,No
27,Research & Development,15,4,2,Female,2,5,1,14740,4,No,12,3,3,1,2,4,2,5,5,1,1,No
42,Research & Development,2,1,3,Male,3,3,1,13680,3,No,24,3,3,0,31,2,4,23,3,7,23,No
48,Research & Development,19,4,4,Male,2,4,2,17600,2,Yes,16,3,4,0,31,3,4,21,11,4,16,No
43,Research & Development,17,3,3,Female,3,5,2,16220,5,Yes,16,4,3,1,30,2,3,19,18,9,8,No
34,Human Resources,28,4,2,Female,1,2,4,9730,1,No,17,3,4,0,14,2,3,11,9,1,11,No
59,Sales,17,2,3,Male,3,3,3,15610,0,No,16,3,3,1,32,4,3,14,14,10,7,No
53,Human Resources,3,3,3,Female,2,2,1,9460,6,No,21,2,3,2,29,3,3,12,5,10,0,No
28,Sales,5,2,3,Male,2,1,1,1850,4,No,14,2,3,2,2,3,3,2,2,1,1,Yes
39,Sales,26,2,3,Male,3,1,1,2860,1,Yes,22,3,2,2,21,4,3,11,5,5,5,No
20,Sales,14,2,2,Male,4,2,4,7550,2,Yes,13,3,3,2,6,3,3,2,2,0,2,No
18,Research & Development,27,3,1,Female,2,1,4,6560,7,No,21,3,3,0,24,2,3,0,0,0,0,No
39,Research & Development,19,2,1,Male,3,2,2,8410,3,No,11,3,2,2,14,3,3,6,4,5,4,No
20,Research & Development,1,3,3,Female,3,2,3,8460,6,Yes,16,4,4,1,11,5,2,0,0,0,0,Yes
56,Research & Development,2,3,4,Male,4,1,2,9180,0,Yes,12,3,4,0,39,0,3,30,28,5,29,No
53,Research & Development,21,2,2,Female,2,3,4,11010,0,No,13,3,3,1,9,1,4,14,0,7,1,No
26,Human Resources,29,2,2,Male,3,1,3,8100,2,No,13,3,3,1,28,4,4,2,0,1,0,No
19,Research & Development,3,5,2,Female,3,4,2,16660,5,No,18,3,2,3,31,2,4,1,0,1,1,No
29,Human Resources,12,3,3,Male,2,2,4,10430,1,No,12,3,3,0,20,3,3,0,0,0,0,No
50,Research & Development,20,3,4,Male,2,2,3,10680,1,No,14,2,3,2,24,2,3,0,0,0,0,No
39,Research & Development,13,4,2,Male,3,1,4,6250,4,No,25,4,4,1,23,3,2,18,16,6,3,No
34,Research & Development,5,3,2,Female,3,2,4,9360,6,Yes,18,3,4,1,16,3,3,0,0,0,0,No
24,Research & Development,12,2,3,Female,3,1,4,6430,0,Yes,21,3,3,0,28,3,3,1,1,1,0,Yes
23,Human Resources,2,5,3,Male,3,1,1,7720,3,No,12,3,1,0,22,3,3,1,0,0,0,No
41,Human Resources,29,3,3,Male,3,3,3,14090,8,No,21,3,3,1,28,3,3,5,2,1,3,No
34,Research & Development,22,3,1,Male,2,2,3,6020,3,Yes,22,3,3,0,12,2,4,7,7,6,6,No
25,Sales,24,3,2,Female,4,2,2,9260,0,No,19,3,3,2,33,2,4,1,1,1,0,Yes
39,Human Resources,17,3,2,Male,3,2,2,8400,4,No,12,3,2,0,15,2,4,18,3,3,3,No
22,Sales,18,2,3,Female,3,3,3,8820,4,No,25,2,2,1,7,3,3,3,1,2,0,No
27,Human Resources,22,4,2,Male,4,2,4,11130,0,No,24,3,4,2,33,4,4,8,1,2,1,No
52,Sales,9,3,2,Male,3,5,4,17070,3,No,19,3,3,2,11,1,3,29,5,15,10,Yes
27,Sales,20,4,2,Male,4,2,4,10600,3,No,12,3,3,1,30,2,3,8,4,7,4,No
26,Human Resources,24,5,4,Female,3,4,1,11990,2,No,20,3,3,2,4,6,3,4,3,1,4,Yes
35,Sales,27,5,2,Male,3,2,3,8600,2,Yes,21,4,4,1,25,1,2,7,0,7,0,No
32,Human Resources,4,3,1,Male,3,2,2,11720,1,No,18,3,4,3,31,1,3,10,2,4,4,No
30,Sales,28,1,4,Male,2,2,1,8710,3,Yes,16,4,3,2,25,2,3,4,2,4,4,No
36,Sales,3,3,1,Female,3,2,2,11030,0,Yes,13,3,3,0,37,0,4,8,6,8,4,No
52,Human Resources,10,3,1,Male,2,3,4,10480,1,No,19,3,4,0,10,2,2,1,0,1,1,No
48,Human Resources,18,3,3,Male,3,2,2,11980,3,No,12,4,3,0,32,7,3,17,7,8,14,No
29,Sales,22,3,4,Male,3,4,3,13530,9,No,15,3,2,3,11,1,3,7,7,0,0,No
31,Research & Development,2,5,4,Male,3,4,1,14920,2,No,16,3,4,0,10,4,1,11,2,5,5,No
56,Research & Development,24,4,3,Female,3,4,4,11140,4,No,19,2,3,1,4,2,3,18,12,14,7,No
18,Sales,10,5,2,Female,4,3,2,10870,5,Yes,25,3,3,0,10,2,3,0,0,0,0,No
45,Sales,29,2,3,Male,3,4,3,19030,2,Yes,14,3,3,0,35,3,3,2,0,2,0,No
33,Research & Development,24,5,3,Female,3,2,2,5390,3,No,18,3,4,2,4,0,3,3,2,1,1,No
38,Research & Development,13,3,1,Female,3,2,2,9120,10,No,20,3,3,1,29,3,3,9,5,7,5,No
39,Sales,11,4,2,Female,2,3,1,10560,0,No,22,4,4,0,4,3,3,5,5,2,1,No
27,Human Resources,26,5,4,Female,3,3,3,9780,5,Yes,15,3,1,0,11,1,4,5,3,2,5,Yes
26,Research & Development,16,3,4,Female,3,1,3,4910,3,No,11,2,4,0,15,1,4,2,2,1,1,No
30,Sales,25,3,2,Female,3,3,1,11120,6,Yes,15,3,1,2,10,2,3,9,9,0,0,No
59,Sales,8,5,2,Male,2,4,1,14890,9,Yes,14,3,3,2,14,2,3,23,15,2,6,No
45,Research & Development,23,2,3,Male,2,2,2,10050,1,No,19,2,4,1,13,3,4,1,0,1,1,No
52,Sales,21,3,1,Male,3,4,1,14830,0,No,18,3,4,0,9,1,3,20,12,6,3,No
45,Sales,29,4,2,Male,3,5,4,20000,10,No,16,2,4,0,35,5,2,3,3,2,0,No
28,Sales,1,4,4,Male,3,3,2,9210,9,Yes,22,4,3,0,3,4,3,5,5,1,2,No
32,Research & Development,3,4,4,Male,3,4,3,13890,9,No,23,2,3,3,3,2,4,12,7,0,3,No
45,Sales,13,4,1,Male,3,2,3,7450,6,No,12,3,2,2,15,2,3,0,0,0,0,No
18,Sales,26,1,3,Female,2,1,2,4570,1,Yes,25,3,1,2,21,4,4,0,0,0,0,No
59,Research & Development,6,2,2,Female,4,2,1,9780,6,No,20,3,3,2,35,5,4,22,10,3,6,No
44,Human Resources,26,1,2,Male,4,3,2,15440,3,No,22,3,3,0,36,4,2,7,0,0,4,No
44,Sales,29,4,3,Female,4,2,2,10030,3,Yes,15,2,2,1,22,4,3,15,12,1,3,No
50,Sales,4,2,4,Male,2,2,3,13370,5,No,12,3,4,0,34,2,2,24,0,6,12,No
39,Research & Development,11,2,3,Male,3,2,3,9260,3,Yes,25,3,2,2,14,3,2,8,0,3,4,No
38,Sales,9,5,4,Male,3,2,1,7770,10,No,21,2,4,1,8,1,4,7,6,7,4,No
46,Human Resources,24,4,2,Female,2,2,3,11810,0,No,21,3,3,0,37,1,1,22,19,2,13,No
52,Sales,4,1,3,Female,2,4,3,16190,0,Yes,16,3,2,0,30,4,1,26,5,15,18,No
29,Sales,20,5,2,Female,3,3,2,10140,6,No,11,3,3,2,22,4,2,5,1,4,0,Yes
22,Human Resources,21,5,2,Male,3,3,3,13170,2,Yes,21,3,1,1,13,3,4,3,2,3,0,Yes
47,Research & Development,18,5,1,Female,3,3,2,13660,2,Yes,22,3,1,0,36,2,3,22,9,5,20,No
33,Research & Development,11,4,4,Female,4,4,2,16110,1,Yes,17,3,3,0,25,3,3,3,1,0,1,No
48,Human Resources,4,4,2,Male,4,3,1,15030,3,No,20,3,1,3,38,2,4,29,0,15,23,No
25,Human Resources,3,2,3,Male,3,1,1,3580,4,No,14,2,3,0,19,1,4,7,3,5,2,No
49,Sales,15,1,3,Male,2,1,2,3400,2,Yes,20,2,3,2,1,3,2,10,6,7,9,Yes
43,Research & Development,14,4,1,Male,4,4,3,15970,1,No,14,4,3,1,25,4,3,4,0,0,0,Yes
55,Research & Development,27,5,3,Female,3,3,3,12890,3,No,15,4,3,1,37,2,1,2,2,2,0,No
45,Research & Development,16,4,3,Female,4,1,2,6810,0,No,12,3,4,2,25,2,2,15,12,11,8,No
55,Research & Development,9,3,3,Male,4,1,2,8300,5,No,17,2,3,0,39,7,3,13,2,13,11,No
40,Human Resources,6,5,2,Male,2,3,3,9140,0,No,13,3,4,2,2,3,3,2,1,2,1,No
25,Research & Development,5,2,3,Male,3,3,1,12350,5,No,14,3,2,2,26,3,3,2,1,1,0,No
52,Sales,12,3,2,Female,3,2,4,11410,6,No,23,3,2,0,37,2,1,14,11,7,13,No
55,Research & Development,10,2,2,Female,1,3,1,12360,1,Yes,21,3,3,1,34,4,3,34,17,11,25,No
41,Sales,21,3,3,Female,2,1,1,2900,3,No,21,3,4,2,7,3,3,21,12,0,20,No
27,Sales,4,3,3,Male,2,3,1,15880,2,No,19,3,3,1,38,2,3,9,3,4,2,No
54,Sales,2,2,3,Female,3,4,3,12200,7,No,12,2,3,0,6,3,3,26,11,11,24,No
45,Sales,14,4,3,Male,3,3,2,13630,3,No,25,3,3,3,36,3,3,7,2,5,1,No
39,Sales,6,2,4,Male,2,2,3,9290,2,No,14,3,2,2,26,2,3,19,10,9,0,No
41,Sales,14,4,3,Male,3,2,2,10500,0,No,13,2,3,2,29,5,3,12,3,10,11,No
47,Sales,7,4,4,Male,3,2,3,6150,1,Yes,19,4,3,0,6,3,1,0,0,0,0,No
46,Sales,7,5,3,Male,3,3,3,15760,3,No,23,3,3,1,39,2,4,2,1,1,0,No
56,Research & Development,7,3,4,Male,4,3,3,13030,4,No,23,1,2,1,15,3,3,36,19,8,31,No
53,Research & Development,29,1,4,Female,3,1,4,7850,0,No,20,3,4,0,12,2,4,19,14,14,2,No
50,Research & Development,8,5,2,Female,3,3,2,11750,2,Yes,21,2,2,0,9,2,3,24,8,12,19,Yes
40,Human Resources,9,3,3,Male,2,4,3,15340,2,No,17,3,1,1,2,2,4,13,9,4,6,Yes
21,Sales,7,3,2,Male,3,4,1,9600,5,Yes,22,2,2,2,2,6,3,3,2,2,3,Yes
58,Research & Development,2,1,4,Male,3,1,2,5720,1,No,13,3,3,0,14,3,3,0,0,0,0,No
48,Research & Development,7,4,1,Female,4,1,4,8260,6,No,20,2,3,3,35,1,4,20,2,9,19,No
41,Research & Development,2,4,2,Male,3,3,3,13850,6,No,20,3,1,1,31,1,1,0,0,0,0,No
31,Research & Development,23,2,4,Female,3,3,3,13010,8,No,23,3,4,0,27,1,4,3,1,1,0,No
54,Sales,28,5,4,Male,3,5,4,20000,3,No,17,4,3,0,35,2,2,28,8,0,12,No
29,Research & Development,29,3,4,Male,1,1,1,1000,2,No,12,3,1,0,5,1,2,6,0,6,5,No
59,Sales,25,2,3,Female,4,1,1,3790,2,No,24,3,3,2,8,1,4,14,1,12,4,No
53,Research & Development,22,3,3,Female,4,4,4,15040,5,No,24,3,3,1,18,2,3,5,0,1,0,No
35,Research & Development,25,2,3,Male,1,2,3,8190,2,Yes,20,3,1,1,6,2,4,17,7,8,13,No
40,Sales,1,4,1,Female,4,2,4,10340,3,No,21,2,4,0,25,2,3,21,19,11,18,No
37,Sales,5,3,3,Male,3,5,4,20000,3,No,23,3,2,2,34,2,3,12,9,1,9,No
43,Sales,28,5,3,Male,3,1,4,5340,4,No,17,3,3,0,24,1,4,12,1,1,12,No
30,Research & Development,10,3,1,Female,3,2,4,10330,10,No,12,3,1,0,24,1,3,7,4,0,2,No
49,Research & Development,5,2,3,Male,2,1,2,7040,1,No,12,3,1,1,33,4,3,24,2,14,5,No
58,Sales,12,5,4,Male,3,1,1,7540,2,No,20,1,3,2,14,2,2,9,2,1,0,Yes
55,Sales,9,5,4,Male,2,4,4,18950,4,Yes,25,3,4,1,31,3,3,12,10,10,7,No
37,Research & Development,2,4,1,Male,4,1,1,6610,3,No,13,3,4,1,32,1,1,1,1,0,1,No
47,Sales,17,4,4,Male,2,2,3,7750,3,No,24,4,2,0,13,4,3,16,4,6,15,No
58,Sales,11,2,1,Female,4,3,3,13740,3,No,18,4,2,0,35,3,2,30,5,0,8,No
42,Research & Development,23,1,1,Male,3,2,3,7880,3,Yes,16,3,1,1,13,1,4,6,5,3,4,No
43,Research & Development,5,1,3,Male,2,4,1,16280,6,Yes,17,1,4,0,24,1,4,11,2,9,9,No
47,Sales,10,2,2,Male,3,4,1,20000,1,No,11,3,4,3,37,5,2,13,13,9,7,No
37,Research & Development,8,2,3,Male,3,2,2,12010,3,No,20,2,3,1,30,3,2,4,0,2,4,No
31,Research & Development,15,3,4,Male,3,2,4,10690,9,Yes,14,2,2,0,38,2,3,7,0,4,7,No
51,Human Resources,7,4,3,Male,3,4,2,13450,3,Yes,24,3,4,3,22,2,1,28,12,4,5,No
25,Human Resources,28,5,4,Female,2,3,4,12190,6,No,14,3,3,1,16,4,2,4,1,4,1,No
55,Sales,27,3,2,Female,4,2,4,6440,0,Yes,25,3,2,0,16,3,3,21,16,8,18,No
51,Sales,22,2,4,Male,2,5,1,16900,0,No,21,3,3,0,1,2,4,14,12,6,4,No
55,Research & Development,12,5,3,Female,4,3,3,9880,1,Yes,20,3,3,0,6,2,4,12,11,6,5,No
47,Research & Development,14,3,3,Male,2,3,2,16150,1,No,17,2,2,1,37,2,4,17,0,9,5,No
18,Research & Development,22,4,4,Male,4,1,1,1680,1,Yes,20,3,4,0,11,3,3,0,0,0,0,Yes
55,Sales,20,1,1,Female,4,1,4,3330,5,No,14,3,3,1,19,4,4,36,5,10,30,No
54,Research & Development,13,3,2,Male,4,3,2,11110,0,Yes,25,3,2,0,11,1,3,24,18,14,5,Yes
48,Sales,4,3,4,Male,4,2,1,13660,5,No,23,1,1,0,39,1,4,21,15,6,20,No
55,Research & Development,14,3,3,Male,3,3,3,13910,5,Yes,14,3,2,1,12,5,3,30,27,9,26,No
44,Human Resources,9,2,3,Male,2,2,4,9590,4,No,15,3,2,0,16,3,3,20,12,12,19,No
40,Research & Development,12,4,4,Male,4,4,4,15630,4,No,21,2,1,0,28,3,3,0,0,0,0,No
43,Research & Development,11,4,3,Male,4,1,4,2370,2,No,25,4,4,1,0,2,3,6,5,4,2,No
44,Sales,20,3,4,Male,3,2,3,10290,3,No,15,2,4,0,22,0,4,6,1,6,5,No
20,Sales,26,4,1,Male,2,2,3,11620,3,Yes,14,3,3,0,27,2,4,1,1,0,0,No
54,Sales,20,3,1,Male,3,3,3,12490,2,No,17,2,1,0,31,2,3,34,7,10,7,No
55,Research & Development,29,3,3,Male,3,5,4,20000,0,Yes,23,3,4,1,23,2,4,33,13,10,1,No
44,Research & Development,2,2,3,Female,4,2,2,5920,3,No,20,3,4,1,7,5,3,7,6,1,3,No
47,Sales,9,3,3,Male,2,3,3,9710,9,No,12,3,3,1,0,2,3,24,0,15,18,No
41,Research & Development,4,4,4,Male,3,5,3,16160,5,No,17,3,3,0,12,4,3,16,11,14,6,No
36,Sales,23,3,4,Female,3,2,3,7790,4,Yes,18,3,3,2,15,4,4,8,3,1,6,No
34,Research & Development,9,4,3,Female,4,5,3,16900,0,No,20,4,1,1,23,2,4,10,2,6,9,No
41,Sales,6,2,4,Male,2,5,3,16730,2,Yes,11,2,3,3,15,2,4,11,4,0,3,No
21,Sales,26,2,3,Female,1,1,4,5460,4,Yes,23,3,4,0,18,1,2,1,0,1,0,No
25,Sales,26,3,3,Female,2,5,2,18520,2,No,21,4,2,2,31,3,4,2,1,2,1,No
23,Sales,18,2,1,Female,3,4,2,12040,2,Yes,25,3,4,1,11,4,3,3,3,0,2,Yes
21,Sales,17,2,3,Female,4,2,2,9360,5,No,22,2,4,0,18,3,3,0,0,0,0,No
36,Sales,2,2,2,Male,4,3,2,12960,6,No,18,3,4,0,21,3,2,1,0,0,1,No
46,Sales,21,3,3,Male,4,2,4,8540,0,Yes,22,3,4,2,15,3,3,1,0,1,0,No
53,Human Resources,27,2,3,Male,4,5,4,20000,0,No,25,3,3,2,31,1,3,14,5,14,0,No
46,Research & Development,9,3,4,Male,2,1,3,3260,1,Yes,12,3,2,2,18,4,4,22,20,6,8,No
36,Sales,12,2,2,Male,3,5,4,17910,2,No,19,3,2,3,13,2,4,15,13,13,1,No
18,Research & Development,10,5,3,Male,3,3,1,11000,1,No,14,3,2,1,20,4,2,0,0,0,0,Yes
33,Human Resources,28,1,3,Male,3,5,3,20000,3,No,24,3,4,0,23,4,3,2,0,0,1,No
43,Sales,10,1,3,Male,3,1,2,4570,4,Yes,19,3,2,0,15,3,3,16,5,2,6,No
44,Sales,25,3,3,Female,2,4,1,18400,0,Yes,24,3,1,0,25,2,3,4,3,2,2,Yes
53,Research & Development,7,4,4,Female,3,2,2,9760,4,No,18,3,3,1,28,4,3,10,4,6,8,No
57,Sales,7,5,3,Female,2,4,2,12680,3,No,23,2,3,0,9,3,4,37,0,12,17,No
44,Sales,22,5,3,Female,2,5,1,16380,1,No,18,2,3,1,8,2,3,4,1,0,1,No
42,Sales,22,4,2,Male,4,3,4,14030,9,No,17,3,4,2,20,3,3,10,10,7,10,No
41,Research & Development,27,4,3,Male,1,4,2,14130,6,Yes,13,3,3,2,16,3,4,8,3,6,3,Yes
40,Human Resources,7,4,4,Male,2,1,4,3630,3,No,23,3,1,0,3,2,2,18,2,11,0,No
24,Sales,8,2,4,Male,1,1,2,7100,1,Yes,23,3,3,3,30,4,3,1,0,1,0,No
20,Sales,24,4,3,Male,4,1,2,5980,1,Yes,18,3,3,2,18,3,4,1,0,1,0,Yes
57,Sales,20,3,4,Female,2,4,3,16160,1,No,25,3,3,1,23,1,1,4,0,4,1,No
36,Research & Development,11,4,2,Male,2,2,4,6410,1,No,14,2,2,0,5,1,3,11,6,0,2,No
44,Sales,12,2,1,Female,2,2,2,11180,3,No,11,4,3,1,30,3,2,23,10,3,0,No
45,Research & Development,18,3,3,Male,3,1,1,8510,1,No,23,2,3,3,38,2,2,7,5,3,3,No
58,Sales,28,3,3,Female,3,5,4,15840,2,No,13,2,3,0,9,4,4,14,0,2,4,No
58,Research & Development,22,2,1,Male,3,2,4,10550,4,Yes,16,3,3,0,20,1,3,12,4,6,12,No
44,Sales,7,4,1,Male,3,3,1,13250,5,Yes,21,3,3,0,25,4,3,14,14,7,0,No
35,Research & Development,15,1,4,Male,3,3,3,14630,4,No,12,3,4,1,36,3,2,17,11,12,16,No
41,Research & Development,2,3,1,Female,2,3,3,10960,0,No,18,4,3,2,37,1,3,17,6,7,2,No
19,Research & Development,17,3,4,Female,1,2,3,6140,4,No,24,4,4,3,21,3,4,1,1,0,1,No
41,Sales,1,3,2,Female,3,4,2,11030,1,No,19,3,1,2,10,2,4,20,12,2,3,Yes
56,Sales,29,5,2,Female,3,1,2,5910,4,No,11,2,3,0,12,7,3,25,21,5,16,No
51,Research & Development,15,3,3,Male,1,2,3,8290,1,No,18,2,4,0,21,2,3,25,9,13,0,No
54,Sales,22,2,3,Male,1,4,4,19450,1,Yes,11,3,4,2,36,5,3,18,16,5,11,No
45,Sales,15,4,4,Female,3,2,2,12790,1,Yes,24,2,3,0,28,5,3,14,9,3,5,No
59,Human Resources,18,2,3,Male,3,3,3,13630,1,Yes,23,2,1,0,24,4,3,36,7,4,24,No
54,Research & Development,14,5,3,Male,2,1,3,9130,1,No,16,3,1,1,33,1,4,30,11,7,7,No
56,Sales,22,2,3,Male,3,1,1,3940,1,No,14,3,2,2,7,3,3,10,2,2,9,Yes
50,Research & Development,14,2,4,Female,3,2,3,11260,6,No,15,3,3,0,30,3,3,30,24,2,14,No
59,Sales,11,2,2,Female,2,3,2,14370,0,No,24,4,3,0,17,3,4,12,6,9,11,No
44,Research & Development,6,4,2,Male,2,2,4,11990,6,No,23,3,3,0,25,3,3,24,18,8,8,No
49,Sales,25,4,3,Female,3,4,1,19120,8,Yes,16,3,4,1,39,2,4,7,3,2,3,No
31,Human Resources,17,2,3,Female,2,2,2,9860,6,No,15,3,1,0,26,2,4,10,2,6,2,No
28,Research & Development,1,5,4,Female,3,2,2,5140,5,Yes,17,3,3,0,5,4,3,4,1,2,3,No
57,Human Resources,11,4,2,Female,3,1,1,8480,6,No,12,3,4,0,36,7,3,25,6,10,4,No
28,Sales,6,2,1,Male,2,2,4,11200,2,Yes,16,3,3,3,21,2,2,10,3,6,6,No
51,Sales,11,5,3,Female,3,2,3,11580,2,Yes,13,3,1,0,30,3,3,21,5,9,18,No
24,Research & Development,21,2,3,Female,2,1,1,7900,0,Yes,17,3,4,2,25,5,3,4,0,2,1,No
25,Sales,27,2,3,Male,3,1,1,7360,7,No,12,3,3,3,32,5,3,5,4,2,4,No
25,Research & Development,8,3,3,Female,4,5,4,16610,2,Yes,14,3,2,3,20,1,2,1,0,0,0,Yes
26,Sales,7,2,3,Female,3,4,2,14710,1,Yes,11,3,1,0,16,2,4,7,1,3,2,No
34,Human Resources,6,2,3,Female,4,2,1,11030,5,No,15,3,3,1,37,4,3,13,11,6,7,No
49,Research & Development,16,4,1,Male,3,3,4,11420,0,Yes,23,3,1,2,4,0,3,31,9,9,29,Yes
22,Sales,14,4,3,Male,3,3,2,14300,6,No,23,4,3,0,35,2,2,4,0,4,1,No
42,Research & Development,21,2,3,Male,4,2,2,7620,0,No,19,3,1,0,14,2,4,24,20,7,2,No
45,Research & Development,22,3,2,Male,2,1,3,2320,5,No,15,3,4,3,0,3,3,23,17,9,18,No
43,Research & Development,7,4,3,Male,3,2,3,13850,1,No,13,3,4,0,39,4,3,8,5,4,2,No
30,Sales,23,1,2,Male,2,3,2,14290,5,Yes,17,3,4,0,38,2,3,1,0,1,0,No
18,Research & Development,28,2,1,Male,2,4,4,15610,1,Yes,14,3,3,2,29,4,4,0,0,0,0,Yes
22,Sales,29,4,3,Female,3,3,2,8240,7,No,14,3,4,0,8,5,2,1,1,1,1,No
31,Research & Development,3,1,3,Female,2,5,4,18060,10,No,24,2,2,2,21,4,3,4,0,0,1,No
44,Sales,10,3,2,Male,1,1,1,4100,1,Yes,18,3,3,1,8,3,4,2,1,2,2,Yes
58,Research & Development,7,2,1,Male,3,4,4,17860,1,Yes,11,2,2,0,31,2,4,19,9,4,3,Yes
43,Sales,1,1,3,Male,2,2,2,7940,5,No,13,2,3,2,9,3,2,7,5,6,7,No
22,Research & Development,23,3,4,Female,3,3,2,11950,3,No,23,3,3,2,23,4,3,3,3,0,1,No
57,Research & Development,15,3,4,Male,3,1,2,5720,0,Yes,19,3,3,3,5,3,4,14,4,1,8,No
55,Sales,22,3,2,Female,2,3,1,9420,7,No,11,3,3,3,6,4,3,20,7,12,4,No
33,Sales,19,2,1,Male,2,5,2,20000,2,No,21,3,2,0,29,5,2,11,3,7,8,No
40,Sales,12,3,2,Male,2,2,2,12510,5,Yes,23,3,4,2,26,3,3,16,16,5,4,No
26,Research & Development,22,3,4,Male,3,2,3,11110,0,Yes,12,3,3,2,23,3,3,0,0,0,0,No
37,Sales,18,3,3,Male,2,2,4,6620,1,No,19,3,4,0,16,3,3,2,0,0,0,No
47,Sales,25,1,2,Male,3,1,2,8480,2,No,14,3,3,3,30,3,3,25,25,1,24,No
32,Sales,17,5,4,Male,3,3,4,13100,4,Yes,11,3,2,1,18,4,2,14,14,10,3,No
33,Sales,3,4,4,Female,4,1,3,5430,1,No,24,2,4,0,15,2,4,14,4,3,11,No
48,Human Resources,10,1,4,Female,3,1,1,5890,0,No,17,2,2,2,16,1,2,18,0,4,0,No
31,Research & Development,2,4,2,Male,2,3,2,12870,4,No,12,4,3,3,23,4,3,10,2,5,6,No
38,Research & Development,22,4,3,Female,2,1,3,7470,0,Yes,19,3,2,1,20,3,2,16,4,11,1,No
37,Human Resources,2,2,2,Male,3,3,4,12370,3,No,16,4,3,1,10,3,1,0,0,0,0,Yes
