timestamp,feature_1,feature_2,feature_3,target,prediction,probability
2024-01-01 00:00:00,97.8386,21.6742,14.7823,0,0,0.282
2024-01-01 01:00:00,97.4123,60.6371,11.7339,0,1,0.5503
2024-01-01 02:00:00,98.342,56.7735,6.0716,1,1,0.5432
2024-01-01 03:00:00,110.5499,66.8672,7.2531,1,1,0.7642
2024-01-01 04:00:00,98.1097,54.3254,0.18,1,1,0.517
2024-01-01 05:00:00,77.5622,26.1917,19.8314,0,0,0.2488
2024-01-01 06:00:00,105.0228,64.8465,14.9694,0,1,0.6708
2024-01-01 07:00:00,96.0301,73.7728,4.5584,1,1,0.7438
2024-01-01 08:00:00,96.7919,98.1332,4.7393,1,1,0.9771
2024-01-01 09:00:00,101.7933,10.1423,0.4201,0,0,0.0132
2024-01-01 10:00:00,103.5468,12.1588,4.0084,0,0,0.1691
2024-01-01 11:00:00,117.5322,66.2915,14.6498,1,1,0.7435
2024-01-01 12:00:00,109.9294,20.6133,1.577,1,0,0.2122
2024-01-01 13:00:00,101.737,86.3263,0.2132,1,1,0.9584
2024-01-01 14:00:00,88.9988,81.9608,0.1812,1,1,0.8892
2024-01-01 15:00:00,84.8548,99.9088,3.5424,1,1,0.8297
2024-01-01 16:00:00,103.7951,47.2637,5.2539,1,0,0.4754
2024-01-01 17:00:00,119.7905,40.0413,2.8239,0,0,0.4118
2024-01-01 18:00:00,100.7336,60.4374,1.8079,0,1,0.7351
2024-01-01 19:00:00,98.5171,67.3753,9.4801,0,1,0.9189
2024-01-01 20:00:00,108.1073,11.0168,17.7832,0,0,0.1527
2024-01-01 21:00:00,78.2923,28.1068,0.1084,0,0,0.288
2024-01-01 22:00:00,95.441,35.3464,0.2847,0,0,0.3384
2024-01-01 23:00:00,107.5047,81.1176,7.4276,1,1,0.6361
2024-01-02 00:00:00,113.266,37.6995,8.3397,0,0,0.4209
2024-01-02 01:00:00,96.5345,55.6021,3.8198,0,1,0.4424
2024-01-02 02:00:00,105.8148,39.1531,9.8411,0,0,0.2313
2024-01-02 03:00:00,103.8919,10.5518,5.7276,0,0,0.1306
2024-01-02 04:00:00,111.9248,71.7252,6.6956,1,1,0.7942
2024-01-02 05:00:00,83.4434,40.7225,4.0203,1,0,0.3768
2024-01-02 06:00:00,108.7208,75.1957,0.2677,1,1,0.8681
2024-01-02 07:00:00,77.4212,65.4394,7.2554,1,1,0.8333
2024-01-02 08:00:00,60.809,12.6206,5.9444,0,0,0.2473
2024-01-02 09:00:00,91.0746,25.8066,2.8081,0,0,0.403
2024-01-02 10:00:00,86.4357,39.7463,2.7829,1,0,0.3173
2024-01-02 11:00:00,113.3808,40.4143,0.7412,0,0,0.4419
2024-01-02 12:00:00,110.2039,70.5226,2.8808,0,1,0.7891
2024-01-02 13:00:00,81.8908,92.4547,11.3723,1,1,0.8062
2024-01-02 14:00:00,112.9706,81.7529,20.2377,1,1,0.8061
2024-01-02 15:00:00,85.1619,68.1087,2.292,0,1,0.7036
2024-01-02 16:00:00,98.9429,53.3346,1.0762,1,1,0.5626
2024-01-02 17:00:00,95.8255,66.448,2.8682,0,1,0.7365
2024-01-02 18:00:00,101.9731,90.2852,0.2983,0,1,0.7652
2024-01-02 19:00:00,112.5727,58.3271,1.32,0,1,0.6624
2024-01-02 20:00:00,109.8683,40.1599,4.4412,0,0,0.4316
2024-01-02 21:00:00,105.534,80.559,1.2882,1,1,1.0117
2024-01-02 22:00:00,110.0551,47.2558,6.8812,1,0,0.4763
2024-01-02 23:00:00,107.4819,76.8326,10.9613,0,1,0.8149
2024-01-03 00:00:00,90.8531,85.1595,7.8796,1,1,0.8968
2024-01-03 01:00:00,89.4983,36.9409,4.1972,0,0,0.4358
2024-01-03 02:00:00,93.227,75.2468,23.5187,1,1,0.9052
2024-01-03 03:00:00,107.8214,38.3953,0.0751,0,0,0.3275
2024-01-03 04:00:00,96.5473,58.2297,6.3617,1,1,0.5588
2024-01-03 05:00:00,135.4781,28.7436,8.3731,0,0,0.243
2024-01-03 06:00:00,87.9904,71.6944,0.3985,0,1,0.8254
2024-01-03 07:00:00,83.7864,81.9582,0.6775,0,1,0.8215
2024-01-03 08:00:00,111.9061,89.9227,0.9959,1,1,0.8461
2024-01-03 09:00:00,121.7508,41.8236,0.2235,0,0,0.3279
2024-01-03 10:00:00,107.9627,97.2652,2.1514,1,1,0.9308
2024-01-03 11:00:00,112.9406,35.2414,5.3241,0,0,0.2924
2024-01-03 12:00:00,121.8408,12.8056,1.4002,0,0,-0.0582
2024-01-03 13:00:00,98.9499,98.5257,1.7295,1,1,0.861
2024-01-03 14:00:00,78.9394,66.386,4.6586,1,1,0.4966
2024-01-03 15:00:00,92.3633,85.8165,3.2572,1,1,0.9204
2024-01-03 16:00:00,114.7384,61.3883,0.6527,1,1,0.6521
2024-01-03 17:00:00,78.641,45.061,0.3996,0,0,0.2133
2024-01-03 18:00:00,100.9012,63.5673,1.4397,0,1,0.6775
2024-01-03 19:00:00,104.2175,87.8134,3.9224,1,1,0.8304
2024-01-03 20:00:00,95.6527,77.6386,3.4153,0,1,0.8957
2024-01-03 21:00:00,111.3184,73.474,6.6443,1,1,0.7138
2024-01-03 22:00:00,109.1724,38.3049,2.2077,0,0,0.3952
2024-01-03 23:00:00,135.4119,12.8465,12.3315,0,0,-0.071
2024-01-04 00:00:00,109.7762,47.2483,1.2441,1,0,0.3714
2024-01-04 01:00:00,91.2525,54.7349,6.2437,1,1,0.3402
2024-01-04 02:00:00,91.9755,31.3878,14.1874,1,0,0.2658
2024-01-04 03:00:00,87.9139,50.6716,7.5754,0,1,0.5727
2024-01-04 04:00:00,114.8125,95.5654,1.7314,1,1,0.9827
2024-01-04 05:00:00,91.9159,29.4526,5.3014,0,0,0.4377
2024-01-04 06:00:00,99.4086,37.2086,3.7417,1,0,0.4358
2024-01-04 07:00:00,111.7727,20.1008,1.5567,0,0,0.387
2024-01-04 08:00:00,89.5702,80.645,5.9829,1,1,0.7714
2024-01-04 09:00:00,96.0573,80.0011,3.5003,1,1,0.8674
2024-01-04 10:00:00,72.7217,92.2018,0.2776,1,1,1.0296
2024-01-04 11:00:00,84.171,49.9397,11.5342,1,0,0.6178
2024-01-04 12:00:00,91.9403,12.2441,6.1124,0,0,0.1748
2024-01-04 13:00:00,106.7818,53.4397,4.8626,1,1,0.6111
2024-01-04 14:00:00,118.521,55.0049,1.641,0,1,0.3017
2024-01-04 15:00:00,100.2434,27.1191,1.138,1,0,0.338
2024-01-04 16:00:00,104.4715,93.1273,0.7375,1,1,0.9052
2024-01-04 17:00:00,103.0685,75.9197,18.6357,1,1,0.7799
2024-01-04 18:00:00,116.9087,57.1265,1.3103,0,1,0.6104
2024-01-04 19:00:00,114.0276,79.798,6.7722,1,1,0.9428
2024-01-04 20:00:00,104.6826,22.8966,1.1835,0,0,0.196
2024-01-04 21:00:00,85.2998,88.4619,2.3292,1,1,0.7047
2024-01-04 22:00:00,114.1997,83.9925,8.4744,1,1,0.8294
2024-01-04 23:00:00,106.3219,94.4221,0.7655,1,1,0.9337
2024-01-05 00:00:00,119.0979,70.9046,19.0631,1,1,0.8413
2024-01-05 01:00:00,100.1305,21.9445,5.9923,0,0,0.1033
2024-01-05 02:00:00,130.0759,75.2114,5.2478,1,1,0.556
2024-01-05 03:00:00,95.1753,51.3432,3.0235,1,1,0.3256
2024-01-05 04:00:00,124.6552,74.231,0.6065,1,1,0.7002
2024-01-05 05:00:00,102.3444,57.011,3.4548,1,1,0.7248
2024-01-05 06:00:00,92.8153,10.3699,0.1717,0,0,0.1475
2024-01-05 07:00:00,83.5751,93.9104,1.6284,1,1,1.0335
2024-01-05 08:00:00,98.3428,71.8347,2.424,1,1,0.857
2024-01-05 09:00:00,122.1293,63.4859,8.7775,1,1,0.7738
2024-01-05 10:00:00,112.9682,17.8368,0.4414,1,0,0.2833
2024-01-05 11:00:00,111.049,52.0188,1.6362,1,1,0.5188
2024-01-05 12:00:00,64.7533,14.1526,4.7048,0,0,0.1015
2024-01-05 13:00:00,111.396,56.852,3.4195,0,1,0.574
2024-01-05 14:00:00,109.0589,69.3086,9.9306,1,1,0.7637
2024-01-05 15:00:00,92.3561,38.1233,2.4279,1,0,0.325
2024-01-05 16:00:00,91.191,61.9804,0.2272,1,1,0.5751
2024-01-05 17:00:00,100.6431,38.0929,1.1517,1,0,0.4154
2024-01-05 18:00:00,126.7538,90.2922,1.0193,1,1,1.1417
2024-01-05 19:00:00,84.7422,38.8792,2.8201,0,0,0.4447
2024-01-05 20:00:00,94.2293,27.3291,0.2684,0,0,0.1458
2024-01-05 21:00:00,121.2881,34.8985,1.8203,0,0,0.2788
2024-01-05 22:00:00,93.9631,38.7235,3.8995,0,0,0.4375
2024-01-05 23:00:00,95.2069,49.7004,2.1371,0,0,0.5715
2024-01-06 00:00:00,102.1984,20.5886,0.1317,0,0,0.0991
2024-01-06 01:00:00,81.9565,23.4389,4.6919,0,0,0.2579
2024-01-06 02:00:00,104.058,34.6273,11.1826,1,0,0.2868
2024-01-06 03:00:00,82.445,11.3731,12.8002,0,0,0.1802
2024-01-06 04:00:00,114.1317,66.065,11.9,1,1,0.7734
2024-01-06 05:00:00,100.7981,56.2655,8.3101,0,1,0.4815
2024-01-06 06:00:00,135.2952,28.592,4.4697,0,0,0.1642
2024-01-06 07:00:00,105.0103,41.5286,7.0787,1,0,0.6552
2024-01-06 08:00:00,121.4282,38.6636,2.0847,0,0,0.2953
2024-01-06 09:00:00,81.0569,22.7401,8.8375,1,0,0.1625
2024-01-06 10:00:00,98.932,73.3918,2.8465,1,1,0.7622
2024-01-06 11:00:00,105.6755,35.4941,2.7891,1,0,0.1934
2024-01-06 12:00:00,127.2082,32.0343,6.5324,1,0,0.4479
2024-01-06 13:00:00,75.3607,16.4119,6.648,0,0,0.1806
2024-01-06 14:00:00,115.796,65.1937,0.2941,1,1,0.5557
2024-01-06 15:00:00,109.7601,40.4865,0.5782,0,0,0.3788
2024-01-06 16:00:00,124.0278,49.9283,2.456,1,0,0.4967
2024-01-06 17:00:00,111.6054,21.7067,6.388,0,0,0.2026
2024-01-06 18:00:00,101.6163,52.3662,5.6655,1,1,0.5259
2024-01-06 19:00:00,92.9367,70.7946,9.7778,1,1,0.4204
2024-01-06 20:00:00,81.9426,19.5334,13.9012,0,0,0.1833
2024-01-06 21:00:00,103.8049,14.842,3.1135,0,0,-0.0465
2024-01-06 22:00:00,97.9493,48.3819,4.2502,1,0,0.5097
2024-01-06 23:00:00,131.4509,26.1085,4.2002,0,0,0.2365
2024-01-07 00:00:00,91.6106,63.6509,3.6585,0,1,0.8224
2024-01-07 01:00:00,105.7223,63.3481,0.887,0,1,0.6711
2024-01-07 02:00:00,77.1119,85.2557,2.4006,1,1,1.0556
2024-01-07 03:00:00,94.8919,72.9429,6.8449,1,1,0.9122
2024-01-07 04:00:00,104.8439,65.4684,12.9288,1,1,0.7594
2024-01-07 05:00:00,113.3762,38.1197,0.7071,1,0,0.2442
2024-01-07 06:00:00,122.8387,83.5698,0.0765,1,1,0.9293
2024-01-07 07:00:00,100.2371,74.1609,8.0369,0,1,0.9184
2024-01-07 08:00:00,83.9835,70.3783,15.0763,0,1,0.8774
2024-01-07 09:00:00,107.8558,58.0136,0.4471,1,1,0.5007
2024-01-07 10:00:00,108.7584,97.6314,1.438,1,1,1.1098
2024-01-07 11:00:00,108.3811,78.0169,3.9132,1,1,0.7317
2024-01-07 12:00:00,90.3224,51.9126,2.0589,0,1,0.5258
2024-01-07 13:00:00,118.1207,21.8616,2.5093,0,0,0.2224
2024-01-07 14:00:00,102.2803,83.1566,4.7797,1,1,0.8325
2024-01-07 15:00:00,111.5626,92.772,2.2447,1,1,1.0247
2024-01-07 16:00:00,120.275,52.1448,5.3827,0,1,0.5965
2024-01-07 17:00:00,110.2032,51.0026,7.6261,0,1,0.5279
2024-01-07 18:00:00,105.3162,71.603,8.3105,1,1,0.821
2024-01-07 19:00:00,133.6208,73.9194,4.6825,1,1,0.7128
2024-01-07 20:00:00,104.6795,51.8857,0.6637,0,1,0.5476
2024-01-07 21:00:00,96.5017,30.8525,4.2018,1,0,0.341
2024-01-07 22:00:00,102.6941,30.1415,1.9356,0,0,0.3309
2024-01-07 23:00:00,123.4912,87.4987,1.5361,1,1,0.8695
2024-01-08 00:00:00,102.8086,65.5248,0.9848,0,1,0.6668
2024-01-08 01:00:00,108.8924,92.1575,3.1062,1,1,0.9142
2024-01-08 02:00:00,119.1592,45.2869,2.8983,1,0,0.5209
2024-01-08 03:00:00,93.2454,72.9653,3.1409,0,1,0.5569
2024-01-08 04:00:00,74.8365,69.8663,16.8902,1,1,0.761
2024-01-08 05:00:00,105.5811,80.9901,3.2716,1,1,0.7385
2024-01-08 06:00:00,104.53,89.4164,9.2999,1,1,0.9261
2024-01-08 07:00:00,91.8234,50.7955,1.2285,1,1,0.5018
2024-01-08 08:00:00,114.2756,12.7238,0.3019,0,0,0.1879
2024-01-08 09:00:00,110.2831,52.7801,13.9708,0,1,0.4872
2024-01-08 10:00:00,85.966,41.6297,1.6179,0,0,0.3502
2024-01-08 11:00:00,108.94,51.5118,4.7123,0,1,0.5949
2024-01-08 12:00:00,98.1031,25.3721,1.8846,0,0,0.1832
2024-01-08 13:00:00,78.5722,79.1147,0.3309,0,1,0.6018
2024-01-08 14:00:00,107.9687,64.3996,0.9911,0,1,0.6879
2024-01-08 15:00:00,100.4115,21.4655,7.2617,0,0,0.2943
2024-01-08 16:00:00,89.7876,19.2639,1.6158,0,0,0.0499
2024-01-08 17:00:00,109.0509,83.5798,10.1649,0,1,0.8393
2024-01-08 18:00:00,108.5282,81.7082,0.6804,1,1,0.6868
2024-01-08 19:00:00,92.3509,39.3283,4.9758,0,0,0.3127
2024-01-08 20:00:00,107.2085,68.4506,0.7944,1,1,0.7326
2024-01-08 21:00:00,116.5518,81.3188,4.811,0,1,0.8906
2024-01-08 22:00:00,90.3146,57.9471,0.2543,0,1,0.6086
2024-01-08 23:00:00,106.9321,46.0735,0.6077,0,0,0.3865
2024-01-09 00:00:00,101.1939,47.2098,0.1963,0,0,0.5672
2024-01-09 01:00:00,135.5855,65.8787,5.7671,1,1,0.8545
2024-01-09 02:00:00,72.8682,59.3154,9.851,1,1,0.5674
2024-01-09 03:00:00,111.7348,97.6503,4.3362,1,1,0.9523
2024-01-09 04:00:00,96.5223,44.5435,0.2143,0,0,0.4214
2024-01-09 05:00:00,99.6593,40.6643,6.3179,1,0,0.3907
2024-01-09 06:00:00,130.0883,83.2524,0.3137,1,1,0.7508
2024-01-09 07:00:00,101.0637,63.1873,6.2684,0,1,0.6376
2024-01-09 08:00:00,135.2623,80.5883,1.4991,1,1,0.8193
2024-01-09 09:00:00,94.4849,49.1818,1.4883,0,0,0.3655
2024-01-09 10:00:00,106.5405,80.8594,5.672,1,1,0.7926
2024-01-09 11:00:00,93.7556,59.0074,9.7417,1,1,0.5703
2024-01-09 12:00:00,90.7228,31.2539,2.1796,0,0,0.368
2024-01-09 13:00:00,102.1801,69.6351,6.3349,0,1,0.5738
2024-01-09 14:00:00,96.9392,17.0105,4.5887,0,0,0.1619
2024-01-09 15:00:00,104.3213,93.7777,2.1518,1,1,0.8557
2024-01-09 16:00:00,69.2347,61.6769,0.4032,0,1,0.667
2024-01-09 17:00:00,131.7095,53.7967,2.9333,0,1,0.5237
2024-01-09 18:00:00,98.72,63.2947,3.5773,1,1,0.6917
2024-01-09 19:00:00,127.7773,51.6618,1.3523,0,1,0.3569
2024-01-09 20:00:00,85.9518,59.9579,1.9711,1,1,0.4513
2024-01-09 21:00:00,105.7283,83.9821,2.321,1,1,0.9816
2024-01-09 22:00:00,149.4354,25.8557,8.6494,1,0,0.1247
2024-01-09 23:00:00,88.0571,96.0295,2.689,1,1,0.8198
2024-01-10 00:00:00,78.5435,16.2647,5.1345,0,0,0.204
2024-01-10 01:00:00,92.9858,19.787,10.4315,1,0,0.1658
2024-01-10 02:00:00,108.4983,83.266,0.7721,1,1,0.846
2024-01-10 03:00:00,111.8659,79.4209,1.9766,1,1,0.9302
2024-01-10 04:00:00,120.9594,44.102,7.7597,0,0,0.4635
2024-01-10 05:00:00,97.414,54.4866,2.0397,1,1,0.6644
2024-01-10 06:00:00,76.9425,69.4148,2.6224,1,1,0.6903
2024-01-10 07:00:00,94.7155,18.148,5.2775,0,0,0.2589
2024-01-10 08:00:00,120.2252,83.533,3.1809,1,1,0.959
2024-01-10 09:00:00,108.4397,89.8535,18.1533,1,1,1.0638
2024-01-10 10:00:00,71.5597,91.293,4.8632,1,1,0.7871
2024-01-10 11:00:00,100.8283,67.252,0.8736,0,1,0.7928
2024-01-10 12:00:00,122.6593,10.0166,0.2282,0,0,0.2153
2024-01-10 13:00:00,133.7592,23.2053,13.3184,0,0,0.1014
2024-01-10 14:00:00,109.9345,23.4295,12.1449,0,0,0.0125
2024-01-10 15:00:00,106.097,57.813,0.1293,1,1,0.5092
2024-01-10 16:00:00,82.5012,45.0984,4.6957,0,0,0.2796
2024-01-10 17:00:00,88.5529,62.0138,8.2522,1,1,0.8906
2024-01-10 18:00:00,102.1187,27.61,3.5749,1,0,0.2897
2024-01-10 19:00:00,109.0762,71.3365,7.5905,1,1,0.7747
2024-01-10 20:00:00,110.2557,38.4938,3.5482,1,0,0.3285
2024-01-10 21:00:00,94.1355,61.3249,4.3552,0,1,0.6622
2024-01-10 22:00:00,83.8747,92.1884,2.1084,1,1,0.9068
2024-01-10 23:00:00,89.5814,37.4095,1.2095,0,0,0.4613
2024-01-11 00:00:00,83.8077,94.9,8.8812,1,1,0.9156
2024-01-11 01:00:00,111.2522,49.1254,0.1657,1,0,0.5896
2024-01-11 02:00:00,66.2082,98.4322,6.4779,0,1,1.103
2024-01-11 03:00:00,96.3778,40.9838,2.399,0,0,0.3216
2024-01-11 04:00:00,108.3219,18.0359,30.6441,0,0,0.155
2024-01-11 05:00:00,124.6731,10.7307,0.4085,1,0,0.2097
2024-01-11 06:00:00,102.563,98.7779,0.4023,1,1,0.8609
2024-01-11 07:00:00,116.7486,46.3778,13.7068,0,0,0.3512
2024-01-11 08:00:00,95.404,21.48,1.2718,0,0,0.26
2024-01-11 09:00:00,90.1426,36.4766,3.5008,0,0,0.2995
2024-01-11 10:00:00,91.2155,43.2301,4.2717,1,0,0.5896
2024-01-11 11:00:00,124.7994,59.3997,3.9729,1,1,0.7463
2024-01-11 12:00:00,116.6759,14.7815,2.7071,1,0,0.0832
2024-01-11 13:00:00,108.9523,73.3019,6.6034,1,1,0.5618
2024-01-11 14:00:00,152.3239,83.8678,9.4061,0,1,0.7472
2024-01-11 15:00:00,101.0366,42.332,3.7513,1,0,0.4544
2024-01-11 16:00:00,111.0001,87.5123,0.264,1,1,0.8695
2024-01-11 17:00:00,106.2349,87.9112,3.1964,1,1,0.8464
2024-01-11 18:00:00,98.1625,31.1717,3.7164,0,0,0.2277
2024-01-11 19:00:00,136.8965,73.2,2.9082,1,1,0.736
2024-01-11 20:00:00,124.5508,45.4841,1.568,0,0,0.4375
2024-01-11 21:00:00,80.2085,38.6315,9.0397,1,0,0.2384
2024-01-11 22:00:00,95.4695,44.4511,1.7341,0,0,0.4073
2024-01-11 23:00:00,108.1157,44.3409,1.3988,0,0,0.6321
2024-01-12 00:00:00,113.5385,59.0607,1.3924,1,1,0.603
2024-01-12 01:00:00,81.006,69.6239,7.2974,1,1,0.7919
2024-01-12 02:00:00,67.1626,52.7384,2.2468,0,1,0.5242
2024-01-12 03:00:00,72.4975,26.9404,3.0424,0,0,0.2054
2024-01-12 04:00:00,100.5223,44.6136,6.8954,0,0,0.3613
2024-01-12 05:00:00,100.0382,93.2034,0.6132,1,1,0.7117
2024-01-12 06:00:00,106.8915,85.5966,1.3791,1,1,0.8022
2024-01-12 07:00:00,89.8723,23.8841,6.5988,0,0,0.2824
2024-01-12 08:00:00,82.9354,99.771,10.6108,1,1,0.9024
2024-01-12 09:00:00,70.74,70.3059,2.2462,1,1,0.8922
2024-01-12 10:00:00,106.672,22.085,2.1692,1,0,0.2829
2024-01-12 11:00:00,107.3026,16.4571,3.5225,0,0,0.259
2024-01-12 12:00:00,116.825,11.4137,12.3041,0,0,0.185
2024-01-12 13:00:00,113.743,74.9205,5.2969,1,1,0.8218
2024-01-12 14:00:00,98.7542,53.8031,4.6471,1,1,0.6129
2024-01-12 15:00:00,122.2894,49.3062,2.9798,0,0,0.3899
2024-01-12 16:00:00,99.5963,99.1196,2.7137,1,1,0.7126
2024-01-12 17:00:00,91.5878,17.6197,4.2122,0,0,0.2454
2024-01-12 18:00:00,93.7365,67.8019,8.7661,1,1,0.6557
2024-01-12 19:00:00,92.7603,47.427,0.6693,1,0,0.4812
2024-01-12 20:00:00,68.6029,51.0426,3.8568,1,1,0.2492
2024-01-12 21:00:00,104.0994,81.0036,7.4906,0,1,0.8819
2024-01-12 22:00:00,105.5358,64.3987,2.618,1,1,0.5568
2024-01-12 23:00:00,96.184,48.3134,4.3944,0,0,0.5957
2024-01-13 00:00:00,90.8148,26.1818,0.7433,0,0,0.2699
2024-01-13 01:00:00,107.4185,55.8473,1.5074,0,1,0.5281
2024-01-13 02:00:00,127.991,59.6845,1.6906,0,1,0.7233
2024-01-13 03:00:00,102.331,50.5041,1.8833,1,1,0.5758
2024-01-13 04:00:00,93.9893,41.9777,0.4251,0,0,0.3811
2024-01-13 05:00:00,92.713,26.7212,2.7325,0,0,0.164
2024-01-13 06:00:00,100.6971,64.4116,20.4461,1,1,0.6988
2024-01-13 07:00:00,82.4254,62.0145,4.2902,0,1,0.5617
2024-01-13 08:00:00,99.86,86.2123,5.0069,0,1,1.0204
2024-01-13 09:00:00,102.7179,31.3075,7.4062,0,0,0.2084
2024-01-13 10:00:00,130.0079,55.1556,11.5066,1,1,0.4267
2024-01-13 11:00:00,116.2282,46.9754,10.4538,1,0,0.3742
2024-01-13 12:00:00,117.6206,59.155,0.0782,1,1,0.6958
2024-01-13 13:00:00,90.8972,43.0273,0.6437,0,0,0.3974
2024-01-13 14:00:00,112.0631,98.041,1.5284,1,1,0.8047
2024-01-13 15:00:00,84.382,61.1335,4.0437,1,1,0.6048
2024-01-13 16:00:00,106.5982,73.4394,13.3052,1,1,0.6347
2024-01-13 17:00:00,108.2388,20.1848,6.7906,0,0,0.243
2024-01-13 18:00:00,90.1053,53.338,0.6757,0,1,0.5735
2024-01-13 19:00:00,132.4465,72.1448,0.1733,1,1,0.6933
2024-01-13 20:00:00,110.5334,22.7879,2.8231,0,0,0.2228
2024-01-13 21:00:00,72.7251,75.8164,5.8567,1,1,0.855
2024-01-13 22:00:00,110.3243,98.5221,22.9927,1,1,0.983
2024-01-13 23:00:00,95.6281,98.5302,0.71,0,1,1.0358
2024-01-14 00:00:00,101.8931,80.0983,10.0825,1,1,0.731
2024-01-14 01:00:00,109.0103,51.8443,12.5433,0,1,0.4896
2024-01-14 02:00:00,107.8646,17.0411,11.7306,0,0,0.0744
2024-01-14 03:00:00,70.6604,90.0924,2.1876,1,1,0.9892
2024-01-14 04:00:00,84.1552,17.9602,2.5735,0,0,0.2531
2024-01-14 05:00:00,113.7363,52.5206,4.0703,1,1,0.5635
2024-01-14 06:00:00,121.8398,76.7517,6.2237,1,1,0.7611
2024-01-14 07:00:00,131.0684,96.437,0.6337,1,1,0.766
2024-01-14 08:00:00,129.5445,17.0274,11.3859,0,0,0.239
2024-01-14 09:00:00,70.4331,67.0319,11.4313,1,1,0.681
2024-01-14 10:00:00,113.722,81.8288,4.476,1,1,0.8978
2024-01-14 11:00:00,72.5747,38.125,4.7938,1,0,0.2955
2024-01-14 12:00:00,126.6708,14.7497,25.693,0,0,-0.0287
2024-01-14 13:00:00,105.8326,40.9192,0.2315,1,0,0.3846
2024-01-14 14:00:00,84.4664,80.0674,6.7114,1,1,0.8067
2024-01-14 15:00:00,132.7678,52.1982,2.1922,1,1,0.405
2024-01-14 16:00:00,111.8388,56.1397,2.9792,0,1,0.636
2024-01-14 17:00:00,72.9846,52.2309,2.6286,0,1,0.4183
2024-01-14 18:00:00,106.4789,76.0433,2.9869,1,1,0.8728
2024-01-14 19:00:00,90.7769,47.8914,9.0031,0,0,0.4586
2024-01-14 20:00:00,103.6984,96.4523,1.7075,1,1,0.7467
2024-01-14 21:00:00,94.8652,81.8401,3.2419,1,1,0.8992
2024-01-14 22:00:00,123.0652,36.0288,0.7228,0,0,0.4487
2024-01-14 23:00:00,80.1839,13.1794,1.0133,0,0,0.2691
2024-01-15 00:00:00,106.8837,93.0578,7.2612,1,1,1.0143
2024-01-15 01:00:00,129.8462,77.4483,12.4051,1,1,0.8112
2024-01-15 02:00:00,89.3441,75.4275,13.7931,0,1,0.7395
2024-01-15 03:00:00,105.2651,60.7336,0.4375,0,1,0.662
2024-01-15 04:00:00,105.1387,15.5276,11.2976,0,0,0.0991
2024-01-15 05:00:00,91.4653,52.5844,4.5015,0,1,0.5015
2024-01-15 06:00:00,111.992,25.2171,2.3092,0,0,0.2009
2024-01-15 07:00:00,103.547,14.6458,5.2406,0,0,0.2116
2024-01-15 08:00:00,87.5828,99.1328,2.3851,1,1,0.9594
2024-01-15 09:00:00,129.1081,82.8006,2.8865,1,1,0.6373
2024-01-15 10:00:00,114.2241,66.1885,3.5532,1,1,0.6887
2024-01-15 11:00:00,99.5174,35.8134,4.4346,0,0,0.289
2024-01-15 12:00:00,92.3163,17.4259,14.4811,0,0,0.1118
2024-01-15 13:00:00,90.0548,55.5036,0.5096,0,1,0.5372
2024-01-15 14:00:00,120.9949,86.6301,1.7645,1,1,0.8964
2024-01-15 15:00:00,99.8574,35.0064,2.086,0,0,0.3745
2024-01-15 16:00:00,109.1653,21.9285,4.1521,0,0,0.0984
2024-01-15 17:00:00,99.286,35.2875,11.3798,1,0,0.4594
2024-01-15 18:00:00,111.5884,87.2073,4.3355,1,1,0.7741
2024-01-15 19:00:00,100.3491,11.2783,9.2916,0,0,0.1067
2024-01-15 20:00:00,113.8657,20.0394,2.7816,0,0,0.2489
2024-01-15 21:00:00,99.3284,25.7152,1.9489,0,0,0.0055
2024-01-15 22:00:00,114.8888,63.2593,1.9179,1,1,0.5204
2024-01-15 23:00:00,112.4811,23.6022,0.9826,0,0,0.3047
2024-01-16 00:00:00,100.3689,50.1988,0.7727,0,1,0.6111
2024-01-16 01:00:00,88.959,82.7057,8.4097,1,1,0.8293
2024-01-16 02:00:00,87.7299,33.5127,6.6331,1,0,0.2436
2024-01-16 03:00:00,90.7981,73.0697,22.6435,0,1,0.7392
2024-01-16 04:00:00,87.0583,53.6427,1.1829,0,1,0.559
2024-01-16 05:00:00,115.493,81.9435,3.6608,1,1,0.6258
2024-01-16 06:00:00,101.4799,87.5813,4.28,1,1,0.841
2024-01-16 07:00:00,126.3297,40.8563,4.7788,0,0,0.353
2024-01-16 08:00:00,137.2367,17.5961,0.5238,0,0,0.3324
2024-01-16 09:00:00,102.5863,23.0563,1.6759,0,0,0.147
2024-01-16 10:00:00,78.427,94.0548,0.6309,0,1,0.9027
2024-01-16 11:00:00,96.3627,23.8735,1.6,0,0,0.293
2024-01-16 12:00:00,101.0737,54.6353,2.8894,0,1,0.5272
2024-01-16 13:00:00,79.3562,99.4227,10.8293,1,1,1.049
2024-01-16 14:00:00,98.3929,79.3331,1.7018,1,1,0.6663
2024-01-16 15:00:00,106.6618,31.4153,12.4865,0,0,0.185
2024-01-16 16:00:00,95.1918,49.6167,22.4617,1,0,0.3802
2024-01-16 17:00:00,90.4459,67.3817,7.0013,1,1,0.6148
2024-01-16 18:00:00,90.5998,28.9771,12.9192,0,0,0.1103
2024-01-16 19:00:00,129.7514,76.0925,5.4896,1,1,0.9028
2024-01-16 20:00:00,99.8246,41.0568,0.7599,0,0,0.3397
2024-01-16 21:00:00,89.5208,67.8035,1.1587,0,1,0.7276
2024-01-16 22:00:00,96.5561,77.9936,9.1252,0,1,0.7395
2024-01-16 23:00:00,116.9787,20.4395,7.0297,1,0,0.2322
2024-01-17 00:00:00,91.7708,25.084,0.1387,0,0,0.2681
2024-01-17 01:00:00,109.7232,45.887,11.6416,1,0,0.3688
2024-01-17 02:00:00,113.5152,37.123,16.0765,0,0,0.4807
2024-01-17 03:00:00,113.8487,77.1535,3.8808,1,1,0.5779
2024-01-17 04:00:00,123.8665,77.7185,8.0221,0,1,0.7576
2024-01-17 05:00:00,93.8626,57.9269,0.0334,1,1,0.6481
2024-01-17 06:00:00,119.7728,44.1821,8.934,0,0,0.6014
2024-01-17 07:00:00,90.1432,73.5047,0.1306,1,1,0.8415
2024-01-17 08:00:00,96.2485,52.7131,1.1354,0,1,0.5221
2024-01-17 09:00:00,120.7694,23.0635,14.2199,0,0,0.1909
2024-01-17 10:00:00,115.0236,88.325,4.2334,1,1,0.8763
2024-01-17 11:00:00,102.4023,11.0677,6.5855,0,0,0.1641
2024-01-17 12:00:00,84.033,93.45,3.6792,0,1,0.8944
2024-01-17 13:00:00,111.0299,50.3939,8.8904,1,1,0.4631
2024-01-17 14:00:00,92.6815,71.0644,1.7474,1,1,0.7597
2024-01-17 15:00:00,88.1671,96.5586,0.5805,1,1,1.0057
2024-01-17 16:00:00,92.4187,71.4589,6.1264,1,1,0.7874
2024-01-17 17:00:00,106.2023,13.6916,9.3134,0,0,0.2724
2024-01-17 18:00:00,69.7439,92.5941,2.9386,1,1,0.9496
2024-01-17 19:00:00,107.9748,67.3682,2.8305,0,1,0.7673
2024-01-17 20:00:00,105.1029,96.0565,1.5262,0,1,0.8676
2024-01-17 21:00:00,93.4254,48.8607,9.994,0,0,0.4954
2024-01-17 22:00:00,118.4109,92.6238,24.8647,1,1,0.8116
2024-01-17 23:00:00,111.8625,87.252,6.577,1,1,0.812
2024-01-18 00:00:00,93.1064,40.1471,0.6191,0,0,0.4102
2024-01-18 01:00:00,92.1297,34.0379,2.1826,0,0,0.3116
2024-01-18 02:00:00,113.1723,18.8449,0.4118,0,0,0.4001
2024-01-18 03:00:00,79.1018,68.8909,7.8829,1,1,0.6696
2024-01-18 04:00:00,97.3456,45.2038,6.498,1,0,0.5118
2024-01-18 05:00:00,92.7517,79.5836,1.9809,1,1,0.905
2024-01-18 06:00:00,103.5611,77.4182,3.5368,1,1,0.8958
2024-01-18 07:00:00,105.7445,76.0882,1.6156,1,1,0.81
2024-01-18 08:00:00,103.0631,62.9852,4.9797,1,1,0.4732
2024-01-18 09:00:00,119.998,27.5433,3.5959,0,0,0.3785
2024-01-18 10:00:00,106.0243,40.3666,7.5039,0,0,0.3799
2024-01-18 11:00:00,97.6571,72.125,6.1347,1,1,0.5629
2024-01-18 12:00:00,83.8486,26.1925,1.8903,0,0,0.4897
2024-01-18 13:00:00,113.6576,59.2851,12.9334,1,1,0.7062
2024-01-18 14:00:00,110.6771,70.5522,2.8403,1,1,0.8048
2024-01-18 15:00:00,124.9138,84.8521,13.4684,1,1,0.7786
2024-01-18 16:00:00,91.0153,11.0765,7.9042,0,0,0.1491
2024-01-18 17:00:00,102.9575,18.7929,1.9102,0,0,0.2933
2024-01-18 18:00:00,101.6506,19.3517,9.2078,0,0,0.191
2024-01-18 19:00:00,101.2104,50.1348,5.4107,1,1,0.4963
2024-01-18 20:00:00,102.7283,29.7475,10.5012,0,0,0.2018
2024-01-18 21:00:00,76.1204,35.4967,0.1814,1,0,0.2946
2024-01-18 22:00:00,115.3095,27.3772,5.0324,0,0,0.2808
2024-01-18 23:00:00,112.6656,12.133,0.04,0,0,0.2014
2024-01-19 00:00:00,120.0375,18.2747,0.736,0,0,0.3278
2024-01-19 01:00:00,137.3157,94.4655,2.3597,1,1,1.0027
2024-01-19 02:00:00,97.6811,69.0945,14.3378,1,1,0.6153
2024-01-19 03:00:00,102.0521,85.1913,5.5943,1,1,0.6872
2024-01-19 04:00:00,102.767,95.544,1.5414,1,1,0.8755
2024-01-19 05:00:00,132.6035,67.4275,0.821,1,1,0.6449
2024-01-19 06:00:00,75.9014,73.7268,8.4065,0,1,0.8108
2024-01-19 07:00:00,110.1338,20.7979,6.613,0,0,0.1392
2024-01-19 08:00:00,79.9304,87.0797,1.6606,1,1,0.8512
2024-01-19 09:00:00,62.784,21.6917,1.1068,0,0,0.2038
2024-01-19 10:00:00,71.4463,69.0755,10.4319,1,1,0.8497
2024-01-19 11:00:00,81.3193,90.9907,15.0626,1,1,0.8323
2024-01-19 12:00:00,119.174,60.9462,9.73,1,1,0.6244
2024-01-19 13:00:00,89.2582,97.0449,6.9204,1,1,0.9564
2024-01-19 14:00:00,99.1627,90.6401,0.016,1,1,0.8342
2024-01-19 15:00:00,84.7092,72.6088,0.3482,0,1,0.7774
2024-01-19 16:00:00,112.126,32.8002,4.0793,1,0,0.3114
2024-01-19 17:00:00,85.6698,52.026,1.1694,0,1,0.5688
2024-01-19 18:00:00,123.0577,94.2564,0.9808,1,1,0.7764
2024-01-19 19:00:00,87.3615,67.4902,2.7078,1,1,0.8801
2024-01-19 20:00:00,90.8939,93.0426,1.5263,1,1,0.8437
2024-01-19 21:00:00,104.6147,34.8745,2.3925,0,0,0.5355
2024-01-19 22:00:00,103.1059,48.4285,4.3841,0,0,0.501
2024-01-19 23:00:00,124.7486,91.3052,5.0766,1,1,0.9467
2024-01-20 00:00:00,104.597,79.2892,3.3105,1,1,0.6038
2024-01-20 01:00:00,84.0725,39.1064,5.3493,0,0,0.407
2024-01-20 02:00:00,94.0863,24.5769,0.9926,0,0,0.1065
2024-01-20 03:00:00,93.8993,16.6597,1.7841,0,0,0.1422
2024-01-20 04:00:00,113.9692,79.9395,1.3191,1,1,0.6207
2024-01-20 05:00:00,108.6998,44.4519,1.7274,0,0,0.5387
2024-01-20 06:00:00,100.926,39.9389,3.3185,0,0,0.5707
2024-01-20 07:00:00,116.2247,15.4053,7.9665,1,0,0.1897
2024-01-20 08:00:00,94.6113,96.0045,2.4896,1,1,0.9285
2024-01-20 09:00:00,100.6831,33.8198,2.209,1,0,0.3816
2024-01-20 10:00:00,105.5916,49.6517,3.2789,1,0,0.4589
2024-01-20 11:00:00,126.4384,54.255,0.5076,1,1,0.6879
2024-01-20 12:00:00,101.2839,93.5728,0.596,1,1,0.9757
2024-01-20 13:00:00,97.3875,64.9272,10.6388,0,1,0.7009
2024-01-20 14:00:00,86.6409,26.0598,7.0317,0,0,0.1978
2024-01-20 15:00:00,113.4399,54.2852,1.6933,0,1,0.5698
2024-01-20 16:00:00,93.74,22.9485,17.4276,0,0,0.1626
2024-01-20 17:00:00,108.1558,79.1837,1.9682,1,1,0.8919
2024-01-20 18:00:00,73.4185,29.6548,5.4297,1,0,0.1579
2024-01-20 19:00:00,118.9933,67.9004,0.6155,1,1,0.7021
2024-01-20 20:00:00,82.2429,92.1348,3.125,1,1,1.0817
2024-01-20 21:00:00,90.8311,74.386,1.9203,0,1,0.7696
2024-01-20 22:00:00,119.2527,19.2958,0.6026,0,0,0.0391
2024-01-20 23:00:00,82.2177,16.5628,5.9696,1,0,0.163
2024-01-21 00:00:00,101.65,61.421,6.1008,1,1,0.6707
2024-01-21 01:00:00,104.0356,32.5537,7.4291,0,0,0.373
2024-01-21 02:00:00,87.4323,50.1294,3.3057,0,1,0.5864
2024-01-21 03:00:00,123.6906,90.6861,8.1666,1,1,1.073
2024-01-21 04:00:00,126.1111,23.3969,3.3586,0,0,0.1929
2024-01-21 05:00:00,72.3795,67.6302,2.6552,1,1,0.7756
2024-01-21 06:00:00,80.4769,93.9604,1.3385,1,1,0.8392
2024-01-21 07:00:00,115.4391,69.8145,1.719,1,1,0.8899
2024-01-21 08:00:00,82.7468,33.9793,3.5412,0,0,0.4132
2024-01-21 09:00:00,96.9144,73.005,11.0278,1,1,0.8145
2024-01-21 10:00:00,104.9468,91.4156,7.6353,1,1,0.9058
2024-01-21 11:00:00,113.6634,61.7176,0.3137,0,1,0.7327
2024-01-21 12:00:00,99.4934,56.3845,7.3876,0,1,0.6135
2024-01-21 13:00:00,104.4333,94.592,1.5164,1,1,0.7279
2024-01-21 14:00:00,90.9293,54.1612,1.9108,1,1,0.4526
2024-01-21 15:00:00,122.9951,49.2452,2.4828,0,0,0.49
2024-01-21 16:00:00,95.3006,85.9644,2.9165,0,1,0.8534
2024-01-21 17:00:00,108.2468,80.2843,2.5431,1,1,0.9496
2024-01-21 18:00:00,95.0586,80.6844,12.1731,1,1,0.8828
2024-01-21 19:00:00,104.6419,58.6116,1.562,0,1,0.605
2024-01-21 20:00:00,100.3935,10.2977,6.5132,0,0,0.2418
2024-01-21 21:00:00,100.4876,95.874,2.0764,1,1,0.786
2024-01-21 22:00:00,87.2964,83.6179,8.5332,1,1,0.7942
2024-01-21 23:00:00,115.3648,53.386,1.8445,0,1,0.5944
2024-01-22 00:00:00,124.9473,61.0519,2.6366,0,1,0.6644
2024-01-22 01:00:00,106.8,94.1538,4.2491,0,1,0.8555
2024-01-22 02:00:00,114.3916,42.3026,0.9108,0,0,0.3779
2024-01-22 03:00:00,116.0379,71.3652,1.1546,1,1,0.7337
2024-01-22 04:00:00,117.4392,46.0553,4.908,1,0,0.4275
2024-01-22 05:00:00,107.7588,66.9045,14.7708,1,1,0.6425
2024-01-22 06:00:00,106.3521,96.2941,4.7506,1,1,0.7482
2024-01-22 07:00:00,116.4676,18.16,2.0,0,0,0.1531
2024-01-22 08:00:00,104.1397,58.1164,4.6439,1,1,0.5853
2024-01-22 09:00:00,87.9696,96.4833,0.1006,1,1,1.0556
2024-01-22 10:00:00,103.454,17.2411,6.4048,0,0,0.1707
2024-01-22 11:00:00,73.7912,51.3675,8.1079,1,1,0.516
2024-01-22 12:00:00,103.0045,78.9857,0.4729,1,1,0.7474
2024-01-22 13:00:00,109.5163,68.3013,6.0993,1,1,0.814
2024-01-22 14:00:00,122.2879,25.8956,12.1651,0,0,0.1221
2024-01-22 15:00:00,105.4617,13.5398,7.2802,1,0,0.3168
2024-01-22 16:00:00,117.5247,44.5747,4.0248,0,0,0.1944
2024-01-22 17:00:00,103.1177,27.1903,5.3201,0,0,0.2697
2024-01-22 18:00:00,87.2456,72.6294,3.6558,0,1,0.8017
2024-01-22 19:00:00,81.2292,90.6815,2.2479,1,1,0.9729
2024-01-22 20:00:00,88.0898,66.7555,1.106,0,1,0.6823
2024-01-22 21:00:00,81.9406,42.3335,0.8539,1,0,0.492
2024-01-22 22:00:00,112.9949,17.6376,3.8361,1,0,0.1503
2024-01-22 23:00:00,99.9384,66.9512,9.8207,1,1,0.6904
2024-01-23 00:00:00,112.0238,76.1792,1.3025,1,1,0.8266
2024-01-23 01:00:00,104.3143,22.5949,8.0794,0,0,0.0766
2024-01-23 02:00:00,119.3941,27.3783,12.0762,0,0,0.2668
2024-01-23 03:00:00,119.6519,74.7765,2.0136,1,1,0.8967
2024-01-23 04:00:00,93.1686,63.3651,1.2143,1,1,0.6533
2024-01-23 05:00:00,98.9371,54.0309,6.6088,1,1,0.6555
2024-01-23 06:00:00,94.927,15.6693,14.0682,0,0,0.0871
2024-01-23 07:00:00,78.0229,58.6497,0.1837,0,1,0.7887
2024-01-23 08:00:00,113.7062,37.6958,0.1012,0,0,0.2429
2024-01-23 09:00:00,121.6923,58.0546,14.0967,1,1,0.4767
2024-01-23 10:00:00,103.1281,85.0825,0.5408,1,1,0.8226
2024-01-23 11:00:00,95.5703,50.4377,2.537,0,1,0.6116
2024-01-23 12:00:00,120.1927,99.625,3.317,1,1,1.0398
2024-01-23 13:00:00,66.8029,13.3338,0.8536,0,0,0.1048
2024-01-23 14:00:00,106.0103,15.0449,1.7939,0,0,0.1305
2024-01-23 15:00:00,105.4851,80.9001,1.3069,0,1,0.9333
2024-01-23 16:00:00,94.3906,13.8533,7.4011,0,0,0.0639
2024-01-23 17:00:00,124.902,20.6368,1.4205,0,0,0.2461
2024-01-23 18:00:00,118.3671,82.6393,1.5904,1,1,0.7307
2024-01-23 19:00:00,99.2218,70.0585,0.6599,1,1,0.7029
2024-01-23 20:00:00,101.9401,51.2533,7.6636,0,1,0.4017
2024-01-23 21:00:00,97.2606,71.027,5.3251,1,1,0.5804
2024-01-23 22:00:00,95.3365,88.683,0.7032,1,1,0.9293
2024-01-23 23:00:00,82.9622,23.4058,6.7455,1,0,0.156
2024-01-24 00:00:00,124.773,62.1411,1.5735,1,1,0.551
2024-01-24 01:00:00,119.3065,93.2334,0.4437,1,1,0.9544
2024-01-24 02:00:00,115.7387,13.319,0.3838,0,0,0.0953
2024-01-24 03:00:00,86.3076,22.7431,6.4027,1,0,0.1143
2024-01-24 04:00:00,135.7056,68.8448,7.1855,1,1,0.7324
2024-01-24 05:00:00,134.1474,52.4098,2.684,1,1,0.6564
2024-01-24 06:00:00,106.2738,92.6217,0.0743,0,1,0.9878
2024-01-24 07:00:00,89.2852,14.1222,8.8672,0,0,-0.0983
2024-01-24 08:00:00,89.8783,73.1167,4.6427,0,1,0.8944
2024-01-24 09:00:00,109.879,21.7484,0.8235,1,0,0.2559
2024-01-24 10:00:00,89.1637,25.5024,6.6566,0,0,0.2586
2024-01-24 11:00:00,102.8456,14.4962,7.866,0,0,0.1161
2024-01-24 12:00:00,120.3277,37.6604,1.0801,0,0,0.2663
2024-01-24 13:00:00,79.9363,81.4327,4.6531,1,1,0.9146
2024-01-24 14:00:00,134.6172,51.0566,1.8712,1,1,0.493
2024-01-24 15:00:00,127.7909,25.362,1.9558,1,0,0.2093
2024-01-24 16:00:00,84.149,63.1938,3.5908,1,1,0.7613
2024-01-24 17:00:00,81.405,83.602,0.1186,1,1,0.8832
2024-01-24 18:00:00,99.0071,19.5698,1.6014,1,0,0.233
2024-01-24 19:00:00,87.3701,54.7429,1.1324,1,1,0.5314
2024-01-24 20:00:00,99.3253,81.9258,1.5345,1,1,0.8397
2024-01-24 21:00:00,63.2412,29.8515,5.3363,0,0,0.255
2024-01-24 22:00:00,99.8822,82.4008,3.1876,1,1,0.7451
2024-01-24 23:00:00,131.5295,48.359,1.7212,1,0,0.4699
2024-01-25 00:00:00,86.0639,83.0369,0.4884,1,1,0.7922
2024-01-25 01:00:00,99.2084,98.3973,17.039,1,1,0.7813
2024-01-25 02:00:00,80.2629,71.0558,4.1162,1,1,0.7929
2024-01-25 03:00:00,113.4171,39.1811,3.3019,0,0,0.2839
2024-01-25 04:00:00,99.9695,97.8268,11.9117,1,1,0.8979
2024-01-25 05:00:00,133.7246,61.837,3.8093,1,1,0.7149
2024-01-25 06:00:00,106.715,22.3596,1.4026,1,0,0.0247
2024-01-25 07:00:00,97.6983,85.2784,0.0868,1,1,0.9625
2024-01-25 08:00:00,112.0794,81.3792,3.4362,1,1,1.0373
2024-01-25 09:00:00,95.6204,78.7805,2.5014,1,1,0.8528
2024-01-25 10:00:00,82.6415,63.3777,2.332,1,1,0.6717
2024-01-25 11:00:00,108.2285,40.1953,3.9547,0,0,0.4546
2024-01-25 12:00:00,100.8021,20.8671,0.5732,0,0,0.1778
2024-01-25 13:00:00,106.1267,22.7113,1.2684,0,0,0.3081
2024-01-25 14:00:00,109.3934,47.3639,18.4827,1,0,0.3983
2024-01-25 15:00:00,95.5896,72.6666,2.5321,1,1,0.7525
2024-01-25 16:00:00,110.1252,59.8067,1.3206,1,1,0.5058
2024-01-25 17:00:00,130.6539,49.4795,2.3088,0,0,0.5807
2024-01-25 18:00:00,86.289,93.3108,4.1409,1,1,0.8864
2024-01-25 19:00:00,130.6652,13.6629,5.1476,0,0,0.1215
2024-01-25 20:00:00,99.7892,18.9971,2.0206,0,0,0.0468
2024-01-25 21:00:00,91.6249,86.263,8.2953,0,1,0.9474
2024-01-25 22:00:00,141.4478,65.1197,18.6106,1,1,0.719
2024-01-25 23:00:00,106.0122,79.9895,0.5013,1,1,0.7847
2024-01-26 00:00:00,124.9783,11.4067,0.9272,0,0,0.1848
2024-01-26 01:00:00,116.3613,53.8271,10.006,0,1,0.5217
2024-01-26 02:00:00,77.3914,10.5715,3.3649,0,0,0.164
2024-01-26 03:00:00,105.5031,26.1472,1.4382,0,0,0.3267
2024-01-26 04:00:00,95.4269,18.0227,0.7619,0,0,0.3059
2024-01-26 05:00:00,82.6913,68.658,4.7919,1,1,0.546
2024-01-26 06:00:00,75.9867,89.8224,3.2077,1,1,0.7716
2024-01-26 07:00:00,105.2384,47.46,6.4193,1,0,0.3334
2024-01-26 08:00:00,112.8607,82.6671,4.1809,1,1,0.7073
2024-01-26 09:00:00,109.7519,79.5306,1.3226,1,1,0.701
2024-01-26 10:00:00,98.886,72.3122,7.2924,1,1,0.6153
2024-01-26 11:00:00,91.2004,28.5544,1.4519,1,0,0.2977
2024-01-26 12:00:00,88.2651,67.5843,1.8659,1,1,0.643
2024-01-26 13:00:00,95.0103,57.0778,2.0615,1,1,0.6171
2024-01-26 14:00:00,87.5539,47.0828,0.8162,0,0,0.473
2024-01-26 15:00:00,100.5159,94.4281,1.9389,1,1,0.7523
2024-01-26 16:00:00,103.3386,64.9484,4.1656,0,1,0.6897
2024-01-26 17:00:00,89.7094,13.3859,2.6089,0,0,0.1093
2024-01-26 18:00:00,100.0838,26.2,0.0279,0,0,0.1666
2024-01-26 19:00:00,91.8386,54.9899,5.8623,0,1,0.5744
2024-01-26 20:00:00,103.6501,95.5268,7.0333,0,1,0.8336
2024-01-26 21:00:00,111.6472,66.4472,7.9163,0,1,0.7383
2024-01-26 22:00:00,106.5147,80.4325,3.9438,0,1,0.8805
2024-01-26 23:00:00,111.1144,41.3068,1.8772,1,0,0.2506
2024-01-27 00:00:00,77.9329,10.4113,5.2779,0,0,0.0515
2024-01-27 01:00:00,97.8329,31.2075,1.9418,0,0,0.0921
2024-01-27 02:00:00,108.0803,20.5757,6.1699,0,0,0.0722
2024-01-27 03:00:00,113.7814,57.7179,3.6122,0,1,0.5926
2024-01-27 04:00:00,78.7944,18.6115,9.7827,0,0,0.0393
2024-01-27 05:00:00,106.2618,42.5711,24.6375,0,0,0.5051
2024-01-27 06:00:00,122.6364,78.5015,0.4247,0,1,0.6787
2024-01-27 07:00:00,100.9941,58.5751,0.5549,0,1,0.9005
2024-01-27 08:00:00,102.3107,29.7349,6.0075,0,0,0.2571
2024-01-27 09:00:00,110.84,79.3298,2.3555,1,1,0.8314
2024-01-27 10:00:00,107.6674,69.3394,7.0711,1,1,0.684
2024-01-27 11:00:00,114.358,34.8784,0.8842,0,0,0.2449
2024-01-27 12:00:00,104.9483,27.4347,6.8946,1,0,0.3659
2024-01-27 13:00:00,106.2066,81.6952,0.9088,1,1,0.9731
2024-01-27 14:00:00,91.5921,71.6719,2.8777,1,1,0.7353
2024-01-27 15:00:00,101.1685,97.1716,17.8628,1,1,0.8809
2024-01-27 16:00:00,123.4388,52.6972,0.1992,0,1,0.4569
2024-01-27 17:00:00,100.6526,25.8691,2.7598,0,0,0.1275
2024-01-27 18:00:00,101.2153,70.3128,0.936,1,1,0.7501
2024-01-27 19:00:00,96.1694,13.8804,8.1267,0,0,-0.0283
2024-01-27 20:00:00,116.1787,68.0375,3.3393,0,1,0.614
2024-01-27 21:00:00,90.4985,35.6558,6.9114,1,0,0.2997
2024-01-27 22:00:00,118.1217,49.1204,3.9603,0,0,0.4849
2024-01-27 23:00:00,89.2212,40.0865,2.5492,1,0,0.3543
2024-01-28 00:00:00,87.3358,82.4638,1.7602,1,1,0.7855
2024-01-28 01:00:00,107.1167,78.2567,2.8589,1,1,0.845
2024-01-28 02:00:00,105.9373,13.8986,1.7423,0,0,0.1765
2024-01-28 03:00:00,108.5631,76.6375,12.7533,1,1,0.8054
2024-01-28 04:00:00,120.5428,93.2375,5.6456,1,1,0.9075
2024-01-28 05:00:00,97.4612,25.8299,3.6957,1,0,0.0991
2024-01-28 06:00:00,110.8586,80.6943,4.7739,1,1,1.0296
2024-01-28 07:00:00,89.6868,53.6555,2.3231,1,1,0.4954
2024-01-28 08:00:00,123.6496,20.4459,5.2523,0,0,0.2507
2024-01-28 09:00:00,113.8444,90.5571,0.7629,1,1,0.8898
2024-01-28 10:00:00,112.3488,74.9263,3.7038,1,1,0.8249
2024-01-28 11:00:00,106.896,63.3436,1.1437,1,1,0.538
2024-01-28 12:00:00,91.6575,39.3375,4.7596,0,0,0.3823
2024-01-28 13:00:00,98.839,27.8876,6.2671,0,0,0.1301
2024-01-28 14:00:00,111.8309,70.9167,3.6634,1,1,0.6283
2024-01-28 15:00:00,103.6775,39.3116,1.4467,0,0,0.2701
2024-01-28 16:00:00,105.9223,80.1078,3.1077,1,1,0.7051
2024-01-28 17:00:00,82.6884,39.3519,13.7602,0,0,0.3195
2024-01-28 18:00:00,106.833,18.8258,13.0919,0,0,0.201
2024-01-28 19:00:00,93.1616,76.3973,6.3672,0,1,0.8318
2024-01-28 20:00:00,87.0343,88.2898,9.5661,1,1,0.9599
2024-01-28 21:00:00,101.5902,43.7979,0.7271,1,0,0.5513
2024-01-28 22:00:00,74.9286,29.8596,3.7157,1,0,0.4349
2024-01-28 23:00:00,114.9733,52.3891,8.8424,1,1,0.4933
2024-01-29 00:00:00,117.3847,53.5967,0.0493,1,1,0.5552
2024-01-29 01:00:00,103.2005,90.144,2.6919,1,1,0.8094
2024-01-29 02:00:00,88.4675,23.0447,0.8146,0,0,0.3441
2024-01-29 03:00:00,89.2313,93.5098,0.347,1,1,0.986
2024-01-29 04:00:00,101.687,50.9492,18.8561,0,1,0.6209
2024-01-29 05:00:00,66.0651,44.8597,1.8687,0,0,0.378
2024-01-29 06:00:00,106.8975,22.2764,1.0393,1,0,0.2377
2024-01-29 07:00:00,114.4916,74.7839,5.9216,1,1,0.6983
2024-01-29 08:00:00,99.1895,66.8819,3.858,0,1,0.6914
2024-01-29 09:00:00,96.3333,97.8,2.0101,1,1,1.0177
2024-01-29 10:00:00,106.9456,28.199,0.3153,0,0,0.2452
2024-01-29 11:00:00,109.5972,21.4491,3.1621,0,0,0.2174
2024-01-29 12:00:00,121.2647,72.2989,0.8507,0,1,0.7263
2024-01-29 13:00:00,104.3986,15.3687,2.1574,0,0,0.0193
2024-01-29 14:00:00,93.2965,22.2851,4.0953,1,0,0.143
2024-01-29 15:00:00,96.8861,86.6486,1.2811,1,1,0.7256
2024-01-29 16:00:00,106.9824,51.2721,4.9554,0,1,0.558
2024-01-29 17:00:00,128.5492,25.4081,13.1471,1,0,0.2189
2024-01-29 18:00:00,99.1149,40.9218,1.605,0,0,0.4216
2024-01-29 19:00:00,87.6308,89.7768,8.595,1,1,0.6304
2024-01-29 20:00:00,90.4983,64.3272,10.1283,0,1,0.574
2024-01-29 21:00:00,71.2602,81.0592,4.391,0,1,1.1111
2024-01-29 22:00:00,109.3398,67.4199,1.8246,1,1,0.6891
2024-01-29 23:00:00,82.804,65.0375,4.8975,1,1,0.6678
2024-01-30 00:00:00,84.8148,25.2942,2.5814,0,0,0.1905
2024-01-30 01:00:00,73.1645,97.3122,1.4702,1,1,1.0834
2024-01-30 02:00:00,86.6378,86.9504,3.8937,1,1,0.7838
2024-01-30 03:00:00,113.1175,17.7827,5.3848,0,0,0.0998
2024-01-30 04:00:00,83.6117,87.1276,0.4032,0,1,0.9613
2024-01-30 05:00:00,76.7349,54.0292,0.8269,0,1,0.5666
2024-01-30 06:00:00,107.0111,99.6098,6.5589,1,1,0.982
2024-01-30 07:00:00,98.8606,63.2423,1.6424,1,1,0.7849
2024-01-30 08:00:00,111.0111,85.329,1.5254,1,1,0.8995
2024-01-30 09:00:00,115.8605,35.1254,0.5397,0,0,0.2247
2024-01-30 10:00:00,104.1025,75.7016,7.9699,1,1,0.8606
2024-01-30 11:00:00,83.8581,76.2561,4.4254,1,1,0.7889
2024-01-30 12:00:00,102.3034,32.1989,7.2633,0,0,0.2446
2024-01-30 13:00:00,112.1126,39.4566,2.0036,0,0,0.334
2024-01-30 14:00:00,95.1012,62.152,7.3916,1,1,0.7201
2024-01-30 15:00:00,81.682,90.264,4.4845,1,1,0.8819
2024-01-30 16:00:00,121.5962,63.2594,1.6234,1,1,0.8004
2024-01-30 17:00:00,97.7532,23.4073,8.2331,0,0,0.1231
2024-01-30 18:00:00,97.8534,61.6331,10.2528,1,1,0.6108
2024-01-30 19:00:00,104.5408,10.457,5.5206,0,0,0.2946
2024-01-30 20:00:00,120.4909,98.2166,3.2066,1,1,0.9761
2024-01-30 21:00:00,108.4453,13.6053,0.9202,0,0,-0.0037
2024-01-30 22:00:00,99.0704,52.3587,7.6477,0,1,0.5609
2024-01-30 23:00:00,115.0365,79.1746,22.5891,1,1,0.6608
2024-01-31 00:00:00,138.0712,13.0258,0.4789,0,0,0.1533
2024-01-31 01:00:00,126.1434,57.801,8.1317,1,1,0.5607
2024-01-31 02:00:00,114.9109,53.1342,0.792,0,1,0.5314
2024-01-31 03:00:00,86.6924,81.8216,0.9005,1,1,0.7827
2024-01-31 04:00:00,163.3414,83.9162,10.3818,1,1,0.6499
2024-01-31 05:00:00,85.5011,50.7197,1.9529,0,1,0.5443
2024-01-31 06:00:00,98.509,31.646,11.3146,0,0,0.4271
2024-01-31 07:00:00,93.3548,60.2638,0.268,1,1,0.6305
2024-01-31 08:00:00,129.9558,11.1181,3.5842,1,0,0.2014
2024-01-31 09:00:00,110.984,75.8608,2.8963,0,1,0.7619
2024-01-31 10:00:00,81.9313,95.4941,5.4658,1,1,0.9154
2024-01-31 11:00:00,108.5954,21.9441,1.9807,0,0,0.2458
2024-01-31 12:00:00,112.9959,36.6211,3.4695,0,0,0.4296
2024-01-31 13:00:00,99.3873,68.2876,0.6238,0,1,0.6318
2024-01-31 14:00:00,85.2055,18.1657,4.1066,0,0,0.2796
2024-01-31 15:00:00,93.0016,53.1805,2.3685,1,1,0.4123
2024-01-31 16:00:00,97.5417,37.4353,2.435,1,0,0.3889
2024-01-31 17:00:00,104.7797,73.2974,3.2168,1,1,0.7401
2024-01-31 18:00:00,96.2457,87.213,1.8681,1,1,0.8207
2024-01-31 19:00:00,116.0056,77.2558,3.6906,1,1,0.7343
2024-01-31 20:00:00,89.4878,12.1972,3.7824,0,0,0.1628
2024-01-31 21:00:00,77.1922,50.9357,10.7401,1,1,0.2886
2024-01-31 22:00:00,92.8125,79.4652,9.2319,1,1,0.6962
2024-01-31 23:00:00,125.6936,88.6779,15.5456,1,1,0.6933
2024-02-01 00:00:00,95.4402,46.4824,14.5468,0,0,0.4311
2024-02-01 01:00:00,141.326,81.0873,8.967,1,1,0.7891
2024-02-01 02:00:00,112.2149,43.3378,6.2127,0,0,0.6543
2024-02-01 03:00:00,86.1458,51.7866,9.159,1,1,0.5245
2024-02-01 04:00:00,91.3497,67.0062,4.1104,1,1,0.7083
2024-02-01 05:00:00,108.3269,87.4344,3.3676,1,1,0.8179
2024-02-01 06:00:00,85.9521,16.3629,7.7787,1,0,0.2842
2024-02-01 07:00:00,141.908,90.4091,5.7818,1,1,0.9282
2024-02-01 08:00:00,88.9035,39.9616,4.0812,0,0,0.4556
2024-02-01 09:00:00,115.2449,12.9443,2.8583,0,0,0.2528
2024-02-01 10:00:00,127.5269,48.3312,2.1399,0,0,0.6777
2024-02-01 11:00:00,102.8095,34.281,0.1281,1,0,0.3674
2024-02-01 12:00:00,88.8452,95.1486,2.2761,0,1,0.9398
2024-02-01 13:00:00,100.2393,58.8192,3.1375,1,1,0.7234
2024-02-01 14:00:00,110.2558,81.5031,5.5439,1,1,0.7115
2024-02-01 15:00:00,118.355,80.8923,6.5188,1,1,0.7945
2024-02-01 16:00:00,105.4539,17.2863,1.2026,1,0,0.3674
2024-02-01 17:00:00,82.4971,89.2763,4.1026,1,1,0.725
2024-02-01 18:00:00,105.2391,76.2185,30.8294,1,1,0.8417
2024-02-01 19:00:00,93.9639,14.9331,14.0179,0,0,0.1712
2024-02-01 20:00:00,70.1675,95.079,2.41,1,1,0.9403
2024-02-01 21:00:00,93.593,70.7188,0.9862,1,1,0.7868
2024-02-01 22:00:00,82.012,89.918,6.8843,1,1,0.9995
2024-02-01 23:00:00,113.8549,19.987,0.0536,0,0,0.1402
2024-02-02 00:00:00,135.2636,42.9032,2.9177,1,0,0.3125
2024-02-02 01:00:00,133.9247,65.722,3.7328,1,1,0.5474
2024-02-02 02:00:00,95.5805,42.9014,0.0282,0,0,0.5079
2024-02-02 03:00:00,97.2547,25.7741,1.8582,1,0,0.0627
2024-02-02 04:00:00,115.4955,60.2911,0.4942,1,1,0.5143
2024-02-02 05:00:00,121.3777,16.0305,2.3012,0,0,0.3694
2024-02-02 06:00:00,98.0388,73.8403,1.4635,1,1,0.7566
2024-02-02 07:00:00,102.3999,28.4241,12.7274,1,0,0.2371
2024-02-02 08:00:00,139.4725,98.3126,4.6669,1,1,0.9896
2024-02-02 09:00:00,102.9667,31.4769,0.1705,0,0,0.3788
2024-02-02 10:00:00,97.0106,20.2202,1.6076,0,0,0.1042
2024-02-02 11:00:00,106.5661,53.0644,3.2575,0,1,0.4947
2024-02-02 12:00:00,113.8277,94.5233,0.2246,1,1,0.7711
2024-02-02 13:00:00,88.5635,62.2107,5.9454,0,1,0.5912
2024-02-02 14:00:00,100.7717,96.3193,1.4587,1,1,0.8316
2024-02-02 15:00:00,86.2893,28.8815,4.9078,0,0,0.2747
2024-02-02 16:00:00,100.3119,77.0515,17.7266,1,1,0.9055
2024-02-02 17:00:00,134.3373,30.2894,8.6672,0,0,0.3285
2024-02-02 18:00:00,116.4248,41.7441,9.9456,0,0,0.2797
2024-02-02 19:00:00,103.261,34.0622,13.126,1,0,0.373
2024-02-02 20:00:00,89.996,71.2204,29.4474,1,1,0.8459
2024-02-02 21:00:00,99.8172,34.9431,5.0016,0,0,0.408
2024-02-02 22:00:00,121.3311,15.7032,3.3697,0,0,0.3083
2024-02-02 23:00:00,95.8764,41.0704,3.207,0,0,0.2683
2024-02-03 00:00:00,127.657,53.7604,10.3947,0,1,0.6004
2024-02-03 01:00:00,83.0642,57.4014,6.9432,1,1,0.6911
2024-02-03 02:00:00,100.183,21.0438,8.2365,0,0,0.1766
2024-02-03 03:00:00,132.297,73.8843,0.1947,0,1,0.7786
2024-02-03 04:00:00,73.0602,71.0477,0.1463,0,1,0.7936
2024-02-03 05:00:00,123.5554,57.957,11.2341,1,1,0.6092
2024-02-03 06:00:00,75.5399,36.3038,0.8314,0,0,0.4745
2024-02-03 07:00:00,103.3708,65.8856,6.6627,1,1,0.7035
2024-02-03 08:00:00,102.074,81.9913,10.2364,1,1,0.6952
2024-02-03 09:00:00,117.8307,95.0829,0.7058,1,1,0.9435
2024-02-03 10:00:00,54.9639,82.7916,2.72,1,1,0.9453
2024-02-03 11:00:00,74.5109,94.6788,9.3476,1,1,0.6006
2024-02-03 12:00:00,95.8787,15.9065,0.2884,0,0,0.0223
2024-02-03 13:00:00,105.4131,90.2713,5.0734,1,1,0.9531
2024-02-03 14:00:00,90.7178,51.2087,0.3218,1,1,0.5751
2024-02-03 15:00:00,101.3508,17.2153,0.5128,1,0,0.1079
2024-02-03 16:00:00,86.097,90.8151,3.9272,1,1,0.9206
2024-02-03 17:00:00,98.5103,35.9535,20.4928,0,0,0.508
2024-02-03 18:00:00,91.4726,96.0964,1.0795,1,1,0.8026
2024-02-03 19:00:00,108.7242,19.8428,4.7596,0,0,0.2796
2024-02-03 20:00:00,114.0654,34.8348,0.0841,1,0,0.2624
2024-02-03 21:00:00,127.5369,72.7374,9.0784,0,1,0.6869
2024-02-03 22:00:00,94.5034,54.6696,9.4269,0,1,0.3743
2024-02-03 23:00:00,99.861,88.7494,1.9025,1,1,0.8486
2024-02-04 00:00:00,105.6511,56.8619,6.1775,1,1,0.5741
2024-02-04 01:00:00,100.2373,66.4549,11.8077,0,1,0.6959
2024-02-04 02:00:00,104.0856,36.3852,4.4197,0,0,0.4068
2024-02-04 03:00:00,80.2019,97.2617,14.439,1,1,1.061
2024-02-04 04:00:00,110.8012,58.7291,3.6319,1,1,0.5661
2024-02-04 05:00:00,90.4468,21.8825,14.1127,0,0,0.3383
2024-02-04 06:00:00,89.791,41.203,2.5806,0,0,0.3457
2024-02-04 07:00:00,79.8091,49.9474,9.0921,0,0,0.4289
2024-02-04 08:00:00,123.3157,68.0216,5.5379,1,1,0.6581
2024-02-04 09:00:00,102.7249,36.2365,0.3358,0,0,0.2535
2024-02-04 10:00:00,123.1479,15.6655,8.7162,0,0,0.1361
2024-02-04 11:00:00,109.2717,88.4614,3.481,1,1,0.8831
2024-02-04 12:00:00,78.0072,30.9095,6.5274,0,0,0.4706
2024-02-04 13:00:00,87.8202,95.2704,0.4385,1,1,1.0281
2024-02-04 14:00:00,116.9781,68.0205,2.9295,1,1,0.8179
2024-02-04 15:00:00,92.8645,47.0523,1.6115,1,0,0.4335
2024-02-04 16:00:00,87.7297,40.8513,1.1075,0,0,0.3881
2024-02-04 17:00:00,102.1579,68.1446,3.5207,1,1,0.7759
2024-02-04 18:00:00,102.2019,39.3676,0.9496,1,0,0.4796
2024-02-04 19:00:00,88.9871,63.4022,6.8684,1,1,0.5916
2024-02-04 20:00:00,99.8512,72.7177,9.0965,1,1,0.6046
2024-02-04 21:00:00,97.4441,85.7717,0.0161,1,1,0.9602
2024-02-04 22:00:00,64.0077,50.0731,1.5994,1,1,0.4794
2024-02-04 23:00:00,112.9957,37.3674,2.1592,1,0,0.2744
2024-02-05 00:00:00,92.1878,21.8759,2.0886,0,0,0.0759
2024-02-05 01:00:00,125.7096,81.0413,4.1987,1,1,0.9436
2024-02-05 02:00:00,86.8317,25.4563,5.9584,1,0,0.4505
2024-02-05 03:00:00,80.0324,33.4007,4.1757,0,0,0.3047
2024-02-05 04:00:00,123.8807,53.5819,3.1088,0,1,0.5184
2024-02-05 05:00:00,79.9548,97.3652,0.618,1,1,1.0078
2024-02-05 06:00:00,94.9952,79.2775,0.4746,1,1,0.9263
2024-02-05 07:00:00,114.548,14.2587,6.5383,0,0,0.2696
2024-02-05 08:00:00,99.8638,41.7809,1.0269,0,0,0.3878
2024-02-05 09:00:00,78.8564,51.0334,4.472,1,1,0.4857
2024-02-05 10:00:00,108.0804,24.9727,16.8726,0,0,0.1277
2024-02-05 11:00:00,102.0258,93.1718,7.2776,1,1,1.0189
2024-02-05 12:00:00,125.4637,74.0631,7.7732,1,1,0.664
2024-02-05 13:00:00,114.4498,35.6722,1.2265,0,0,0.3818
2024-02-05 14:00:00,153.2522,97.5885,2.3463,1,1,1.0237
2024-02-05 15:00:00,79.0344,85.5399,0.4238,1,1,0.9142
2024-02-05 16:00:00,104.7923,72.3573,6.4418,1,1,0.6647
2024-02-05 17:00:00,88.2281,69.972,1.4167,1,1,0.7662
2024-02-05 18:00:00,123.46,23.8136,9.0795,0,0,0.3535
2024-02-05 19:00:00,118.1875,31.4115,5.1405,0,0,0.2289
2024-02-05 20:00:00,117.119,13.7036,11.5874,0,0,0.3401
2024-02-05 21:00:00,92.8367,38.4963,1.0603,1,0,0.3231
2024-02-05 22:00:00,93.3524,21.3826,7.0495,0,0,0.2301
2024-02-05 23:00:00,72.9812,33.4366,0.7121,1,0,0.2335
2024-02-06 00:00:00,132.3035,26.6047,0.2741,0,0,0.3225
2024-02-06 01:00:00,113.2529,60.6239,6.1194,0,1,0.5465
2024-02-06 02:00:00,101.0572,13.122,0.9801,0,0,0.1928
2024-02-06 03:00:00,120.0141,38.5249,0.7566,1,0,0.4347
2024-02-06 04:00:00,117.1235,40.9462,1.8956,1,0,0.366
2024-02-06 05:00:00,120.6905,43.5623,1.2807,0,0,0.3129
2024-02-06 06:00:00,79.4545,58.588,1.0428,0,1,0.485
2024-02-06 07:00:00,93.8967,24.6338,10.7523,0,0,0.2208
2024-02-06 08:00:00,108.3341,37.1404,0.9747,0,0,0.3185
2024-02-06 09:00:00,110.8796,92.8391,1.7473,1,1,1.0506
2024-02-06 10:00:00,120.4391,46.4106,5.9793,0,0,0.1386
2024-02-06 11:00:00,89.2379,54.9475,1.5363,1,1,0.7594
2024-02-06 12:00:00,107.2756,23.0845,3.3656,0,0,0.2768
2024-02-06 13:00:00,140.2764,51.2237,4.322,1,1,0.4976
2024-02-06 14:00:00,116.2543,38.8196,2.1451,0,0,0.4624
2024-02-06 15:00:00,119.0977,10.3865,5.1337,0,0,0.1456
2024-02-06 16:00:00,104.9753,76.4645,2.9862,1,1,0.6214
2024-02-06 17:00:00,117.4767,97.8041,4.9852,1,1,0.9553
2024-02-06 18:00:00,133.943,39.8153,8.9109,0,0,0.4759
2024-02-06 19:00:00,106.9918,73.4906,0.1871,1,1,0.7449
2024-02-06 20:00:00,124.7457,52.652,9.0007,1,1,0.4878
2024-02-06 21:00:00,91.4084,36.0844,2.4362,0,0,0.3059
2024-02-06 22:00:00,114.6903,94.9609,3.8604,1,1,0.7917
2024-02-06 23:00:00,119.6873,98.2621,1.1828,1,1,0.8544
2024-02-07 00:00:00,93.3802,61.6355,6.0565,1,1,0.4224
2024-02-07 01:00:00,122.7821,23.2375,2.1303,0,0,0.2291
2024-02-07 02:00:00,94.6103,60.8708,8.3276,0,1,0.7976
2024-02-07 03:00:00,92.5499,91.6193,7.9548,1,1,0.7481
2024-02-07 04:00:00,105.3331,49.7895,1.1625,1,0,0.5187
2024-02-07 05:00:00,136.0631,72.0232,6.0141,1,1,0.7746
2024-02-07 06:00:00,110.2777,75.8476,3.5035,1,1,0.7789
2024-02-07 07:00:00,120.2443,91.0157,8.8556,1,1,1.0222
2024-02-07 08:00:00,93.7433,22.5481,7.9066,1,0,0.1566
2024-02-07 09:00:00,106.614,59.5864,0.4757,0,1,0.6568
2024-02-07 10:00:00,86.6831,37.7274,7.423,1,0,0.2335
2024-02-07 11:00:00,96.314,46.1467,1.4935,1,0,0.526
2024-02-07 12:00:00,118.6867,85.6789,3.1526,1,1,0.9598
2024-02-07 13:00:00,104.7954,50.1375,0.1598,0,1,0.5089
2024-02-07 14:00:00,128.4905,18.3233,0.6125,0,0,0.269
2024-02-07 15:00:00,102.199,14.953,5.3696,0,0,0.1962
2024-02-07 16:00:00,102.276,67.7181,1.0316,1,1,0.8283
2024-02-07 17:00:00,125.7356,62.5088,0.753,1,1,0.5962
2024-02-07 18:00:00,95.1191,29.9929,4.4194,1,0,0.3625
2024-02-07 19:00:00,81.2671,94.2099,2.3283,0,1,1.0905
2024-02-07 20:00:00,126.1487,35.0134,2.3734,0,0,0.1131
2024-02-07 21:00:00,112.0433,12.0294,4.4384,0,0,0.3331
2024-02-07 22:00:00,71.0117,58.4571,0.1722,1,1,0.8084
2024-02-07 23:00:00,106.1745,50.0912,6.0414,1,1,0.3692
2024-02-08 00:00:00,99.0469,70.4402,4.9641,0,1,0.7035
2024-02-08 01:00:00,133.2436,17.8639,10.1754,1,0,0.1187
2024-02-08 02:00:00,93.8828,56.0609,0.0396,1,1,0.6921
2024-02-08 03:00:00,96.2471,27.5005,2.7358,0,0,0.1757
2024-02-08 04:00:00,91.0061,38.5982,2.0377,0,0,0.4814
2024-02-08 05:00:00,88.7246,64.457,5.2189,1,1,0.6353
2024-02-08 06:00:00,94.3575,94.9062,0.528,1,1,0.9403
2024-02-08 07:00:00,82.6555,91.7602,12.2178,1,1,1.0527
2024-02-08 08:00:00,89.1033,42.4958,1.8284,0,0,0.3882
2024-02-08 09:00:00,79.9476,23.3151,3.1447,1,0,0.0092
2024-02-08 10:00:00,81.6923,86.8424,1.03,1,1,0.766
2024-02-08 11:00:00,80.7033,43.2667,0.1099,0,0,0.4874
2024-02-08 12:00:00,97.2451,43.5548,8.2832,0,0,0.393
2024-02-08 13:00:00,94.6623,35.6185,3.0481,0,0,0.2215
2024-02-08 14:00:00,86.0232,41.622,4.2897,0,0,0.4823
2024-02-08 15:00:00,113.1794,97.9771,2.8544,1,1,1.1224
2024-02-08 16:00:00,104.8022,88.6872,2.5486,1,1,0.7963
2024-02-08 17:00:00,98.6931,17.8839,8.9817,0,0,0.2014
2024-02-08 18:00:00,98.1889,75.5068,1.4556,1,1,0.7839
2024-02-08 19:00:00,130.9622,49.9798,2.3358,1,0,0.6218
2024-02-08 20:00:00,109.4127,99.3337,2.0615,1,1,1.1532
2024-02-08 21:00:00,113.1722,82.3317,5.6747,1,1,0.9077
2024-02-08 22:00:00,64.398,35.9771,1.7846,1,0,0.4066
2024-02-08 23:00:00,95.1927,82.5106,17.6621,0,1,0.6369
2024-02-09 00:00:00,71.0188,97.3325,10.4955,1,1,0.9316
2024-02-09 01:00:00,98.8296,48.1449,7.2021,0,0,0.4355
2024-02-09 02:00:00,111.5778,90.6786,11.5564,1,1,0.9221
2024-02-09 03:00:00,94.8864,22.5611,3.5358,0,0,0.3189
2024-02-09 04:00:00,113.9066,62.8462,2.7321,0,1,0.7183
2024-02-09 05:00:00,89.3423,17.747,7.4377,0,0,0.3242
2024-02-09 06:00:00,114.8315,28.7005,15.3936,0,0,0.521
2024-02-09 07:00:00,80.8888,52.7152,2.5604,1,1,0.6896
2024-02-09 08:00:00,101.4916,88.0773,0.1449,1,1,0.8504
2024-02-09 09:00:00,112.3638,98.7975,3.5893,1,1,0.9339
2024-02-09 10:00:00,114.2218,15.9504,12.778,0,0,0.2201
2024-02-09 11:00:00,103.6525,96.4086,10.884,1,1,0.8606
2024-02-09 12:00:00,136.6226,78.0503,16.7958,1,1,1.0669
2024-02-09 13:00:00,99.0844,17.9603,14.3101,0,0,0.253
2024-02-09 14:00:00,98.5066,46.8515,1.1061,1,0,0.3873
2024-02-09 15:00:00,61.6891,92.2969,17.9547,1,1,0.6738
2024-02-09 16:00:00,133.93,47.3063,6.9686,1,0,0.55
2024-02-09 17:00:00,99.8314,60.0232,0.6957,1,1,0.7331
2024-02-09 18:00:00,86.9618,73.9222,2.0259,1,1,0.7671
2024-02-09 19:00:00,126.805,77.9719,16.0836,1,1,0.7646
2024-02-09 20:00:00,125.4497,22.3234,17.5873,0,0,0.2437
2024-02-09 21:00:00,107.4706,26.7406,1.8501,0,0,0.0795
2024-02-09 22:00:00,82.8495,44.3593,7.2584,1,0,0.3264
2024-02-09 23:00:00,112.4404,59.848,8.0846,1,1,0.4545
2024-02-10 00:00:00,95.8426,13.801,3.069,0,0,0.2521
2024-02-10 01:00:00,87.0793,84.3623,0.9037,0,1,0.7302
2024-02-10 02:00:00,122.4263,85.1127,0.0042,1,1,0.7882
2024-02-10 03:00:00,71.7354,37.3523,0.7979,1,0,0.3195
2024-02-10 04:00:00,114.8382,60.3353,10.726,1,1,0.6762
2024-02-10 05:00:00,113.1236,51.7107,1.7925,1,1,0.5671
2024-02-10 06:00:00,138.5424,12.4156,0.4189,0,0,0.1766
2024-02-10 07:00:00,110.9941,10.2202,1.3471,1,0,0.012
2024-02-10 08:00:00,72.939,33.6409,1.1365,0,0,0.388
2024-02-10 09:00:00,92.462,96.0424,0.4725,1,1,1.0252
2024-02-10 10:00:00,106.8527,85.0819,1.4034,1,1,0.8012
2024-02-10 11:00:00,111.5047,52.5287,5.7714,0,1,0.5172
2024-02-10 12:00:00,121.4976,68.8432,9.3433,1,1,0.6149
2024-02-10 13:00:00,74.5361,90.3418,2.3441,1,1,0.8148
2024-02-10 14:00:00,100.5734,47.5441,3.2442,0,0,0.3529
2024-02-10 15:00:00,121.3435,54.2698,2.1134,1,1,0.4041
2024-02-10 16:00:00,130.5225,71.9059,3.182,1,1,0.7054
2024-02-10 17:00:00,135.5956,32.0275,5.8044,0,0,0.3287
2024-02-10 18:00:00,99.6331,20.7419,5.9996,0,0,0.2411
2024-02-10 19:00:00,123.4126,34.9495,12.1996,0,0,0.0892
2024-02-10 20:00:00,133.2332,99.49,5.5197,1,1,1.0665
2024-02-10 21:00:00,125.0323,16.0052,8.8996,0,0,0.319
2024-02-10 22:00:00,117.4579,77.1009,6.1247,1,1,0.6683
2024-02-10 23:00:00,119.1287,62.2959,7.1997,1,1,0.8811
2024-02-11 00:00:00,93.2785,60.9017,0.5037,0,1,0.6129
2024-02-11 01:00:00,82.7757,88.1511,0.6877,1,1,0.8435
2024-02-11 02:00:00,121.6278,66.5196,7.1994,1,1,0.7327
2024-02-11 03:00:00,100.3734,52.8437,0.7166,1,1,0.6181
2024-02-11 04:00:00,105.4782,72.4821,7.4198,1,1,0.7693
2024-02-11 05:00:00,96.6808,20.7625,11.415,0,0,0.3173
2024-02-11 06:00:00,99.6574,56.1273,8.5682,1,1,0.471
2024-02-11 07:00:00,109.6679,61.7737,6.5536,0,1,0.6533
2024-02-11 08:00:00,89.6104,86.0752,2.7634,1,1,0.7193
2024-02-11 09:00:00,107.0535,24.6563,2.5031,0,0,0.1065
2024-02-11 10:00:00,109.8994,15.2659,0.3718,0,0,0.0938
2024-02-11 11:00:00,104.7327,38.7713,3.3502,0,0,0.3091
2024-02-11 12:00:00,94.0809,89.0486,6.7436,1,1,0.9597
2024-02-11 13:00:00,118.5656,22.1948,4.4146,0,0,0.1429
2024-02-11 14:00:00,135.9464,24.6978,1.2532,1,0,0.3318
2024-02-11 15:00:00,96.3747,34.5403,4.6891,1,0,0.2501
2024-02-11 16:00:00,125.7514,47.7563,7.3017,0,0,0.6433
2024-02-11 17:00:00,120.2351,92.0894,2.3033,1,1,0.8661
2024-02-11 18:00:00,63.5547,42.0386,2.0764,0,0,0.6464
2024-02-11 19:00:00,93.8366,36.0871,8.6648,1,0,0.2007
2024-02-11 20:00:00,95.848,57.6651,4.7153,0,1,0.8846
2024-02-11 21:00:00,118.5423,94.2685,6.9653,1,1,0.9643
2024-02-11 22:00:00,109.0529,56.248,12.3012,0,1,0.4929
2024-02-11 23:00:00,113.6357,78.9798,5.1863,1,1,0.8999
2024-02-12 00:00:00,116.2336,26.4923,0.743,0,0,0.2665
2024-02-12 01:00:00,91.6632,18.5058,1.0411,0,0,0.1425
2024-02-12 02:00:00,94.1077,77.7366,1.1864,0,1,0.7594
2024-02-12 03:00:00,86.4863,58.9341,2.8582,1,1,0.5467
2024-02-12 04:00:00,103.3456,88.5199,2.0744,1,1,0.973
2024-02-12 05:00:00,104.1708,84.414,5.3072,0,1,0.805
2024-02-12 06:00:00,108.8257,71.647,2.7731,1,1,0.7083
2024-02-12 07:00:00,94.4422,37.0965,1.6771,0,0,0.3691
2024-02-12 08:00:00,120.6149,71.6899,2.4454,1,1,0.6188
2024-02-12 09:00:00,120.7914,71.9512,8.6095,1,1,0.7285
2024-02-12 10:00:00,130.8801,18.625,0.1772,0,0,0.2295
2024-02-12 11:00:00,117.5084,62.2042,15.9118,0,1,0.6401
2024-02-12 12:00:00,109.0919,84.0983,2.7386,1,1,0.8664
2024-02-12 13:00:00,116.8989,11.1608,0.8929,0,0,-0.0959
2024-02-12 14:00:00,115.9014,56.6354,5.7339,1,1,0.4743
2024-02-12 15:00:00,95.694,43.5713,8.9858,1,0,0.2866
2024-02-12 16:00:00,126.8051,53.6409,3.1267,1,1,0.5522
2024-02-12 17:00:00,133.6893,40.6282,0.4313,1,0,0.3755
2024-02-12 18:00:00,137.8387,91.9709,5.7929,1,1,0.8939
2024-02-12 19:00:00,106.7266,19.2176,0.5346,0,0,0.4134
2024-02-12 20:00:00,111.3654,23.9099,9.9194,1,0,0.1628
2024-02-12 21:00:00,112.8478,29.9002,8.1367,0,0,0.2709
2024-02-12 22:00:00,106.1392,26.9575,0.0615,0,0,0.2771
2024-02-12 23:00:00,116.1138,90.7351,1.9212,1,1,0.9458
2024-02-13 00:00:00,104.2492,65.2086,4.2746,1,1,0.7404
2024-02-13 01:00:00,103.0911,84.8275,2.4225,1,1,0.8798
2024-02-13 02:00:00,134.4075,57.3088,3.032,1,1,0.5439
2024-02-13 03:00:00,108.8512,57.8886,3.329,0,1,0.5237
2024-02-13 04:00:00,107.2906,59.6002,16.0845,0,1,0.6045
2024-02-13 05:00:00,120.3669,78.0676,2.5683,1,1,0.8117
2024-02-13 06:00:00,108.639,20.257,7.378,0,0,0.0673
2024-02-13 07:00:00,110.9113,51.4442,1.8045,0,1,0.5208
2024-02-13 08:00:00,105.2204,16.876,1.4964,0,0,0.1359
2024-02-13 09:00:00,86.6693,83.696,5.0272,0,1,0.8131
2024-02-13 10:00:00,105.7552,93.1069,4.6271,1,1,0.9888
2024-02-13 11:00:00,88.019,53.1566,8.108,1,1,0.5339
2024-02-13 12:00:00,109.6357,38.0416,2.9916,0,0,0.3613
2024-02-13 13:00:00,87.3138,42.6312,2.3327,0,0,0.4509
2024-02-13 14:00:00,120.9855,83.5335,3.208,1,1,0.7113
2024-02-13 15:00:00,118.305,90.0754,2.0403,1,1,0.8137
2024-02-13 16:00:00,110.7883,63.7884,3.8288,0,1,0.7209
2024-02-13 17:00:00,104.687,78.7231,2.2696,1,1,0.7959
2024-02-13 18:00:00,112.9816,40.7841,7.6971,1,0,0.3169
2024-02-13 19:00:00,74.7658,73.8905,19.7472,1,1,0.8883
2024-02-13 20:00:00,88.7058,12.5884,3.7934,0,0,0.2028
2024-02-13 21:00:00,103.9304,83.3117,2.4183,1,1,0.7252
2024-02-13 22:00:00,111.8668,30.0122,5.6153,0,0,0.329
2024-02-13 23:00:00,105.0553,87.1134,0.8149,1,1,0.8935
2024-02-14 00:00:00,90.206,22.8123,2.0558,1,0,0.136
2024-02-14 01:00:00,108.4847,30.3917,13.6039,1,0,0.2796
2024-02-14 02:00:00,99.0625,21.281,4.4599,1,0,0.2737
2024-02-14 03:00:00,89.1934,21.7196,1.1008,0,0,0.2167
2024-02-14 04:00:00,111.6518,17.0744,8.3788,1,0,0.1953
2024-02-14 05:00:00,102.9935,72.1736,6.5029,0,1,0.8282
2024-02-14 06:00:00,125.5899,80.5627,3.0347,1,1,0.9019
2024-02-14 07:00:00,117.0684,16.9962,0.2488,1,0,0.1592
2024-02-14 08:00:00,118.1858,79.7223,1.6544,0,1,0.6957
2024-02-14 09:00:00,111.5576,78.1601,0.648,0,1,0.8436
2024-02-14 10:00:00,92.8174,13.8265,3.363,0,0,0.2203
2024-02-14 11:00:00,91.3693,19.7036,2.2872,0,0,0.1803
2024-02-14 12:00:00,82.7694,81.375,10.9986,1,1,0.7292
2024-02-14 13:00:00,152.6769,56.2131,5.798,0,1,0.6224
2024-02-14 14:00:00,89.0733,15.3339,1.4539,0,0,0.2504
2024-02-14 15:00:00,103.0538,20.703,2.0584,0,0,0.1612
2024-02-14 16:00:00,100.6398,32.7711,1.7559,0,0,0.3464
2024-02-14 17:00:00,101.9199,15.9623,8.551,0,0,0.2059
2024-02-14 18:00:00,97.056,70.0828,3.9126,0,1,0.9575
2024-02-14 19:00:00,76.4164,77.9095,0.9845,1,1,0.7822
2024-02-14 20:00:00,90.409,80.4134,2.2072,1,1,0.9356
2024-02-14 21:00:00,84.1042,92.8088,0.0884,1,1,0.7932
2024-02-14 22:00:00,104.4296,28.4861,1.9625,0,0,0.1678
2024-02-14 23:00:00,95.4728,91.1057,5.0528,0,1,0.9027
2024-02-15 00:00:00,95.4301,26.6304,4.529,0,0,0.2606
2024-02-15 01:00:00,109.9576,41.638,2.21,0,0,0.2621
2024-02-15 02:00:00,97.1197,18.1701,0.1865,0,0,0.2012
2024-02-15 03:00:00,121.4889,86.1275,6.7101,0,1,0.7216
2024-02-15 04:00:00,100.2927,94.766,1.4293,0,1,1.0547
2024-02-15 05:00:00,110.1316,95.3912,0.439,1,1,0.8848
2024-02-15 06:00:00,85.1973,41.3053,0.4967,0,0,0.5572
2024-02-15 07:00:00,117.0891,24.4502,6.4875,0,0,0.0016
2024-02-15 08:00:00,100.0094,55.0571,5.0109,0,1,0.6931
2024-02-15 09:00:00,113.1105,75.5699,2.8203,0,1,0.8646
2024-02-15 10:00:00,111.8498,31.764,1.6058,0,0,0.3452
2024-02-15 11:00:00,103.7551,61.3212,17.8515,1,1,0.6232
2024-02-15 12:00:00,110.051,18.9195,5.8397,1,0,0.0848
2024-02-15 13:00:00,100.3574,62.032,1.3992,0,1,0.6241
2024-02-15 14:00:00,128.2283,11.2586,8.7312,0,0,0.1149
2024-02-15 15:00:00,121.6074,29.5298,9.0066,0,0,0.3621
2024-02-15 16:00:00,114.3422,27.2393,6.5967,0,0,0.2697
2024-02-15 17:00:00,87.5853,35.3671,3.7071,0,0,0.32
2024-02-15 18:00:00,88.8914,91.1494,3.0663,0,1,0.9367
2024-02-15 19:00:00,95.9065,58.3414,0.3981,1,1,0.4851
2024-02-15 20:00:00,102.6555,97.6222,2.3324,1,1,0.9121
2024-02-15 21:00:00,113.8195,18.8817,0.7935,0,0,0.1785
2024-02-15 22:00:00,92.1759,29.2614,18.8274,0,0,0.1681
2024-02-15 23:00:00,125.5724,55.3776,5.078,1,1,0.7022
2024-02-16 00:00:00,106.6819,73.698,10.6869,1,1,0.7418
2024-02-16 01:00:00,74.2141,42.9817,2.4056,0,0,0.2331
2024-02-16 02:00:00,98.9805,63.0443,19.6272,1,1,0.5756
2024-02-16 03:00:00,65.0024,49.5699,0.4102,1,0,0.6659
2024-02-16 04:00:00,94.5392,96.1973,13.1167,1,1,0.8991
2024-02-16 05:00:00,97.8081,26.2764,6.9168,0,0,0.3928
2024-02-16 06:00:00,96.8263,41.934,2.7455,1,0,0.2916
2024-02-16 07:00:00,101.4258,44.1654,0.1132,0,0,0.3264
2024-02-16 08:00:00,100.3222,29.2847,15.0147,0,0,0.263
2024-02-16 09:00:00,97.1112,30.4799,1.4843,0,0,0.4219
2024-02-16 10:00:00,130.8952,20.1561,5.2906,1,0,0.2109
2024-02-16 11:00:00,126.2681,98.6151,10.7247,1,1,0.9045
2024-02-16 12:00:00,88.2941,21.1254,9.0655,1,0,0.078
2024-02-16 13:00:00,126.9111,19.9285,2.8408,0,0,0.1877
2024-02-16 14:00:00,80.5748,22.2321,0.6189,1,0,0.214
2024-02-16 15:00:00,93.5833,78.6046,1.0638,1,1,0.8116
2024-02-16 16:00:00,131.3061,73.4258,1.5121,0,1,0.7683
2024-02-16 17:00:00,70.6222,60.1419,1.8063,0,1,0.812
2024-02-16 18:00:00,115.9987,13.6548,3.6081,0,0,0.2259
2024-02-16 19:00:00,86.5279,39.5304,9.6291,0,0,0.3789
2024-02-16 20:00:00,104.4221,20.415,1.3969,0,0,0.2246
2024-02-16 21:00:00,103.8442,35.525,8.0211,0,0,0.2954
2024-02-16 22:00:00,134.1251,64.0351,2.3439,0,1,0.6654
2024-02-16 23:00:00,93.6894,38.0806,3.202,1,0,0.3743
2024-02-17 00:00:00,105.6549,97.8561,7.1506,1,1,0.9258
2024-02-17 01:00:00,116.8872,49.956,2.8719,1,0,0.3636
2024-02-17 02:00:00,102.7188,59.8524,6.8693,0,1,0.6508
2024-02-17 03:00:00,93.5252,36.153,7.5324,0,0,0.2115
2024-02-17 04:00:00,105.837,86.9829,1.6207,1,1,0.9428
2024-02-17 05:00:00,108.3066,26.9906,5.5652,0,0,0.403
2024-02-17 06:00:00,121.0674,16.2648,4.6396,1,0,0.2239
2024-02-17 07:00:00,91.5939,85.6952,12.0257,1,1,0.8666
2024-02-17 08:00:00,99.5688,52.8109,5.6693,1,1,0.4084
2024-02-17 09:00:00,112.0333,71.1218,1.5919,1,1,0.8571
2024-02-17 10:00:00,104.1303,26.1368,2.6143,0,0,0.2503
2024-02-17 11:00:00,103.8438,99.8851,0.0945,1,1,0.7609
2024-02-17 12:00:00,106.5656,54.2484,2.6749,0,1,0.6692
2024-02-17 13:00:00,95.6145,19.4655,0.695,0,0,0.2083
2024-02-17 14:00:00,93.9434,49.4253,1.5534,1,0,0.6008
2024-02-17 15:00:00,113.9727,69.2693,4.57,1,1,0.6603
2024-02-17 16:00:00,89.1847,17.6505,18.6272,0,0,-0.0309
2024-02-17 17:00:00,125.6851,22.9031,1.9148,0,0,0.3491
2024-02-17 18:00:00,110.3846,46.0562,1.2508,1,0,0.3444
2024-02-17 19:00:00,86.2697,63.1502,0.0912,1,1,0.5477
2024-02-17 20:00:00,111.4583,19.155,1.9623,0,0,0.2837
2024-02-17 21:00:00,109.5954,93.2761,0.3292,1,1,0.9113
2024-02-17 22:00:00,119.2089,98.0068,1.6972,1,1,0.8614
2024-02-17 23:00:00,125.6226,15.8239,6.2246,0,0,0.1389
2024-02-18 00:00:00,100.9936,97.7687,8.7716,1,1,0.8563
2024-02-18 01:00:00,95.4855,40.4768,4.4326,1,0,0.5064
2024-02-18 02:00:00,97.135,63.5465,5.0362,0,1,0.5236
2024-02-18 03:00:00,91.0805,99.1595,1.9931,1,1,1.1474
2024-02-18 04:00:00,94.8765,21.0486,2.4636,0,0,0.0771
2024-02-18 05:00:00,111.5387,85.4298,13.2872,1,1,0.9582
2024-02-18 06:00:00,107.1947,75.268,0.0632,1,1,0.7624
2024-02-18 07:00:00,99.0142,35.0666,2.0821,1,0,0.2557
2024-02-18 08:00:00,95.0298,74.2144,2.126,1,1,0.7915
2024-02-18 09:00:00,112.5882,62.3727,2.9384,0,1,0.7203
2024-02-18 10:00:00,98.8652,34.5676,3.099,0,0,0.3064
2024-02-18 11:00:00,90.1659,81.0543,6.7851,1,1,0.773
2024-02-18 12:00:00,104.5323,67.9448,1.1826,1,1,0.7714
2024-02-18 13:00:00,102.7145,46.0212,5.9821,0,0,0.4726
2024-02-18 14:00:00,89.6977,52.8244,5.5888,1,1,0.6194
2024-02-18 15:00:00,120.375,64.2849,1.4765,1,1,0.6636
2024-02-18 16:00:00,120.6863,46.3999,0.164,1,0,0.5246
2024-02-18 17:00:00,107.6752,53.608,9.5626,0,1,0.4493
2024-02-18 18:00:00,109.1389,35.1002,17.1671,1,0,0.2888
2024-02-18 19:00:00,115.5531,79.12,4.99,1,1,0.8094
2024-02-18 20:00:00,106.5319,19.7233,4.12,0,0,0.1928
2024-02-18 21:00:00,121.4529,32.5621,2.1179,1,0,0.1892
2024-02-18 22:00:00,133.8283,54.7546,1.1631,1,1,0.713
2024-02-18 23:00:00,108.352,66.5534,20.9549,1,1,0.738
2024-02-19 00:00:00,114.1775,22.1148,2.3038,1,0,0.108
2024-02-19 01:00:00,121.1918,18.9643,1.7253,1,0,0.1044
2024-02-19 02:00:00,101.5991,14.7567,1.8942,0,0,0.2787
2024-02-19 03:00:00,88.8192,16.1406,5.612,0,0,0.1292
2024-02-19 04:00:00,121.7391,71.0297,0.1501,0,1,0.8869
2024-02-19 05:00:00,81.7018,97.4865,4.9023,1,1,0.9533
2024-02-19 06:00:00,136.039,44.437,0.912,1,0,0.5456
2024-02-19 07:00:00,121.1842,71.1284,2.1664,1,1,0.8463
2024-02-19 08:00:00,110.1416,23.7463,2.824,1,0,0.3717
2024-02-19 09:00:00,107.937,65.977,27.3942,1,1,0.7948
2024-02-19 10:00:00,135.4635,18.67,0.1184,0,0,0.2345
2024-02-19 11:00:00,91.8054,16.8866,18.1262,0,0,0.0338
2024-02-19 12:00:00,88.3468,77.6449,4.0646,1,1,0.998
2024-02-19 13:00:00,97.4508,79.0815,3.3741,1,1,0.7844
2024-02-19 14:00:00,102.9015,81.3458,1.3376,1,1,0.8861
2024-02-19 15:00:00,90.8503,28.1739,12.7027,0,0,0.2831
2024-02-19 16:00:00,109.6433,69.5884,0.7061,1,1,0.7617
2024-02-19 17:00:00,109.3594,54.1225,4.6713,0,1,0.5073
2024-02-19 18:00:00,93.9844,33.5499,9.4746,1,0,0.2699
2024-02-19 19:00:00,133.1314,40.9254,0.5101,1,0,0.4178
2024-02-19 20:00:00,84.63,87.3705,1.2315,1,1,0.8253
2024-02-19 21:00:00,86.5029,59.1958,24.2241,0,1,0.682
2024-02-19 22:00:00,113.2804,95.7322,4.2285,1,1,0.8914
2024-02-19 23:00:00,103.833,12.8439,0.9839,0,0,0.1613
2024-02-20 00:00:00,113.9672,48.7366,0.8665,0,0,0.5367
2024-02-20 01:00:00,97.1781,92.3445,7.5147,1,1,0.9788
2024-02-20 02:00:00,90.4698,44.5267,6.63,0,0,0.4516
2024-02-20 03:00:00,96.7583,38.3103,2.5634,1,0,0.4043
2024-02-20 04:00:00,96.147,43.8703,2.6256,1,0,0.3396
2024-02-20 05:00:00,115.7376,51.3691,6.9572,1,1,0.4605
2024-02-20 06:00:00,99.4578,12.9574,2.708,0,0,0.1047
2024-02-20 07:00:00,119.5825,60.1,4.5721,1,1,0.7294
2024-02-20 08:00:00,116.7795,87.4325,1.9239,1,1,0.7466
2024-02-20 09:00:00,124.121,37.274,2.2563,0,0,0.0746
2024-02-20 10:00:00,121.8607,73.5453,0.5582,1,1,0.8169
2024-02-20 11:00:00,119.9811,54.2332,10.8036,0,1,0.6218
2024-02-20 12:00:00,119.7529,22.1039,16.1244,0,0,0.1077
2024-02-20 13:00:00,98.9009,74.4151,7.1722,0,1,0.7056
2024-02-20 14:00:00,103.0378,53.8709,1.912,0,1,0.6621
2024-02-20 15:00:00,77.6145,19.8444,3.8353,0,0,0.1863
2024-02-20 16:00:00,112.027,70.7522,2.4893,1,1,0.716
2024-02-20 17:00:00,96.3755,69.4071,9.797,1,1,0.8812
2024-02-20 18:00:00,113.8203,71.6837,3.4143,1,1,0.7011
2024-02-20 19:00:00,115.8693,61.4989,3.1173,0,1,0.7942
2024-02-20 20:00:00,85.389,52.832,8.7475,0,1,0.5684
2024-02-20 21:00:00,90.8805,86.8916,2.9842,1,1,0.8547
2024-02-20 22:00:00,101.6649,55.6017,12.8792,0,1,0.3629
2024-02-20 23:00:00,98.941,45.2246,0.9778,1,0,0.3987
2024-02-21 00:00:00,110.0537,54.5222,1.7013,1,1,0.5879
2024-02-21 01:00:00,88.6032,97.3784,3.8036,1,1,0.6927
2024-02-21 02:00:00,108.1215,65.5246,2.0327,1,1,0.7172
2024-02-21 03:00:00,79.9629,41.7487,3.1183,1,0,0.3734
2024-02-21 04:00:00,72.3949,98.0005,0.9453,1,1,0.9172
2024-02-21 05:00:00,119.0047,38.8435,11.8909,1,0,0.2814
2024-02-21 06:00:00,86.1948,12.5332,2.4173,0,0,0.1284
2024-02-21 07:00:00,98.298,14.0607,5.2937,0,0,-0.0438
2024-02-21 08:00:00,84.3854,85.3241,18.2961,1,1,0.7087
2024-02-21 09:00:00,84.5278,41.3989,2.6407,1,0,0.3232
2024-02-21 10:00:00,100.929,76.7851,5.0587,1,1,0.6997
2024-02-21 11:00:00,100.7516,12.421,4.8232,1,0,0.0841
2024-02-21 12:00:00,123.3693,90.2209,0.7458,1,1,0.9298
2024-02-21 13:00:00,114.7207,40.7131,4.8369,1,0,0.2119
2024-02-21 14:00:00,103.188,18.7615,34.1074,1,0,0.2266
2024-02-21 15:00:00,119.738,41.0629,4.5761,1,0,0.3894
2024-02-21 16:00:00,125.5728,42.1629,6.5866,1,0,0.3402
2024-02-21 17:00:00,114.1259,41.6142,14.5468,1,0,0.4382
2024-02-21 18:00:00,100.8526,69.5116,1.9654,1,1,0.6882
2024-02-21 19:00:00,124.0032,32.2853,1.438,0,0,0.1666
2024-02-21 20:00:00,136.1919,68.3275,4.2118,1,1,0.7984
2024-02-21 21:00:00,118.2004,63.3279,3.1925,0,1,0.6164
2024-02-21 22:00:00,136.2424,91.935,0.4769,1,1,0.9444
2024-02-21 23:00:00,122.5365,15.895,2.3125,0,0,0.1457
2024-02-22 00:00:00,121.2803,37.4421,6.7927,0,0,0.2253
2024-02-22 01:00:00,89.7796,40.3835,10.7499,0,0,0.4911
2024-02-22 02:00:00,89.4048,11.7741,5.3083,1,0,0.1122
2024-02-22 03:00:00,106.7018,39.3505,4.0155,1,0,0.42
2024-02-22 04:00:00,80.38,51.4818,9.9549,0,1,0.3916
2024-02-22 05:00:00,97.8807,87.7032,9.4959,1,1,0.8793
2024-02-22 06:00:00,121.6217,61.1244,0.88,1,1,0.5694
2024-02-22 07:00:00,96.7179,91.1269,2.3028,1,1,0.9088
2024-02-22 08:00:00,116.2036,33.9957,10.3832,0,0,0.2326
2024-02-22 09:00:00,85.5747,72.6363,0.9631,1,1,0.8216
2024-02-22 10:00:00,99.5224,62.919,13.8343,0,1,0.5673
2024-02-22 11:00:00,124.1941,98.7188,12.716,1,1,1.0795
2024-02-22 12:00:00,110.9504,43.9964,1.9484,0,0,0.4027
2024-02-22 13:00:00,112.2863,45.1271,1.7335,1,0,0.4575
2024-02-22 14:00:00,135.2942,61.5285,11.2426,1,1,0.5556
2024-02-22 15:00:00,128.6679,82.7494,1.1597,1,1,0.9022
2024-02-22 16:00:00,93.3228,19.0051,3.0919,0,0,0.2051
2024-02-22 17:00:00,129.0256,70.76,1.4055,0,1,0.74
2024-02-22 18:00:00,97.5884,40.2371,4.6222,0,0,0.3554
2024-02-22 19:00:00,107.3159,55.2492,22.8845,0,1,0.3579
2024-02-22 20:00:00,107.8555,78.8414,7.9667,1,1,0.9294
2024-02-22 21:00:00,125.0713,40.5585,18.0237,0,0,0.4583
2024-02-22 22:00:00,89.2468,65.3345,3.4679,1,1,0.6815
2024-02-22 23:00:00,114.9782,42.7001,0.5892,0,0,0.4224
2024-02-23 00:00:00,116.1588,49.2392,4.6318,0,0,0.4418
2024-02-23 01:00:00,120.8438,54.7257,2.0118,0,1,0.5446
2024-02-23 02:00:00,104.2202,86.2601,12.6384,1,1,0.9442
2024-02-23 03:00:00,123.9805,80.8435,0.8674,1,1,0.7211
2024-02-23 04:00:00,96.0749,85.6342,3.1015,1,1,0.6061
2024-02-23 05:00:00,126.3327,58.2251,16.4136,0,1,0.4376
2024-02-23 06:00:00,113.4018,35.862,0.0345,0,0,0.4836
2024-02-23 07:00:00,84.8821,14.2778,0.1643,0,0,0.2028
2024-02-23 08:00:00,114.3209,99.6605,5.6485,1,1,0.8873
2024-02-23 09:00:00,110.6053,46.1825,10.0894,0,0,0.4098
2024-02-23 10:00:00,101.9012,30.3297,27.0569,0,0,0.3626
2024-02-23 11:00:00,95.7096,76.8599,9.9086,1,1,0.8958
2024-02-23 12:00:00,103.7927,18.2762,0.3648,0,0,0.0889
2024-02-23 13:00:00,84.2245,85.9768,2.6986,1,1,0.9875
2024-02-23 14:00:00,135.2511,18.526,1.5057,0,0,0.1838
2024-02-23 15:00:00,89.3457,40.3154,6.2935,1,0,0.2709
2024-02-23 16:00:00,96.957,16.0543,0.6447,0,0,0.0774
2024-02-23 17:00:00,126.3833,82.1067,7.4939,1,1,0.9141
2024-02-23 18:00:00,117.2702,52.7742,5.2077,1,1,0.4753
2024-02-23 19:00:00,119.4795,28.8765,3.8197,0,0,0.2164
2024-02-23 20:00:00,132.4622,81.6087,0.12,1,1,0.9396
2024-02-23 21:00:00,102.6723,68.6383,3.2774,1,1,0.8112
2024-02-23 22:00:00,90.7124,37.1662,6.4737,1,0,0.3835
2024-02-23 23:00:00,121.5273,82.3714,1.7334,1,1,0.9266
2024-02-24 00:00:00,120.7522,48.9619,2.5408,1,0,0.6382
2024-02-24 01:00:00,102.4547,58.5953,8.6387,1,1,0.6545
2024-02-24 02:00:00,87.1616,28.0069,7.3215,0,0,0.2014
2024-02-24 03:00:00,127.9909,46.2071,2.2579,1,0,0.4754
2024-02-24 04:00:00,117.1863,66.2467,6.3049,0,1,0.7832
2024-02-24 05:00:00,85.417,50.7906,3.5827,1,1,0.4908
2024-02-24 06:00:00,120.5268,78.7098,5.2438,1,1,0.8539
2024-02-24 07:00:00,84.3257,26.2541,2.7982,1,0,0.1267
2024-02-24 08:00:00,99.9552,11.6743,0.6623,0,0,0.1035
2024-02-24 09:00:00,89.5144,73.2998,0.789,1,1,0.8468
2024-02-24 10:00:00,97.4355,87.6439,1.5224,1,1,0.974
2024-02-24 11:00:00,94.2532,61.9159,8.7214,1,1,0.3829
2024-02-24 12:00:00,97.8461,29.1658,7.0035,0,0,0.2151
2024-02-24 13:00:00,119.666,96.5905,0.5927,1,1,0.882
2024-02-24 14:00:00,112.6648,76.7987,0.9253,1,1,0.7228
2024-02-24 15:00:00,118.1212,52.0566,2.6627,1,1,0.6762
2024-02-24 16:00:00,125.6903,94.3447,2.0763,1,1,0.9809
2024-02-24 17:00:00,101.7981,57.9447,12.2078,0,1,0.5791
2024-02-24 18:00:00,109.1874,65.298,7.9372,1,1,0.6627
2024-02-24 19:00:00,116.67,79.2207,1.1791,1,1,0.8989
2024-02-24 20:00:00,135.7431,49.0352,0.5109,1,0,0.4366
2024-02-24 21:00:00,122.5723,60.9505,5.1366,1,1,0.6291
2024-02-24 22:00:00,130.4522,66.4083,0.3848,1,1,0.822
2024-02-24 23:00:00,124.5425,57.0043,11.4729,1,1,0.5998
2024-02-25 00:00:00,125.1746,42.7847,3.3822,1,0,0.3842
2024-02-25 01:00:00,78.7984,23.2969,1.4034,0,0,0.0765
2024-02-25 02:00:00,122.3094,23.5425,1.5055,0,0,0.1568
2024-02-25 03:00:00,111.4136,71.6776,1.7499,1,1,0.8231
2024-02-25 04:00:00,108.829,37.0248,2.941,1,0,0.3934
2024-02-25 05:00:00,99.3426,49.185,7.7411,0,0,0.6922
2024-02-25 06:00:00,101.013,38.6788,6.0126,0,0,0.4576
2024-02-25 07:00:00,114.757,84.7193,4.1993,1,1,0.7102
2024-02-25 08:00:00,121.6831,15.7985,4.5123,0,0,0.0713
2024-02-25 09:00:00,83.5167,28.3202,7.1632,0,0,0.3137
2024-02-25 10:00:00,111.5416,47.1195,0.801,1,0,0.5545
2024-02-25 11:00:00,98.8294,84.134,1.7014,0,1,0.7464
2024-02-25 12:00:00,92.4635,68.1438,1.2489,0,1,0.6901
2024-02-25 13:00:00,114.4107,33.0802,2.3169,0,0,0.2479
2024-02-25 14:00:00,102.6347,64.1109,2.2528,1,1,0.5526
2024-02-25 15:00:00,97.2446,46.5279,1.721,1,0,0.4616
2024-02-25 16:00:00,95.4509,20.2203,14.4832,0,0,0.1435
2024-02-25 17:00:00,112.6176,27.2724,0.8617,1,0,0.3369
2024-02-25 18:00:00,107.864,32.1028,5.0242,0,0,0.5536
2024-02-25 19:00:00,90.1977,84.4506,3.2245,1,1,0.8685
2024-02-25 20:00:00,94.2981,51.7744,2.8979,1,1,0.3691
2024-02-25 21:00:00,105.0637,60.3843,1.7469,0,1,0.7263
2024-02-25 22:00:00,114.6729,49.252,6.8077,1,0,0.5369
2024-02-25 23:00:00,90.9025,68.223,5.9386,1,1,0.6407
2024-02-26 00:00:00,116.0416,13.3303,0.7922,0,0,0.0414
2024-02-26 01:00:00,94.6017,24.3423,1.7289,0,0,0.2677
2024-02-26 02:00:00,152.6637,22.2788,2.4244,0,0,0.1427
2024-02-26 03:00:00,92.6994,33.2557,5.0635,0,0,0.4934
2024-02-26 04:00:00,95.171,82.3184,0.142,1,1,0.8934
2024-02-26 05:00:00,111.2658,69.2804,1.1891,0,1,0.8102
2024-02-26 06:00:00,93.3461,25.8387,1.8045,0,0,0.2459
2024-02-26 07:00:00,121.6386,86.7269,4.3882,1,1,0.854
2024-02-26 08:00:00,137.5688,96.7408,1.5016,1,1,0.9708
2024-02-26 09:00:00,101.7793,53.7258,6.3852,0,1,0.7158
2024-02-26 10:00:00,110.9495,11.7918,6.8414,0,0,0.2382
2024-02-26 11:00:00,99.662,87.3626,27.7564,1,1,0.9118
2024-02-26 12:00:00,108.1355,17.5537,2.6031,1,0,0.2603
2024-02-26 13:00:00,131.5609,64.144,4.8177,0,1,0.6862
2024-02-26 14:00:00,122.7761,88.0455,0.9341,1,1,0.8731
2024-02-26 15:00:00,93.3618,91.0517,2.1096,1,1,0.8951
2024-02-26 16:00:00,133.451,46.6306,0.8473,0,0,0.3173
2024-02-26 17:00:00,127.1785,42.7091,9.5734,0,0,0.4643
2024-02-26 18:00:00,116.13,69.1688,1.8865,0,1,0.694
2024-02-26 19:00:00,97.3912,18.1276,2.3449,0,0,0.1363
2024-02-26 20:00:00,109.2592,94.8846,10.0276,1,1,0.8598
2024-02-26 21:00:00,95.1722,75.1811,3.3203,1,1,0.7797
2024-02-26 22:00:00,115.8488,22.6504,0.9264,1,0,0.1213
2024-02-26 23:00:00,103.0223,20.0739,3.7247,0,0,0.2258
2024-02-27 00:00:00,71.6261,76.1032,0.9642,1,1,0.7535
2024-02-27 01:00:00,123.375,93.9642,11.3716,1,1,0.9132
2024-02-27 02:00:00,111.3541,56.9762,0.0717,1,1,0.6393
2024-02-27 03:00:00,125.8818,84.6083,14.6824,1,1,0.9051
2024-02-27 04:00:00,106.0025,95.4707,2.0955,1,1,0.9735
2024-02-27 05:00:00,111.3238,93.84,1.8503,1,1,0.9336
2024-02-27 06:00:00,126.5064,32.6627,1.27,1,0,0.246
2024-02-27 07:00:00,114.6002,89.6108,1.6308,1,1,0.9746
2024-02-27 08:00:00,112.9723,31.4269,7.5257,1,0,0.2681
2024-02-27 09:00:00,160.9041,21.0049,7.786,0,0,0.3466
2024-02-27 10:00:00,105.5001,82.6019,5.2491,0,1,0.9953
2024-02-27 11:00:00,111.0451,39.6357,2.2042,0,0,0.3415
2024-02-27 12:00:00,136.6834,62.5894,3.0747,1,1,0.6224
2024-02-27 13:00:00,95.0992,45.0956,12.1922,0,0,0.4728
2024-02-27 14:00:00,91.2384,77.3537,11.8384,1,1,0.8552
2024-02-27 15:00:00,84.8365,31.2344,9.1622,0,0,0.1387
2024-02-27 16:00:00,117.0475,48.0582,9.3458,1,0,0.5877
2024-02-27 17:00:00,118.561,22.985,7.6413,0,0,0.1969
2024-02-27 18:00:00,120.466,25.7639,3.7129,0,0,0.3803
2024-02-27 19:00:00,86.1412,97.2931,1.2963,1,1,0.9678
2024-02-27 20:00:00,124.812,49.5528,1.1316,1,0,0.661
2024-02-27 21:00:00,127.956,32.8875,5.4569,1,0,0.461
2024-02-27 22:00:00,106.7451,63.0533,2.5416,0,1,0.7834
2024-02-27 23:00:00,108.8798,54.1323,0.5204,1,1,0.6206
2024-02-28 00:00:00,119.4264,43.7234,1.9988,1,0,0.2928
2024-02-28 01:00:00,114.3766,95.384,0.3478,0,1,0.886
2024-02-28 02:00:00,118.8885,38.4841,4.0292,0,0,0.153
2024-02-28 03:00:00,90.5636,48.1403,3.8259,0,0,0.6314
2024-02-28 04:00:00,105.5129,71.4465,6.7596,1,1,0.9239
2024-02-28 05:00:00,88.5011,96.6984,10.3027,1,1,0.8366
2024-02-28 06:00:00,118.7397,89.149,17.6062,1,1,0.8188
2024-02-28 07:00:00,117.089,94.3275,0.288,1,1,0.9409
2024-02-28 08:00:00,106.7794,42.6698,4.1816,0,0,0.309
2024-02-28 09:00:00,113.2738,74.4104,1.4249,0,1,0.9544
2024-02-28 10:00:00,82.882,83.9229,1.4791,1,1,0.7829
2024-02-28 11:00:00,122.4905,11.8967,6.7245,0,0,0.1077
2024-02-28 12:00:00,100.7589,97.0125,5.8511,1,1,0.853
2024-02-28 13:00:00,110.5471,64.5233,5.2607,1,1,0.7968
2024-02-28 14:00:00,126.7348,85.7326,1.4058,1,1,0.8436
2024-02-28 15:00:00,96.0301,69.6001,5.8501,0,1,0.8756
2024-02-28 16:00:00,128.0922,94.6763,3.0446,1,1,0.7814
2024-02-28 17:00:00,110.49,72.1614,0.2053,0,1,0.7831
2024-02-28 18:00:00,108.9226,80.9922,4.697,1,1,0.9771
2024-02-28 19:00:00,117.5913,31.5708,4.0145,0,0,0.2913
2024-02-28 20:00:00,88.0058,59.7455,0.479,0,1,0.6805
2024-02-28 21:00:00,118.2291,37.8342,1.0537,0,0,0.3719
2024-02-28 22:00:00,109.4936,96.2635,8.8802,1,1,0.9174
2024-02-28 23:00:00,125.5005,42.657,0.3289,1,0,0.5746
2024-02-29 00:00:00,104.9369,83.1025,11.6721,1,1,0.7273
2024-02-29 01:00:00,102.5374,20.9848,3.6966,0,0,0.2053
2024-02-29 02:00:00,114.5767,88.0258,0.314,0,1,0.8552
2024-02-29 03:00:00,107.5392,87.1882,1.2912,1,1,0.7411
2024-02-29 04:00:00,89.2434,44.9624,4.4056,1,0,0.4377
2024-02-29 05:00:00,105.341,91.881,4.3527,1,1,0.9013
2024-02-29 06:00:00,129.349,45.3678,3.1206,0,0,0.3618
2024-02-29 07:00:00,107.009,98.0194,3.8494,1,1,0.8164
2024-02-29 08:00:00,94.2476,32.998,7.6028,0,0,0.3694
2024-02-29 09:00:00,120.3093,18.1225,1.9199,0,0,0.2855
2024-02-29 10:00:00,78.1113,84.0437,5.0243,1,1,0.778
2024-02-29 11:00:00,73.7324,31.1914,1.0934,0,0,0.3114
2024-02-29 12:00:00,108.4998,28.9348,0.6188,1,0,0.3269
2024-02-29 13:00:00,111.5464,90.1222,0.4353,1,1,1.0527
2024-02-29 14:00:00,112.2012,92.4302,1.0995,1,1,0.8431
2024-02-29 15:00:00,93.9167,66.8217,3.9085,1,1,0.5721
2024-02-29 16:00:00,106.119,89.1521,1.2103,1,1,0.7022
2024-02-29 17:00:00,85.6126,79.0067,3.3396,1,1,0.8331
2024-02-29 18:00:00,112.2123,46.566,4.2121,1,0,0.5436
2024-02-29 19:00:00,82.0622,13.0494,4.3579,0,0,0.2321
2024-02-29 20:00:00,106.163,87.98,9.8714,1,1,0.9227
2024-02-29 21:00:00,112.9216,84.0878,0.5912,1,1,0.7827
2024-02-29 22:00:00,79.7526,94.6446,10.8805,0,1,1.0983
2024-02-29 23:00:00,100.0446,52.3982,7.5118,0,1,0.5799
2024-03-01 00:00:00,121.5971,47.1665,1.0833,1,0,0.5423
2024-03-01 01:00:00,134.1126,85.7047,8.1935,1,1,0.8146
2024-03-01 02:00:00,83.9239,74.5647,4.7649,1,1,0.7886
2024-03-01 03:00:00,114.2473,88.9085,3.0464,1,1,0.6917
2024-03-01 04:00:00,88.34,83.8217,0.0025,1,1,1.0394
2024-03-01 05:00:00,86.5472,84.1961,7.0235,1,1,0.7621
2024-03-01 06:00:00,134.925,72.8634,4.5984,1,1,0.624
2024-03-01 07:00:00,119.6716,55.5701,3.3923,1,1,0.6035
2024-03-01 08:00:00,95.4606,41.6671,0.9712,0,0,0.3438
2024-03-01 09:00:00,112.2968,64.1904,3.5392,1,1,0.6346
2024-03-01 10:00:00,119.26,83.2085,3.6098,1,1,0.8977
2024-03-01 11:00:00,111.6884,76.4007,15.1243,0,1,0.8868
2024-03-01 12:00:00,145.6842,50.7936,1.7808,1,1,0.5292
2024-03-01 13:00:00,118.6849,12.4616,10.0969,0,0,0.3645
2024-03-01 14:00:00,59.4775,14.6889,1.4319,0,0,0.2322
2024-03-01 15:00:00,103.9548,67.7433,1.6099,1,1,0.8429
2024-03-01 16:00:00,96.6149,66.7141,4.1193,1,1,0.7953
2024-03-01 17:00:00,105.3824,81.1917,1.8467,1,1,0.7189
2024-03-01 18:00:00,108.9696,22.2483,2.8995,0,0,0.2704
2024-03-01 19:00:00,98.0368,46.0596,18.9113,1,0,0.4723
2024-03-01 20:00:00,90.9023,66.5467,14.5659,1,1,0.7497
2024-03-01 21:00:00,131.209,38.235,3.3431,0,0,0.4763
2024-03-01 22:00:00,118.6054,17.4009,1.9225,1,0,0.1612
2024-03-01 23:00:00,97.7356,24.204,18.3169,0,0,0.525
2024-03-02 00:00:00,119.9738,56.4729,3.1792,1,1,0.7072
2024-03-02 01:00:00,119.9068,97.2698,0.8904,1,1,0.9692
2024-03-02 02:00:00,129.6635,84.7559,0.339,1,1,0.8751
2024-03-02 03:00:00,91.4242,78.6846,2.8283,1,1,0.9848
2024-03-02 04:00:00,121.6511,86.2264,1.8166,1,1,0.7766
2024-03-02 05:00:00,98.8043,71.7178,12.9711,1,1,0.7391
2024-03-02 06:00:00,127.8436,81.3378,2.9277,0,1,0.847
2024-03-02 07:00:00,105.6562,38.7459,5.0789,0,0,0.4445
2024-03-02 08:00:00,71.4113,53.0529,3.8673,0,1,0.465
2024-03-02 09:00:00,109.4204,76.1655,1.0085,0,1,0.6723
2024-03-02 10:00:00,79.4517,33.4612,7.5433,1,0,0.0971
2024-03-02 11:00:00,105.2725,71.872,7.1954,1,1,0.7159
2024-03-02 12:00:00,107.8972,84.4092,1.199,1,1,0.9974
2024-03-02 13:00:00,102.2497,81.9576,3.4836,1,1,0.8403
2024-03-02 14:00:00,84.3665,27.8797,1.9284,1,0,0.2055
2024-03-02 15:00:00,90.4879,47.3047,3.7794,1,0,0.5431
2024-03-02 16:00:00,94.9611,26.37,0.543,0,0,0.4009
2024-03-02 17:00:00,104.7969,88.8751,1.7838,1,1,0.9717
2024-03-02 18:00:00,130.1291,95.0281,4.702,1,1,0.8856
2024-03-02 19:00:00,120.5859,89.5907,4.2316,1,1,0.8302
2024-03-02 20:00:00,101.1203,30.2038,0.8397,0,0,0.1008
2024-03-02 21:00:00,129.9099,95.3298,0.8503,1,1,1.0486
2024-03-02 22:00:00,86.3621,93.0801,7.2707,1,1,0.7958
2024-03-02 23:00:00,120.2159,68.2396,7.7045,1,1,0.7512
2024-03-03 00:00:00,106.0387,66.3965,9.5648,1,1,0.6426
2024-03-03 01:00:00,112.8308,91.616,4.7096,1,1,0.7594
2024-03-03 02:00:00,119.4682,97.6715,0.8547,1,1,0.9912
2024-03-03 03:00:00,97.7391,27.844,15.6988,0,0,0.4899
2024-03-03 04:00:00,122.1647,73.1135,19.8574,1,1,0.7667
2024-03-03 05:00:00,108.8045,25.188,5.2992,0,0,0.2305
2024-03-03 06:00:00,148.7442,46.0931,7.7735,0,0,0.5385
2024-03-03 07:00:00,103.9512,48.6013,7.5651,1,0,0.3293
2024-03-03 08:00:00,129.9123,33.4142,1.5693,1,0,0.3728
2024-03-03 09:00:00,119.6571,18.0155,13.5037,1,0,0.1614
2024-03-03 10:00:00,89.6173,43.1128,3.1931,1,0,0.5119
2024-03-03 11:00:00,131.4429,95.2519,9.698,1,1,1.0481
2024-03-03 12:00:00,91.5032,20.5615,1.8093,1,0,0.0589
2024-03-03 13:00:00,72.1758,74.6725,0.7832,1,1,0.8321
2024-03-03 14:00:00,123.0934,49.1643,2.0302,0,0,0.5298
2024-03-03 15:00:00,126.6589,92.799,2.1843,1,1,0.6771
2024-03-03 16:00:00,109.8826,50.8337,6.8367,0,1,0.3983
2024-03-03 17:00:00,104.7219,70.6249,2.9865,1,1,0.7423
2024-03-03 18:00:00,135.1763,20.6661,2.7695,1,0,0.2342
2024-03-03 19:00:00,120.7928,74.2207,2.5006,1,1,1.0025
2024-03-03 20:00:00,98.221,27.149,2.6989,1,0,0.1038
2024-03-03 21:00:00,121.1309,87.5743,7.1821,1,1,0.9501
2024-03-03 22:00:00,88.5333,80.391,2.5883,0,1,0.8123
2024-03-03 23:00:00,99.8369,35.9166,17.3175,1,0,0.306
2024-03-04 00:00:00,91.7157,54.4751,2.1818,0,1,0.3712
2024-03-04 01:00:00,72.7491,21.7179,8.1833,0,0,0.3325
2024-03-04 02:00:00,89.6422,87.0704,18.4415,1,1,0.8616
2024-03-04 03:00:00,129.2767,64.0075,7.2846,0,1,0.6445
2024-03-04 04:00:00,90.9644,99.5687,0.0984,1,1,0.9253
2024-03-04 05:00:00,100.0171,35.4671,6.0927,0,0,0.3181
2024-03-04 06:00:00,89.931,70.947,1.1698,1,1,0.7097
2024-03-04 07:00:00,123.413,47.6498,6.3058,0,0,0.4589
2024-03-04 08:00:00,109.1398,46.7672,1.7463,1,0,0.4405
2024-03-04 09:00:00,117.2336,23.1349,2.3378,0,0,0.2253
2024-03-04 10:00:00,107.3858,36.1174,1.9419,0,0,0.2872
2024-03-04 11:00:00,89.7891,33.562,7.8252,0,0,0.2652
2024-03-04 12:00:00,93.0506,65.5912,1.9703,1,1,0.6004
2024-03-04 13:00:00,122.9858,91.6595,4.1046,1,1,0.8874
2024-03-04 14:00:00,108.2073,43.2674,1.1123,0,0,0.3878
2024-03-04 15:00:00,121.9605,71.584,1.2102,0,1,0.7156
2024-03-04 16:00:00,56.8966,51.2348,3.4953,1,1,0.5796
2024-03-04 17:00:00,127.523,10.9288,9.7037,0,0,-0.0036
2024-03-04 18:00:00,101.0147,21.9884,0.5649,0,0,0.2192
2024-03-04 19:00:00,145.1055,39.0921,1.3929,1,0,0.2857
2024-03-04 20:00:00,100.7482,72.3721,1.9688,1,1,0.9553
2024-03-04 21:00:00,109.6654,71.8167,3.2666,1,1,0.8192
2024-03-04 22:00:00,120.1227,74.2002,6.3875,1,1,0.7513
2024-03-04 23:00:00,94.7287,73.7608,3.1732,1,1,0.9152
2024-03-05 00:00:00,123.6476,76.2494,17.7253,1,1,0.8647
2024-03-05 01:00:00,98.5521,33.0603,0.2355,0,0,0.2168
2024-03-05 02:00:00,130.5472,18.5751,5.3855,0,0,0.1785
2024-03-05 03:00:00,122.3528,15.2877,5.8206,1,0,0.0312
2024-03-05 04:00:00,117.4378,39.9576,11.9783,0,0,0.2831
2024-03-05 05:00:00,97.2671,31.1357,3.3378,0,0,0.3259
2024-03-05 06:00:00,105.7687,91.7404,1.6435,1,1,0.7321
2024-03-05 07:00:00,114.2194,99.7065,4.666,1,1,1.0882
2024-03-05 08:00:00,75.6244,94.539,2.3502,1,1,0.9605
2024-03-05 09:00:00,100.1413,97.0489,0.5348,1,1,0.8243
2024-03-05 10:00:00,124.7974,63.8409,5.1031,1,1,0.7696
2024-03-05 11:00:00,88.2974,77.3418,1.6151,1,1,0.9593
2024-03-05 12:00:00,130.4525,14.0961,2.3058,0,0,0.1456
2024-03-05 13:00:00,98.896,32.8291,12.8593,0,0,0.3995
2024-03-05 14:00:00,114.6499,65.7692,0.5885,0,1,0.7373
2024-03-05 15:00:00,90.311,37.2257,0.721,0,0,0.2068
2024-03-05 16:00:00,117.3294,45.5227,6.928,0,0,0.3238
2024-03-05 17:00:00,116.9775,43.3811,1.9618,0,0,0.5697
2024-03-05 18:00:00,128.1355,97.1252,7.4637,1,1,0.9506
2024-03-05 19:00:00,131.7466,60.3604,2.6703,1,1,0.5321
2024-03-05 20:00:00,130.0893,62.2438,0.823,1,1,0.7234
2024-03-05 21:00:00,112.8011,33.4262,0.8151,1,0,0.2823
2024-03-05 22:00:00,89.0452,55.3372,1.7752,0,1,0.5337
2024-03-05 23:00:00,131.2742,93.7294,1.1157,1,1,0.9193
2024-03-06 00:00:00,87.7635,89.0107,0.4606,1,1,0.8049
2024-03-06 01:00:00,102.1005,21.8728,1.4067,0,0,0.1616
2024-03-06 02:00:00,121.58,38.5586,4.2517,1,0,0.2416
2024-03-06 03:00:00,116.7246,57.7381,7.194,1,1,0.5146
2024-03-06 04:00:00,135.7715,22.7616,1.5104,1,0,0.235
2024-03-06 05:00:00,109.3229,20.5158,3.7861,0,0,0.3039
2024-03-06 06:00:00,81.3983,13.9746,1.7225,0,0,0.1686
2024-03-06 07:00:00,104.8418,21.5084,0.1105,0,0,0.3242
2024-03-06 08:00:00,112.2918,88.4512,7.3943,1,1,0.8914
2024-03-06 09:00:00,103.6048,85.1324,0.3521,1,1,0.7032
2024-03-06 10:00:00,132.8244,77.3041,7.7066,1,1,0.7949
2024-03-06 11:00:00,105.3228,93.3613,6.2136,1,1,0.7063
2024-03-06 12:00:00,85.6371,35.4633,1.8841,0,0,0.2759
2024-03-06 13:00:00,117.1741,88.9243,9.6014,1,1,0.6895
2024-03-06 14:00:00,90.4223,65.1638,11.7748,0,1,0.6482
2024-03-06 15:00:00,137.6257,78.5408,2.9515,1,1,0.7832
2024-03-06 16:00:00,113.9331,33.7382,10.7961,1,0,0.1799
2024-03-06 17:00:00,86.1998,38.1709,1.0176,1,0,0.2653
2024-03-06 18:00:00,127.3622,90.3405,3.1586,0,1,0.7629
2024-03-06 19:00:00,148.7537,38.3989,3.0884,0,0,0.4178
2024-03-06 20:00:00,76.2528,99.5109,2.0249,1,1,0.8591
2024-03-06 21:00:00,124.4599,78.7308,5.6609,1,1,0.7483
2024-03-06 22:00:00,117.5181,23.6138,6.088,1,0,0.1328
2024-03-06 23:00:00,112.4113,86.773,1.4743,1,1,1.0478
2024-03-07 00:00:00,115.1978,69.1678,6.8847,1,1,0.5757
2024-03-07 01:00:00,117.6679,81.8398,0.1171,1,1,0.7279
2024-03-07 02:00:00,98.0218,14.79,0.6346,0,0,0.1958
2024-03-07 03:00:00,132.9261,23.3759,2.6448,0,0,0.3886
2024-03-07 04:00:00,87.1421,30.6874,2.5235,0,0,0.2926
2024-03-07 05:00:00,142.0246,13.2276,3.3311,0,0,0.0314
2024-03-07 06:00:00,134.8843,33.4202,0.2461,0,0,0.315
2024-03-07 07:00:00,89.8668,73.5367,3.7581,0,1,0.8164
2024-03-07 08:00:00,109.4624,49.2787,12.2082,0,0,0.514
2024-03-07 09:00:00,133.1177,99.5682,3.5899,1,1,1.0542
2024-03-07 10:00:00,101.4164,93.4486,0.0817,0,1,0.934
2024-03-07 11:00:00,106.8748,13.6713,2.8742,0,0,0.1111
2024-03-07 12:00:00,102.8981,42.0868,0.163,0,0,0.5307
2024-03-07 13:00:00,128.9585,73.8126,3.508,1,1,0.8611
2024-03-07 14:00:00,99.5017,53.668,8.0043,0,1,0.3453
2024-03-07 15:00:00,109.4309,54.369,7.8065,0,1,0.4346
2024-03-07 16:00:00,118.5676,86.1255,3.3865,1,1,0.7171
2024-03-07 17:00:00,106.1596,88.0191,4.2762,1,1,0.8395
2024-03-07 18:00:00,95.2275,21.1289,5.0307,0,0,0.074
2024-03-07 19:00:00,87.3443,18.422,6.6295,1,0,-0.0148
2024-03-07 20:00:00,84.4149,88.1356,4.1656,1,1,0.8311
2024-03-07 21:00:00,90.0394,26.2589,18.2922,0,0,0.3062
2024-03-07 22:00:00,81.0646,25.1466,7.584,1,0,0.2896
2024-03-07 23:00:00,97.5708,55.7864,3.7939,0,1,0.5423
2024-03-08 00:00:00,114.634,34.5512,8.0121,0,0,0.4703
2024-03-08 01:00:00,110.5525,90.1805,9.3637,1,1,0.8976
2024-03-08 02:00:00,95.9296,62.711,0.4591,1,1,0.6988
2024-03-08 03:00:00,92.7557,62.5193,12.7872,0,1,0.7513
2024-03-08 04:00:00,93.1698,97.4465,4.7084,1,1,0.8985
2024-03-08 05:00:00,86.6209,57.3414,24.7734,0,1,0.2946
2024-03-08 06:00:00,89.1511,61.3709,6.9698,0,1,0.677
2024-03-08 07:00:00,121.5591,47.4777,7.2861,0,0,0.4302
2024-03-08 08:00:00,86.357,16.9152,2.8189,0,0,0.2074
2024-03-08 09:00:00,109.9897,79.1428,1.6208,1,1,0.9365
2024-03-08 10:00:00,99.4372,70.9218,3.0009,1,1,0.522
2024-03-08 11:00:00,150.064,89.8631,10.6239,1,1,0.837
2024-03-08 12:00:00,79.8551,12.3366,6.715,1,0,0.2104
2024-03-08 13:00:00,112.9389,71.3181,5.2555,1,1,0.7122
2024-03-08 14:00:00,104.1844,71.2575,0.3791,1,1,0.8499
2024-03-08 15:00:00,96.9195,45.4753,5.2183,0,0,0.2398
2024-03-08 16:00:00,114.9841,63.1305,2.0761,1,1,0.7116
2024-03-08 17:00:00,112.3366,95.6098,3.7509,0,1,0.9928
2024-03-08 18:00:00,91.9844,85.3279,5.8978,1,1,0.7391
2024-03-08 19:00:00,116.8497,23.8398,8.5798,0,0,0.2415
2024-03-08 20:00:00,116.2391,17.2957,2.8317,0,0,-0.0305
2024-03-08 21:00:00,131.5492,84.7629,0.1086,1,1,0.8606
2024-03-08 22:00:00,99.6362,69.3585,4.2752,1,1,0.7433
2024-03-08 23:00:00,134.241,50.865,0.0319,1,1,0.39
2024-03-09 00:00:00,106.5185,95.9681,8.8078,1,1,0.9529
2024-03-09 01:00:00,76.931,63.4784,0.0953,1,1,0.634
2024-03-09 02:00:00,118.5052,10.5225,1.2759,0,0,-0.0146
2024-03-09 03:00:00,108.4527,97.2793,2.7857,1,1,0.9582
2024-03-09 04:00:00,95.1372,69.0555,1.4978,0,1,0.7012
2024-03-09 05:00:00,125.3483,95.5806,1.2609,1,1,0.8793
2024-03-09 06:00:00,101.981,39.2424,5.6126,0,0,0.2211
2024-03-09 07:00:00,126.754,75.8391,1.9772,1,1,0.5606
2024-03-09 08:00:00,108.4639,76.0888,3.0602,1,1,0.7619
2024-03-09 09:00:00,122.3321,96.1663,5.4741,1,1,1.0055
2024-03-09 10:00:00,121.1599,61.2243,7.3468,1,1,0.784
2024-03-09 11:00:00,117.7329,29.023,4.2717,0,0,0.3067
2024-03-09 12:00:00,92.6867,14.3814,2.1898,0,0,0.2108
2024-03-09 13:00:00,125.1786,67.928,10.6143,1,1,0.7049
2024-03-09 14:00:00,110.2382,39.0854,10.0962,1,0,0.345
2024-03-09 15:00:00,143.2136,14.9982,0.8279,0,0,0.019
2024-03-09 16:00:00,117.8569,16.3652,7.4139,1,0,0.0983
2024-03-09 17:00:00,122.3995,95.671,1.1543,1,1,0.9698
2024-03-09 18:00:00,97.1645,44.3252,1.0019,1,0,0.4276
2024-03-09 19:00:00,103.1433,45.8973,0.1329,1,0,0.3181
2024-03-09 20:00:00,111.5225,26.021,4.6055,0,0,0.035
2024-03-09 21:00:00,90.4261,96.8544,9.3119,1,1,0.8665
2024-03-09 22:00:00,90.4342,87.8964,7.5585,0,1,0.8664
2024-03-09 23:00:00,108.1216,18.0269,3.8835,0,0,0.1902
2024-03-10 00:00:00,108.639,86.7111,15.4679,1,1,0.8108
2024-03-10 01:00:00,113.308,24.6647,1.9835,0,0,0.1111
2024-03-10 02:00:00,128.5567,80.1543,1.8941,1,1,0.7646
2024-03-10 03:00:00,103.2848,35.6442,1.3075,1,0,0.199
2024-03-10 04:00:00,121.3034,77.7303,1.1711,1,1,0.6373
2024-03-10 05:00:00,107.5562,68.8658,1.8043,1,1,0.6464
2024-03-10 06:00:00,106.7394,20.8542,2.7607,0,0,0.2419
2024-03-10 07:00:00,114.2615,54.1761,1.5809,0,1,0.693
2024-03-10 08:00:00,75.5274,48.9123,13.768,1,0,0.4869
2024-03-10 09:00:00,111.0958,82.5718,1.2246,1,1,0.8446
2024-03-10 10:00:00,99.3588,37.9091,2.1952,1,0,0.191
2024-03-10 11:00:00,94.5044,71.6466,0.7385,1,1,0.5928
2024-03-10 12:00:00,78.5556,21.8158,11.4572,0,0,0.2531
2024-03-10 13:00:00,102.6314,69.8968,2.8959,1,1,0.8127
2024-03-10 14:00:00,78.7231,84.8848,8.9836,1,1,0.9912
2024-03-10 15:00:00,124.5318,56.1388,2.3509,1,1,0.7065
2024-03-10 16:00:00,106.0423,54.0661,2.9345,0,1,0.7424
2024-03-10 17:00:00,81.9928,89.6872,6.8118,0,1,0.9542
2024-03-10 18:00:00,98.8136,52.8796,6.7337,1,1,0.4505
2024-03-10 19:00:00,122.6389,60.6751,2.3935,1,1,0.6793
2024-03-10 20:00:00,100.1357,48.0764,2.9603,0,0,0.5067
2024-03-10 21:00:00,105.3721,78.0842,2.5473,1,1,0.8366
2024-03-10 22:00:00,103.9108,82.9895,1.151,1,1,0.744
2024-03-10 23:00:00,107.9345,65.2481,2.3943,1,1,0.8749
2024-03-11 00:00:00,81.7279,49.0695,8.4235,0,0,0.4717
2024-03-11 01:00:00,109.3277,48.3415,0.4872,0,0,0.3283
2024-03-11 02:00:00,100.7819,13.6394,0.9624,0,0,0.0726
2024-03-11 03:00:00,159.3759,40.757,12.2255,0,0,0.4313
2024-03-11 04:00:00,106.5502,51.7172,6.4462,0,1,0.2928
2024-03-11 05:00:00,102.5079,30.1807,0.6489,1,0,0.2718
2024-03-11 06:00:00,126.6097,71.7613,7.0654,0,1,0.8314
2024-03-11 07:00:00,107.5183,23.9563,0.6412,0,0,0.185
2024-03-11 08:00:00,114.3558,54.579,3.358,1,1,0.5579
2024-03-11 09:00:00,95.5459,66.6604,4.6424,1,1,0.6028
2024-03-11 10:00:00,136.0968,57.221,6.9251,1,1,0.5435
2024-03-11 11:00:00,99.6695,36.1633,1.9054,1,0,0.3355
2024-03-11 12:00:00,116.4173,49.362,1.0597,0,0,0.567
2024-03-11 13:00:00,129.0604,91.6487,21.0495,1,1,0.873
2024-03-11 14:00:00,105.0806,52.985,8.042,0,1,0.5275
2024-03-11 15:00:00,110.1675,23.3746,2.2303,1,0,0.2135
2024-03-11 16:00:00,119.9684,21.5011,1.4738,0,0,0.3092
2024-03-11 17:00:00,121.5807,91.2613,0.5939,1,1,0.9266
2024-03-11 18:00:00,91.9855,85.7384,3.0528,1,1,0.7646
2024-03-11 19:00:00,113.2246,57.0783,0.0364,1,1,0.7374
2024-03-11 20:00:00,94.4123,36.5933,8.1332,0,0,0.2325
2024-03-11 21:00:00,97.7576,14.2955,2.5567,0,0,0.2063
2024-03-11 22:00:00,99.3826,16.8879,9.7418,0,0,0.2622
2024-03-11 23:00:00,130.5285,14.0585,2.1901,1,0,0.2546
2024-03-12 00:00:00,136.8932,19.6869,14.5691,0,0,0.1154
2024-03-12 01:00:00,153.7541,48.2422,9.0558,0,0,0.5589
2024-03-12 02:00:00,109.2913,18.5036,2.8471,0,0,0.1181
2024-03-12 03:00:00,96.1846,69.477,9.4131,0,1,0.7967
2024-03-12 04:00:00,94.0499,61.163,1.7883,1,1,0.7558
2024-03-12 05:00:00,137.1134,32.8042,40.6693,1,0,0.471
2024-03-12 06:00:00,84.5537,32.9374,0.4412,0,0,0.3488
2024-03-12 07:00:00,104.9691,17.3593,5.1583,0,0,0.1042
2024-03-12 08:00:00,100.812,55.31,2.4689,1,1,0.5826
2024-03-12 09:00:00,139.5257,20.2542,3.1873,0,0,0.0521
2024-03-12 10:00:00,93.347,69.542,15.1113,1,1,0.644
2024-03-12 11:00:00,128.7043,26.1597,1.606,0,0,0.2474
2024-03-12 12:00:00,132.25,26.3987,5.2115,1,0,0.3552
2024-03-12 13:00:00,107.5141,45.3662,1.9524,0,0,0.5948
2024-03-12 14:00:00,118.0902,17.4962,0.7584,1,0,0.2012
2024-03-12 15:00:00,84.5882,88.908,1.4317,0,1,0.9921
2024-03-12 16:00:00,108.8452,36.7883,4.1572,1,0,0.6422
2024-03-12 17:00:00,106.7305,62.8488,0.6845,0,1,0.4696
2024-03-12 18:00:00,67.1962,50.9498,0.8466,0,1,0.6837
2024-03-12 19:00:00,117.2843,70.3234,5.9384,1,1,0.7526
2024-03-12 20:00:00,116.2838,66.1429,7.1835,0,1,0.7874
2024-03-12 21:00:00,82.0283,33.8567,0.3157,0,0,0.1498
2024-03-12 22:00:00,86.7343,97.0048,8.1071,1,1,1.0217
2024-03-12 23:00:00,97.8286,88.421,10.0625,1,1,0.7524
2024-03-13 00:00:00,101.5158,26.8473,5.4081,1,0,-0.0019
2024-03-13 01:00:00,105.2488,26.6579,2.3237,1,0,0.3113
2024-03-13 02:00:00,94.3506,77.2326,2.6797,0,1,0.7704
2024-03-13 03:00:00,93.5235,64.3648,0.8568,1,1,0.6889
2024-03-13 04:00:00,115.5206,88.4454,0.9462,1,1,0.7413
2024-03-13 05:00:00,102.4457,19.5698,13.7672,0,0,0.0527
2024-03-13 06:00:00,108.6168,58.0938,16.8051,0,1,0.575
2024-03-13 07:00:00,106.5663,10.5262,6.7733,0,0,0.3433
2024-03-13 08:00:00,118.0677,20.501,8.3121,1,0,0.0836
2024-03-13 09:00:00,107.8399,25.4562,1.0021,1,0,0.2185
2024-03-13 10:00:00,124.8484,52.9408,10.563,1,1,0.6194
2024-03-13 11:00:00,112.1581,72.2626,0.5793,1,1,0.9111
2024-03-13 12:00:00,125.3224,88.1902,0.8859,1,1,0.8553
2024-03-13 13:00:00,131.3234,96.9223,3.4413,0,1,0.94
2024-03-13 14:00:00,86.0007,64.1699,1.8269,1,1,0.5755
2024-03-13 15:00:00,125.895,53.805,4.9083,1,1,0.4677
2024-03-13 16:00:00,140.3156,65.6649,11.9834,0,1,0.8209
2024-03-13 17:00:00,94.185,97.653,1.5407,1,1,0.9415
2024-03-13 18:00:00,109.9423,42.4656,1.9362,1,0,0.5224
2024-03-13 19:00:00,104.4999,70.6423,7.6455,1,1,0.6184
2024-03-13 20:00:00,117.8711,72.1264,2.0142,1,1,0.786
2024-03-13 21:00:00,119.2033,45.5498,10.983,0,0,0.589
2024-03-13 22:00:00,99.2893,37.2391,0.1741,1,0,0.5167
2024-03-13 23:00:00,132.4926,21.2581,10.2797,0,0,0.205
2024-03-14 00:00:00,96.1609,11.2488,12.2425,0,0,0.0053
2024-03-14 01:00:00,108.2007,20.0721,0.2381,0,0,0.0409
2024-03-14 02:00:00,127.6733,11.4297,2.3663,0,0,0.0131
2024-03-14 03:00:00,143.2599,97.3468,4.5628,1,1,0.9319
2024-03-14 04:00:00,101.9459,87.3111,3.7244,1,1,0.9699
2024-03-14 05:00:00,123.6509,28.8307,0.8609,0,0,0.1039
2024-03-14 06:00:00,114.2355,68.3761,0.0753,1,1,0.6121
2024-03-14 07:00:00,84.0338,68.4766,11.3743,1,1,0.6628
2024-03-14 08:00:00,94.551,49.221,0.4832,1,0,0.5391
2024-03-14 09:00:00,90.3728,66.3453,22.1947,0,1,0.6174
2024-03-14 10:00:00,102.1354,81.101,0.5962,1,1,0.871
2024-03-14 11:00:00,103.5914,27.1823,3.2284,0,0,0.307
2024-03-14 12:00:00,111.0525,37.0826,20.4824,0,0,0.3688
2024-03-14 13:00:00,132.0105,51.7083,9.6946,0,1,0.6175
2024-03-14 14:00:00,117.6792,52.659,3.8472,0,1,0.5311
2024-03-14 15:00:00,155.0859,11.9635,0.7217,0,0,0.1461
2024-03-14 16:00:00,106.5262,24.9495,4.6225,0,0,0.2101
2024-03-14 17:00:00,123.849,23.718,5.0648,0,0,0.2386
2024-03-14 18:00:00,117.5697,73.2338,1.8657,1,1,0.8087
2024-03-14 19:00:00,135.8926,96.748,3.1696,1,1,1.0725
2024-03-14 20:00:00,104.2802,52.434,11.6592,0,1,0.4202
2024-03-14 21:00:00,124.8155,87.3817,0.686,1,1,0.973
2024-03-14 22:00:00,137.9701,62.6704,5.341,1,1,0.617
2024-03-14 23:00:00,98.5584,28.1205,2.2752,0,0,0.3646
2024-03-15 00:00:00,109.4,61.2487,4.7545,0,1,0.7668
2024-03-15 01:00:00,119.1227,85.0455,6.2995,1,1,0.8389
2024-03-15 02:00:00,103.3733,14.583,3.2484,0,0,0.0027
2024-03-15 03:00:00,95.9883,10.7087,6.9059,0,0,0.1245
2024-03-15 04:00:00,141.4333,66.7369,9.5516,0,1,0.7108
2024-03-15 05:00:00,106.8322,74.1784,1.0926,1,1,0.8451
2024-03-15 06:00:00,139.7936,98.1538,1.2379,1,1,1.0074
2024-03-15 07:00:00,102.1651,86.3755,0.6952,1,1,0.8711
2024-03-15 08:00:00,107.2282,76.337,14.2615,0,1,0.8687
2024-03-15 09:00:00,124.09,63.6256,1.278,0,1,0.5149
2024-03-15 10:00:00,107.2578,59.8874,0.4288,1,1,0.7617
2024-03-15 11:00:00,95.6327,36.1697,0.4979,0,0,0.3747
2024-03-15 12:00:00,98.6421,53.8747,2.5862,1,1,0.4929
2024-03-15 13:00:00,115.3119,53.7491,10.8982,1,1,0.5718
2024-03-15 14:00:00,99.5559,63.1935,0.5559,0,1,0.6003
2024-03-15 15:00:00,112.2247,65.0346,1.2824,0,1,0.6263
2024-03-15 16:00:00,72.8477,71.0801,1.0205,1,1,0.6353
2024-03-15 17:00:00,101.3855,83.502,5.3848,0,1,0.6947
2024-03-15 18:00:00,107.7358,53.9111,1.9921,1,1,0.6188
2024-03-15 19:00:00,102.1602,74.2861,18.24,1,1,0.7911
2024-03-15 20:00:00,94.0877,57.5478,5.5185,1,1,0.7791
2024-03-15 21:00:00,95.9418,47.9804,3.669,0,0,0.5928
2024-03-15 22:00:00,111.9726,38.4265,4.3039,0,0,0.2223
2024-03-15 23:00:00,135.7751,15.716,10.7529,0,0,0.0525
2024-03-16 00:00:00,87.3064,90.3589,7.1334,1,1,0.8426
2024-03-16 01:00:00,106.1646,47.5424,0.7061,0,0,0.5399
2024-03-16 02:00:00,127.2284,52.6004,2.7411,1,1,0.5427
2024-03-16 03:00:00,116.4379,54.531,5.4118,0,1,0.5406
2024-03-16 04:00:00,109.2485,94.5068,4.33,1,1,0.9337
2024-03-16 05:00:00,103.2558,41.2088,13.638,1,0,0.4725
2024-03-16 06:00:00,111.0589,72.7763,0.1741,1,1,0.801
2024-03-16 07:00:00,109.1434,11.8726,11.8231,0,0,0.1408
2024-03-16 08:00:00,74.098,35.921,2.4309,0,0,0.3255
2024-03-16 09:00:00,98.8224,27.2981,0.246,0,0,0.0954
2024-03-16 10:00:00,78.0874,40.9463,1.1026,1,0,0.2674
2024-03-16 11:00:00,132.57,30.8893,1.0055,0,0,0.3
2024-03-16 12:00:00,124.7024,29.7732,0.7713,0,0,0.1338
2024-03-16 13:00:00,97.6254,91.8163,0.1735,1,1,0.9239
2024-03-16 14:00:00,124.4172,40.5238,7.9182,1,0,0.4309
2024-03-16 15:00:00,152.064,64.189,0.883,1,1,0.6568
2024-03-16 16:00:00,100.4183,85.822,1.947,1,1,0.8137
2024-03-16 17:00:00,132.7519,69.1262,4.2442,0,1,0.8343
2024-03-16 18:00:00,117.0046,21.8043,3.3067,0,0,0.1259
2024-03-16 19:00:00,106.933,36.4055,2.1072,0,0,0.372
2024-03-16 20:00:00,92.3186,74.0247,4.9539,1,1,0.871
2024-03-16 21:00:00,101.5748,96.3823,8.4911,1,1,0.8447
2024-03-16 22:00:00,104.2888,84.9773,4.3043,1,1,0.8565
2024-03-16 23:00:00,71.9797,70.5797,3.0083,1,1,0.744
2024-03-17 00:00:00,119.8685,76.1126,1.2093,1,1,0.6279
2024-03-17 01:00:00,105.5369,81.6375,4.8552,1,1,0.8074
2024-03-17 02:00:00,118.6832,81.978,3.947,0,1,0.8785
2024-03-17 03:00:00,103.9077,86.0078,0.6268,1,1,0.7838
2024-03-17 04:00:00,161.4229,65.9658,1.6377,1,1,0.5613
2024-03-17 05:00:00,83.0836,35.4211,7.3161,0,0,0.1675
2024-03-17 06:00:00,95.2766,77.4329,12.8776,1,1,0.7377
2024-03-17 07:00:00,122.8553,70.0351,2.0568,0,1,0.5605
2024-03-17 08:00:00,150.6897,21.6187,11.1526,0,0,0.1733
2024-03-17 09:00:00,94.2926,27.9536,1.4738,1,0,0.3775
2024-03-17 10:00:00,141.797,64.5174,8.225,0,1,0.7518
2024-03-17 11:00:00,95.5718,19.0813,3.3409,1,0,0.2971
2024-03-17 12:00:00,132.7911,47.4386,3.9803,1,0,0.5183
2024-03-17 13:00:00,112.2914,99.4391,5.442,1,1,1.1836
2024-03-17 14:00:00,148.5767,37.3287,5.5133,0,0,0.1991
2024-03-17 15:00:00,141.0408,28.849,2.0956,0,0,0.3279
2024-03-17 16:00:00,100.1324,14.2344,3.6602,0,0,0.0625
2024-03-17 17:00:00,160.4861,11.6318,0.326,0,0,0.2249
2024-03-17 18:00:00,92.1189,89.2815,2.274,1,1,0.8418
2024-03-17 19:00:00,105.7757,42.1339,5.1402,1,0,0.2385
2024-03-17 20:00:00,141.5163,24.2745,16.727,0,0,0.2692
2024-03-17 21:00:00,98.6926,84.5154,0.6747,1,1,0.939
2024-03-17 22:00:00,100.2718,90.5012,1.2882,1,1,0.6557
2024-03-17 23:00:00,113.2827,12.8773,3.0572,1,0,0.1631
2024-03-18 00:00:00,118.7115,15.7299,0.5891,0,0,0.2013
2024-03-18 01:00:00,117.6176,48.7558,3.9977,1,0,0.6728
2024-03-18 02:00:00,98.535,65.5807,1.7528,1,1,0.54
2024-03-18 03:00:00,114.4239,20.8619,10.3299,0,0,0.2429
2024-03-18 04:00:00,121.8539,30.1686,1.8338,1,0,0.2234
2024-03-18 05:00:00,136.4648,33.204,2.865,0,0,0.3438
2024-03-18 06:00:00,116.6548,40.6292,20.7742,0,0,0.2616
2024-03-18 07:00:00,90.011,41.9717,0.4331,1,0,0.3223
2024-03-18 08:00:00,111.615,14.2009,10.0858,0,0,0.0483
2024-03-18 09:00:00,100.6807,88.9942,3.5132,1,1,0.7575
2024-03-18 10:00:00,133.3842,34.0742,2.5338,0,0,0.1152
2024-03-18 11:00:00,82.9081,23.6061,14.1723,0,0,0.4152
2024-03-18 12:00:00,120.5971,72.1122,32.663,1,1,0.5433
2024-03-18 13:00:00,93.2024,56.3849,1.0838,0,1,0.54
2024-03-18 14:00:00,132.6214,70.2537,9.1633,1,1,0.7437
2024-03-18 15:00:00,124.1821,73.5764,1.2542,1,1,0.6527
2024-03-18 16:00:00,114.8828,93.3969,0.0843,1,1,0.8139
2024-03-18 17:00:00,119.7058,49.4044,6.6103,0,0,0.4922
2024-03-18 18:00:00,105.5142,51.1422,2.1843,0,1,0.5735
2024-03-18 19:00:00,122.6003,85.7437,4.5932,0,1,0.9347
2024-03-18 20:00:00,110.3709,19.9838,0.823,0,0,0.1234
2024-03-18 21:00:00,123.5487,19.5303,9.8279,1,0,0.2485
2024-03-18 22:00:00,112.2082,64.9515,3.7227,1,1,0.6253
2024-03-18 23:00:00,69.3658,80.3941,8.0537,0,1,0.9495
2024-03-19 00:00:00,102.5656,95.2645,2.2522,1,1,0.8877
2024-03-19 01:00:00,136.8427,84.1249,1.3096,1,1,0.8343
2024-03-19 02:00:00,135.7542,13.7772,14.7028,0,0,0.09
2024-03-19 03:00:00,113.0143,19.487,3.7844,0,0,0.2062
2024-03-19 04:00:00,109.1291,66.6934,2.3458,0,1,0.8047
2024-03-19 05:00:00,105.604,88.3783,0.5276,1,1,0.9915
2024-03-19 06:00:00,121.9106,91.9887,0.9054,1,1,0.912
2024-03-19 07:00:00,121.0476,24.1329,5.0299,0,0,0.3266
2024-03-19 08:00:00,94.7529,36.2911,4.8141,0,0,0.2226
2024-03-19 09:00:00,122.4553,49.7366,9.2652,0,0,0.533
2024-03-19 10:00:00,132.1058,55.5307,6.9536,1,1,0.3219
2024-03-19 11:00:00,95.177,75.9297,0.8247,0,1,0.651
2024-03-19 12:00:00,108.1494,18.9365,14.2531,0,0,0.2283
2024-03-19 13:00:00,119.1373,68.2384,4.7038,1,1,0.6654
2024-03-19 14:00:00,123.5204,40.1147,9.77,1,0,0.3228
2024-03-19 15:00:00,104.2204,22.3995,1.6316,1,0,0.0832
2024-03-19 16:00:00,102.3997,86.3736,15.9778,1,1,1.0388
2024-03-19 17:00:00,103.4994,49.5198,14.8698,0,0,0.5349
2024-03-19 18:00:00,117.8466,47.4175,1.7584,0,0,0.4763
2024-03-19 19:00:00,118.5943,79.213,11.561,1,1,0.7062
2024-03-19 20:00:00,111.024,32.0784,17.8793,1,0,0.3808
2024-03-19 21:00:00,88.3122,82.8231,11.2095,1,1,0.6561
2024-03-19 22:00:00,92.9498,40.7188,3.1556,1,0,0.3549
2024-03-19 23:00:00,122.1291,55.452,0.7316,0,1,0.4306
2024-03-20 00:00:00,90.7445,17.671,13.9147,0,0,0.0244
2024-03-20 01:00:00,115.2068,43.5193,0.0018,0,0,0.4675
2024-03-20 02:00:00,105.2912,77.9361,1.4473,1,1,0.6292
2024-03-20 03:00:00,101.2169,42.4579,4.0569,0,0,0.3481
2024-03-20 04:00:00,111.8512,69.8496,1.867,0,1,0.8608
2024-03-20 05:00:00,139.738,23.645,12.8231,0,0,0.1983
2024-03-20 06:00:00,116.2936,77.8156,4.7482,0,1,0.7896
2024-03-20 07:00:00,106.4204,47.955,16.0047,1,0,0.4378
2024-03-20 08:00:00,86.5181,30.5364,0.3052,0,0,0.3009
2024-03-20 09:00:00,120.0894,82.1592,2.6413,1,1,0.7321
2024-03-20 10:00:00,130.6531,47.2068,0.7762,1,0,0.4388
2024-03-20 11:00:00,121.7109,46.8378,8.6423,0,0,0.5225
2024-03-20 12:00:00,131.162,51.2878,7.2322,1,1,0.2199
2024-03-20 13:00:00,119.5128,86.7151,8.225,1,1,0.8159
2024-03-20 14:00:00,89.4216,81.5147,15.0706,1,1,0.9192
2024-03-20 15:00:00,110.7059,42.5597,1.3884,0,0,0.3213
2024-03-20 16:00:00,120.3486,12.6787,7.7162,0,0,0.1138
2024-03-20 17:00:00,123.6725,23.1026,5.1935,0,0,0.1866
2024-03-20 18:00:00,103.1441,10.8954,2.4797,0,0,0.0583
2024-03-20 19:00:00,110.4182,82.5622,1.0745,0,1,0.8561
2024-03-20 20:00:00,117.6851,94.9279,8.9888,1,1,0.8114
2024-03-20 21:00:00,133.0085,17.63,0.3657,0,0,0.1571
2024-03-20 22:00:00,128.5146,38.3324,16.5327,0,0,0.4654
2024-03-20 23:00:00,122.4491,98.375,1.6163,1,1,0.9645
2024-03-21 00:00:00,118.2241,24.7892,11.1578,0,0,0.3441
2024-03-21 01:00:00,94.1772,15.5321,0.6589,0,0,0.1985
2024-03-21 02:00:00,92.9016,78.3273,6.7287,1,1,0.6025
2024-03-21 03:00:00,109.9835,69.4159,14.4426,1,1,0.9417
2024-03-21 04:00:00,129.1718,67.7319,0.8235,0,1,0.7189
2024-03-21 05:00:00,118.2414,91.226,2.9294,1,1,0.747
2024-03-21 06:00:00,121.0531,15.2029,5.5773,1,0,0.242
2024-03-21 07:00:00,86.1452,66.8447,7.1478,1,1,0.8617
2024-03-21 08:00:00,86.8251,74.2033,0.0541,1,1,0.7897
2024-03-21 09:00:00,130.5325,69.4325,0.6238,1,1,0.8012
2024-03-21 10:00:00,110.9936,56.7801,1.8637,1,1,0.4813
2024-03-21 11:00:00,89.344,36.6152,0.5413,1,0,0.3311
2024-03-21 12:00:00,126.5289,46.1803,4.9516,1,0,0.2561
2024-03-21 13:00:00,115.9673,71.2784,3.1849,1,1,0.7122
2024-03-21 14:00:00,161.5841,59.8249,5.4002,1,1,0.7676
2024-03-21 15:00:00,132.7788,37.3891,1.775,0,0,0.3091
2024-03-21 16:00:00,117.4877,76.8428,0.6669,1,1,0.7469
2024-03-21 17:00:00,109.0627,91.8308,6.7917,1,1,0.9241
2024-03-21 18:00:00,115.5626,10.7112,3.029,0,0,-0.0028
2024-03-21 19:00:00,109.8952,35.1803,0.365,1,0,0.2388
2024-03-21 20:00:00,87.2668,57.5013,19.3145,0,1,0.6919
2024-03-21 21:00:00,127.3592,92.8406,12.0679,1,1,1.1071
2024-03-21 22:00:00,116.3086,73.0266,2.088,1,1,0.7905
2024-03-21 23:00:00,64.985,50.157,1.588,1,1,0.3696
2024-03-22 00:00:00,100.8957,28.462,22.0974,0,0,0.1932
2024-03-22 01:00:00,97.627,58.9983,2.4023,1,1,0.5441
2024-03-22 02:00:00,128.2982,80.9507,11.0874,1,1,0.9991
2024-03-22 03:00:00,110.9354,68.6833,0.5986,1,1,0.826
2024-03-22 04:00:00,136.8966,72.7724,3.1417,1,1,0.7019
2024-03-22 05:00:00,84.7193,89.8907,4.3971,1,1,0.8634
2024-03-22 06:00:00,93.4654,80.3407,10.4471,1,1,0.6591
2024-03-22 07:00:00,129.7943,46.4055,5.8791,0,0,0.383
2024-03-22 08:00:00,100.6047,27.7566,7.9105,1,0,0.1496
2024-03-22 09:00:00,93.771,37.1378,7.1036,1,0,0.3303
2024-03-22 10:00:00,102.7948,13.3273,1.2721,1,0,0.0431
2024-03-22 11:00:00,98.8472,40.1044,0.5438,0,0,0.2381
2024-03-22 12:00:00,120.8808,75.2589,30.1725,0,1,0.7261
2024-03-22 13:00:00,130.7028,76.6047,4.6231,1,1,0.7873
2024-03-22 14:00:00,84.837,21.3405,4.5696,0,0,0.2446
2024-03-22 15:00:00,106.8227,99.2732,2.2514,1,1,0.7865
2024-03-22 16:00:00,112.0016,35.5535,10.1766,0,0,0.1052
2024-03-22 17:00:00,113.1601,18.3538,5.4668,0,0,0.1866
2024-03-22 18:00:00,125.9057,59.6607,9.0611,0,1,0.4896
2024-03-22 19:00:00,113.811,56.9202,16.5173,0,1,0.695
2024-03-22 20:00:00,101.9482,78.1342,2.7381,1,1,0.8299
2024-03-22 21:00:00,92.9267,24.4025,5.0814,0,0,0.2117
2024-03-22 22:00:00,80.838,12.5102,10.0186,0,0,0.214
2024-03-22 23:00:00,105.5053,81.6939,1.6439,1,1,0.9045
2024-03-23 00:00:00,112.0525,63.3253,6.4377,0,1,0.738
2024-03-23 01:00:00,127.4547,31.7206,1.6139,0,0,0.3706
2024-03-23 02:00:00,105.4093,79.6742,1.4496,1,1,0.892
2024-03-23 03:00:00,151.2616,75.3858,3.5446,0,1,0.882
2024-03-23 04:00:00,110.534,98.8259,2.7206,0,1,0.816
2024-03-23 05:00:00,103.6342,19.9398,9.0485,0,0,0.2706
2024-03-23 06:00:00,118.3042,15.3951,20.3982,1,0,0.1601
2024-03-23 07:00:00,95.3748,43.5681,0.4337,1,0,0.4999
2024-03-23 08:00:00,115.4024,66.4291,0.5331,1,1,0.6547
2024-03-23 09:00:00,76.8198,41.9026,8.1993,1,0,0.2582
2024-03-23 10:00:00,123.3467,14.296,1.3903,1,0,0.2298
2024-03-23 11:00:00,113.0061,68.5866,3.4157,1,1,0.5976
2024-03-23 12:00:00,115.4555,21.2275,4.4712,0,0,0.1059
2024-03-23 13:00:00,114.5148,36.8165,5.4775,0,0,0.2721
2024-03-23 14:00:00,90.2611,76.3173,0.5489,1,1,0.9401
2024-03-23 15:00:00,96.6367,50.7832,7.5916,0,1,0.5551
2024-03-23 16:00:00,138.5082,98.4656,6.1641,1,1,1.0303
2024-03-23 17:00:00,120.3107,82.4849,4.1125,1,1,0.8673
2024-03-23 18:00:00,101.7709,99.01,9.0827,1,1,0.7869
2024-03-23 19:00:00,119.0749,60.9038,2.3566,0,1,0.6671
2024-03-23 20:00:00,118.8542,90.4905,3.6591,0,1,0.9967
2024-03-23 21:00:00,145.1387,66.497,12.9676,1,1,0.5622
2024-03-23 22:00:00,130.8049,57.996,2.4111,1,1,0.8213
2024-03-23 23:00:00,118.9322,63.5994,4.6023,1,1,0.4112
2024-03-24 00:00:00,104.3194,41.5303,4.4622,0,0,0.4296
2024-03-24 01:00:00,142.2682,35.6082,7.8897,1,0,0.4147
2024-03-24 02:00:00,110.2383,80.631,15.4033,0,1,0.6529
2024-03-24 03:00:00,97.1756,74.3369,4.2857,0,1,0.8312
2024-03-24 04:00:00,91.2367,70.519,0.6248,1,1,0.5827
2024-03-24 05:00:00,97.3238,74.2916,7.2203,1,1,0.8293
2024-03-24 06:00:00,105.7993,56.77,2.2369,1,1,0.603
2024-03-24 07:00:00,125.0051,32.287,5.583,0,0,0.1016
2024-03-24 08:00:00,127.5242,39.5062,11.7061,0,0,0.2595
2024-03-24 09:00:00,131.5753,62.4132,2.7394,1,1,0.4778
2024-03-24 10:00:00,114.6129,84.0558,2.5023,1,1,0.9182
2024-03-24 11:00:00,126.1559,42.5141,6.8189,0,0,0.4601
2024-03-24 12:00:00,150.4414,18.8189,2.1332,0,0,0.0717
2024-03-24 13:00:00,127.5095,74.0476,7.7591,1,1,0.6573
2024-03-24 14:00:00,139.2946,84.5594,9.5606,1,1,0.8611
2024-03-24 15:00:00,86.3506,17.3752,4.2589,0,0,0.0566
2024-03-24 16:00:00,99.4315,15.5974,3.6987,0,0,0.2297
2024-03-24 17:00:00,99.2783,89.9658,14.0835,1,1,0.8278
2024-03-24 18:00:00,66.5236,52.8628,8.3875,0,1,0.4602
2024-03-24 19:00:00,113.3193,50.1548,4.9459,0,1,0.4062
2024-03-24 20:00:00,135.7603,43.2365,7.5171,0,0,0.3055
2024-03-24 21:00:00,102.9707,57.363,5.5292,1,1,0.4898
2024-03-24 22:00:00,115.4093,62.9416,0.1299,1,1,0.6481
2024-03-24 23:00:00,97.5583,56.705,4.1843,1,1,0.4627
2024-03-25 00:00:00,103.7288,45.5304,0.1222,0,0,0.4246
2024-03-25 01:00:00,116.9571,33.7324,14.5892,1,0,0.2285
2024-03-25 02:00:00,91.7583,54.8945,0.5202,1,1,0.6529
2024-03-25 03:00:00,132.0949,48.108,12.6707,1,0,0.5029
2024-03-25 04:00:00,79.4627,49.6072,8.0948,0,0,0.4267
2024-03-25 05:00:00,117.6107,93.7932,6.5292,1,1,0.8954
2024-03-25 06:00:00,103.766,54.0587,9.4666,0,1,0.6356
2024-03-25 07:00:00,137.4877,97.5945,1.4619,1,1,0.9001
2024-03-25 08:00:00,125.1137,84.1431,8.5289,1,1,0.8051
2024-03-25 09:00:00,76.6672,22.9912,2.1084,0,0,0.313
2024-03-25 10:00:00,70.9123,21.4412,18.1681,0,0,0.4064
2024-03-25 11:00:00,95.1119,74.0036,1.4298,1,1,0.8399
2024-03-25 12:00:00,103.6161,21.6447,2.953,0,0,0.241
2024-03-25 13:00:00,108.9554,73.4072,0.2449,0,1,0.7977
2024-03-25 14:00:00,112.6951,87.6944,3.0643,0,1,0.8891
2024-03-25 15:00:00,123.658,20.6252,23.5392,0,0,0.3301
2024-03-25 16:00:00,88.9264,29.1378,1.527,0,0,0.2465
2024-03-25 17:00:00,81.5293,52.602,7.8907,0,1,0.561
2024-03-25 18:00:00,116.5044,77.1847,1.1747,1,1,0.5481
2024-03-25 19:00:00,106.0607,94.9663,7.366,1,1,1.0829
2024-03-25 20:00:00,110.4549,43.2399,3.9624,0,0,0.5224
2024-03-25 21:00:00,101.2871,95.664,1.9422,1,1,0.9997
2024-03-25 22:00:00,109.2769,64.144,2.5651,0,1,0.4867
2024-03-25 23:00:00,137.5626,46.7758,2.1427,0,0,0.6045
2024-03-26 00:00:00,84.5795,20.878,8.4497,0,0,0.1506
2024-03-26 01:00:00,91.3617,61.4588,9.3126,1,1,0.6311
2024-03-26 02:00:00,123.1862,13.6254,9.7122,0,0,0.2784
2024-03-26 03:00:00,138.9713,23.7974,2.0306,0,0,0.2458
2024-03-26 04:00:00,108.7589,43.4321,4.7908,0,0,0.4976
2024-03-26 05:00:00,90.747,99.1918,6.7327,1,1,0.8455
2024-03-26 06:00:00,78.1649,37.2934,9.0466,0,0,0.315
2024-03-26 07:00:00,116.7235,53.7333,1.2911,1,1,0.5575
2024-03-26 08:00:00,90.989,81.2083,8.8212,1,1,0.8802
2024-03-26 09:00:00,149.3854,22.7926,0.534,0,0,0.1553
2024-03-26 10:00:00,152.2243,63.0662,6.3996,1,1,0.8359
2024-03-26 11:00:00,116.1647,14.3786,5.1006,0,0,0.1143
2024-03-26 12:00:00,120.5901,90.4828,1.8766,1,1,0.8179
2024-03-26 13:00:00,110.3072,90.0151,3.4377,1,1,0.8133
2024-03-26 14:00:00,131.7962,29.4023,1.0302,0,0,0.1851
2024-03-26 15:00:00,112.2776,83.7213,2.412,1,1,0.8376
2024-03-26 16:00:00,113.4166,53.9914,1.5373,0,1,0.679
2024-03-26 17:00:00,135.5464,21.0095,6.1447,0,0,0.1707
2024-03-26 18:00:00,123.0294,41.3784,2.1585,0,0,0.334
2024-03-26 19:00:00,148.7064,88.3384,8.1968,1,1,1.0856
2024-03-26 20:00:00,84.4357,47.5818,11.3063,0,0,0.6544
2024-03-26 21:00:00,102.8872,61.5753,7.0278,0,1,0.6288
2024-03-26 22:00:00,96.9496,60.9188,16.0087,1,1,0.4587
2024-03-26 23:00:00,126.7413,91.0259,1.9486,1,1,0.9774
2024-03-27 00:00:00,103.9614,80.3214,0.591,1,1,0.9958
2024-03-27 01:00:00,122.6688,52.7705,4.3595,1,1,0.482
2024-03-27 02:00:00,92.4461,74.803,11.9752,1,1,0.8397
2024-03-27 03:00:00,110.7919,64.5139,6.0237,0,1,0.7023
2024-03-27 04:00:00,151.6131,78.5756,4.1104,1,1,0.8648
2024-03-27 05:00:00,140.3793,55.4287,7.0688,1,1,0.6331
2024-03-27 06:00:00,80.3535,51.4843,3.8637,1,1,0.5416
2024-03-27 07:00:00,118.6499,50.4936,2.5373,0,1,0.6214
2024-03-27 08:00:00,126.5395,50.4167,5.9477,0,1,0.3993
2024-03-27 09:00:00,104.0141,87.9711,1.1071,0,1,0.6983
2024-03-27 10:00:00,93.622,39.2695,0.4745,0,0,0.2213
2024-03-27 11:00:00,123.7534,81.983,4.5561,1,1,1.0221
2024-03-27 12:00:00,114.1777,69.8052,10.4751,1,1,0.6248
2024-03-27 13:00:00,121.8977,46.8665,2.5929,0,0,0.5777
2024-03-27 14:00:00,109.7688,30.954,1.5283,0,0,0.3958
2024-03-27 15:00:00,152.288,45.5857,6.2919,1,0,0.6305
2024-03-27 16:00:00,96.8716,58.6895,3.8053,1,1,0.5354
2024-03-27 17:00:00,104.0138,96.2272,2.5272,1,1,0.7809
2024-03-27 18:00:00,121.2873,90.1039,12.7079,1,1,0.8937
2024-03-27 19:00:00,124.9983,76.2322,0.547,1,1,0.9064
2024-03-27 20:00:00,88.9501,68.1325,15.6264,0,1,0.8798
2024-03-27 21:00:00,134.6746,87.9358,8.4255,1,1,0.8285
2024-03-27 22:00:00,87.6026,73.6488,10.9218,1,1,0.7726
2024-03-27 23:00:00,112.6313,61.4795,1.7401,1,1,0.6665
2024-03-28 00:00:00,107.2815,81.6543,4.2211,1,1,0.79
2024-03-28 01:00:00,100.4414,73.6659,0.4289,0,1,0.7484
2024-03-28 02:00:00,131.9072,60.494,37.428,1,1,0.4179
2024-03-28 03:00:00,72.4325,21.1403,2.9218,0,0,0.109
2024-03-28 04:00:00,100.0615,60.3418,0.2081,1,1,0.5511
2024-03-28 05:00:00,97.1271,27.3184,3.9702,0,0,0.1214
2024-03-28 06:00:00,127.5195,65.6834,5.5059,0,1,0.7583
2024-03-28 07:00:00,139.0745,61.917,1.5996,1,1,0.6429
2024-03-28 08:00:00,125.8334,14.7587,3.411,1,0,0.1663
2024-03-28 09:00:00,136.4372,61.322,8.9562,1,1,0.6767
2024-03-28 10:00:00,74.5526,27.0456,20.4505,1,0,0.3406
2024-03-28 11:00:00,115.3914,52.8252,1.4075,1,1,0.4059
2024-03-28 12:00:00,88.9501,90.7178,1.2798,1,1,0.9683
2024-03-28 13:00:00,106.1937,20.8255,5.2191,0,0,0.2274
2024-03-28 14:00:00,116.7964,94.2564,1.2165,1,1,0.8927
2024-03-28 15:00:00,114.2364,26.1769,0.0625,1,0,0.1092
2024-03-28 16:00:00,136.1549,11.7076,1.3965,0,0,-0.0264
2024-03-28 17:00:00,78.7854,80.8081,0.105,1,1,0.7345
2024-03-28 18:00:00,98.3399,32.0758,4.7366,0,0,0.4007
2024-03-28 19:00:00,87.3129,73.5056,9.0987,1,1,0.7809
2024-03-28 20:00:00,84.6116,89.889,2.6767,1,1,0.9022
2024-03-28 21:00:00,129.8619,49.9807,4.0062,1,0,0.5798
2024-03-28 22:00:00,115.7812,82.6229,4.1976,1,1,0.752
2024-03-28 23:00:00,139.3012,64.6169,2.6579,0,1,0.75
2024-03-29 00:00:00,132.9533,46.1618,9.4162,1,0,0.4504
2024-03-29 01:00:00,113.8443,14.0485,4.3482,0,0,0.2045
2024-03-29 02:00:00,96.09,87.5777,4.9343,1,1,0.986
2024-03-29 03:00:00,129.6645,12.0937,10.9733,1,0,0.2452
2024-03-29 04:00:00,100.8585,49.3316,19.3475,0,0,0.3789
2024-03-29 05:00:00,92.1715,47.3443,6.8677,0,0,0.4118
2024-03-29 06:00:00,93.0153,87.3684,6.1336,0,1,0.734
2024-03-29 07:00:00,114.8001,38.5644,20.0637,0,0,0.178
2024-03-29 08:00:00,134.3859,33.146,8.1336,1,0,0.1372
2024-03-29 09:00:00,113.6267,20.318,1.5296,1,0,0.1982
2024-03-29 10:00:00,133.6967,18.94,2.312,0,0,0.2962
2024-03-29 11:00:00,114.3021,25.134,11.5156,1,0,0.1603
2024-03-29 12:00:00,105.4415,22.9631,13.8169,0,0,0.1094
2024-03-29 13:00:00,159.3501,32.9999,1.9295,1,0,0.3487
2024-03-29 14:00:00,143.9432,18.0666,2.2086,1,0,0.0424
2024-03-29 15:00:00,116.1344,37.6115,15.8613,0,0,0.5581
2024-03-29 16:00:00,98.5142,46.6549,0.7222,1,0,0.4903
2024-03-29 17:00:00,85.2129,25.2272,9.8286,0,0,0.2007
2024-03-29 18:00:00,119.6553,65.3028,21.4357,0,1,0.6303
2024-03-29 19:00:00,108.4088,39.2762,1.4178,0,0,0.2816
2024-03-29 20:00:00,120.7927,12.4454,3.8639,0,0,-0.0038
2024-03-29 21:00:00,118.3327,15.2652,0.6892,0,0,0.1037
2024-03-29 22:00:00,120.2792,45.0946,19.8195,0,0,0.6362
2024-03-29 23:00:00,132.3821,38.8037,7.6674,0,0,0.2895
2024-03-30 00:00:00,118.2005,47.1541,3.5408,0,0,0.6076
2024-03-30 01:00:00,100.4243,39.1796,3.2288,0,0,0.4704
2024-03-30 02:00:00,99.6223,43.7962,1.8806,0,0,0.3984
2024-03-30 03:00:00,122.8282,84.4967,8.2319,0,1,0.9248
2024-03-30 04:00:00,94.4689,20.887,4.6329,1,0,0.0354
2024-03-30 05:00:00,125.1591,28.2304,6.3667,0,0,0.2718
2024-03-30 06:00:00,125.0947,77.692,6.3215,1,1,0.9245
2024-03-30 07:00:00,112.1057,62.7426,5.1777,1,1,0.7022
2024-03-30 08:00:00,99.4673,54.3681,4.038,1,1,0.5821
2024-03-30 09:00:00,82.4147,77.7151,21.0243,1,1,0.7384
2024-03-30 10:00:00,93.6045,44.6544,3.1301,0,0,0.3246
2024-03-30 11:00:00,85.0022,20.3573,4.2696,0,0,0.1941
2024-03-30 12:00:00,113.3454,15.4569,0.2733,0,0,0.4806
2024-03-30 13:00:00,105.3092,51.8341,4.8222,0,1,0.5769
2024-03-30 14:00:00,97.1107,46.6369,3.4371,0,0,0.3243
2024-03-30 15:00:00,127.8721,53.5754,2.8651,0,1,0.4579
2024-03-30 16:00:00,115.1302,46.6744,15.3055,1,0,0.5304
2024-03-30 17:00:00,113.7343,31.0366,0.9397,0,0,0.3515
2024-03-30 18:00:00,122.4979,89.754,4.1044,1,1,0.7053
2024-03-30 19:00:00,130.7103,34.2244,4.0935,1,0,0.0203
2024-03-30 20:00:00,85.438,96.7127,0.2963,1,1,1.0806
2024-03-30 21:00:00,125.0665,70.7588,2.1355,1,1,0.7075
2024-03-30 22:00:00,81.9103,32.1684,10.1088,1,0,0.3472
2024-03-30 23:00:00,99.3232,59.9237,0.8001,1,1,0.6318
2024-03-31 00:00:00,130.3284,80.6693,5.7286,1,1,0.9603
2024-03-31 01:00:00,124.8281,37.4152,0.3383,0,0,0.3139
2024-03-31 02:00:00,124.3803,46.6071,6.3447,1,0,0.6209
2024-03-31 03:00:00,116.1031,17.5518,4.217,0,0,0.1329
2024-03-31 04:00:00,137.2363,67.2219,14.7206,1,1,0.5746
2024-03-31 05:00:00,86.5422,28.3111,6.5054,0,0,0.1871
2024-03-31 06:00:00,107.7577,97.112,6.252,1,1,0.7751
2024-03-31 07:00:00,113.8148,43.5975,3.3747,1,0,0.5434
2024-03-31 08:00:00,147.9498,98.6778,6.0907,1,1,1.0758
2024-03-31 09:00:00,130.6388,80.3821,14.3015,0,1,0.9611
2024-03-31 10:00:00,130.8498,58.3782,21.4178,1,1,0.5085
2024-03-31 11:00:00,99.9529,48.1377,1.2117,0,0,0.5322
2024-03-31 12:00:00,151.6632,92.0343,3.0084,1,1,1.0096
2024-03-31 13:00:00,121.1404,50.6568,3.8652,1,1,0.6239
2024-03-31 14:00:00,95.7683,10.0901,5.6145,0,0,0.2228
2024-03-31 15:00:00,153.3315,51.8187,2.0064,0,1,0.5162
2024-03-31 16:00:00,88.5474,84.6435,4.2182,1,1,0.8549
2024-03-31 17:00:00,98.1403,36.0325,10.4361,0,0,0.3306
2024-03-31 18:00:00,109.0483,97.4874,14.6187,1,1,1.0805
2024-03-31 19:00:00,96.2314,10.0489,0.7788,0,0,0.1167
2024-03-31 20:00:00,122.1375,94.0156,3.8784,1,1,0.9698
2024-03-31 21:00:00,117.8411,53.3968,5.7179,0,1,0.5014
2024-03-31 22:00:00,115.0423,63.8081,1.8877,1,1,0.7509
2024-03-31 23:00:00,145.6393,85.5539,0.034,1,1,0.6462
2024-04-01 00:00:00,85.0259,44.2138,4.7028,0,0,0.5573
2024-04-01 01:00:00,136.5913,41.6276,6.2259,1,0,0.5422
2024-04-01 02:00:00,98.9435,66.8986,2.2186,1,1,0.8042
2024-04-01 03:00:00,138.2522,62.6643,0.6374,1,1,0.762
2024-04-01 04:00:00,145.8748,55.9296,18.9388,1,1,0.652
2024-04-01 05:00:00,152.6954,14.0936,4.7577,0,0,0.1319
2024-04-01 06:00:00,109.8651,76.5265,3.7727,1,1,0.7661
2024-04-01 07:00:00,93.1484,60.6773,6.5537,0,1,0.6154
2024-04-01 08:00:00,118.7897,37.0575,6.5942,0,0,0.3989
2024-04-01 09:00:00,112.2404,45.5774,1.4304,0,0,0.4046
2024-04-01 10:00:00,82.8536,21.0679,4.6006,0,0,0.0935
2024-04-01 11:00:00,125.8177,22.5685,7.1111,1,0,0.2424
2024-04-01 12:00:00,97.3096,60.0831,0.9882,1,1,0.6426
2024-04-01 13:00:00,137.9802,35.1512,0.9998,1,0,0.4252
2024-04-01 14:00:00,129.7869,48.8766,5.2406,1,0,0.3828
2024-04-01 15:00:00,108.3553,64.9401,3.4157,0,1,0.8063
2024-04-01 16:00:00,113.822,96.1675,0.6363,1,1,1.0757
2024-04-01 17:00:00,109.0336,38.6474,0.4666,1,0,0.4729
2024-04-01 18:00:00,105.3439,71.3891,14.6075,1,1,0.6774
2024-04-01 19:00:00,166.5182,40.8372,4.2666,0,0,0.3288
2024-04-01 20:00:00,97.1177,33.5224,14.8826,0,0,0.252
2024-04-01 21:00:00,114.1821,77.7425,2.4506,1,1,0.7396
2024-04-01 22:00:00,130.2953,50.7446,2.6176,0,1,0.4435
2024-04-01 23:00:00,106.6287,32.1335,5.9605,0,0,0.336
2024-04-02 00:00:00,102.432,98.472,0.7455,0,1,0.9777
2024-04-02 01:00:00,90.3815,40.7467,2.1026,0,0,0.3964
2024-04-02 02:00:00,133.7749,51.3819,0.5039,0,1,0.5231
2024-04-02 03:00:00,125.5203,63.9562,2.1937,0,1,0.8653
2024-04-02 04:00:00,121.3605,11.4287,6.1424,0,0,0.2055
2024-04-02 05:00:00,87.3071,72.2661,10.5625,1,1,0.7854
2024-04-02 06:00:00,121.9527,68.1799,3.4626,0,1,0.6379
2024-04-02 07:00:00,118.2015,10.1843,1.0202,0,0,0.1779
2024-04-02 08:00:00,107.4759,52.8876,2.566,1,1,0.5765
2024-04-02 09:00:00,89.5987,91.13,1.2851,1,1,0.8494
2024-04-02 10:00:00,112.332,70.5436,21.2152,1,1,0.8028
2024-04-02 11:00:00,98.319,47.1847,5.0121,1,0,0.294
2024-04-02 12:00:00,114.6982,90.5741,2.0755,1,1,0.9596
2024-04-02 13:00:00,114.4168,73.297,6.9679,1,1,0.825
2024-04-02 14:00:00,107.5082,78.6219,3.7103,1,1,0.7548
2024-04-02 15:00:00,128.5291,58.4318,0.1031,1,1,0.6073
2024-04-02 16:00:00,112.2063,80.8575,4.659,1,1,0.8496
2024-04-02 17:00:00,122.4635,68.4188,20.0897,1,1,0.8421
2024-04-02 18:00:00,120.5634,16.9771,0.3048,0,0,0.1799
2024-04-02 19:00:00,130.7298,12.7853,2.3352,0,0,0.0426
2024-04-02 20:00:00,96.7592,84.8875,0.9227,1,1,0.9322
2024-04-02 21:00:00,107.4247,70.4452,16.5659,1,1,0.6801
2024-04-02 22:00:00,129.266,70.5021,3.7658,1,1,0.6672
2024-04-02 23:00:00,116.0315,41.7695,0.0234,1,0,0.34
2024-04-03 00:00:00,132.7919,83.1503,2.4287,1,1,0.789
2024-04-03 01:00:00,126.2408,84.472,0.1402,1,1,0.8195
2024-04-03 02:00:00,105.7404,42.2169,11.777,1,0,0.4663
2024-04-03 03:00:00,128.5856,25.9468,4.1433,1,0,0.3697
2024-04-03 04:00:00,108.978,79.1169,9.8077,1,1,0.6645
2024-04-03 05:00:00,129.911,72.7327,15.5852,1,1,0.9023
2024-04-03 06:00:00,145.3832,10.7588,1.0442,0,0,0.1552
2024-04-03 07:00:00,132.252,51.6423,4.8494,1,1,0.4426
2024-04-03 08:00:00,152.911,94.2623,1.0032,1,1,0.9685
2024-04-03 09:00:00,86.6952,50.012,1.2319,0,1,0.5196
2024-04-03 10:00:00,103.9969,29.9369,2.1175,0,0,0.38
2024-04-03 11:00:00,108.8654,11.7804,10.2824,0,0,-0.009
2024-04-03 12:00:00,106.5614,35.3021,12.1871,1,0,0.3589
2024-04-03 13:00:00,119.8929,92.9259,4.5779,1,1,0.8141
2024-04-03 14:00:00,107.1276,42.2039,4.2664,1,0,0.5662
2024-04-03 15:00:00,132.559,18.097,11.1021,0,0,0.1406
2024-04-03 16:00:00,130.4731,65.2098,6.1271,1,1,0.6631
2024-04-03 17:00:00,120.626,37.2861,10.5877,1,0,0.3775
2024-04-03 18:00:00,96.0393,74.6029,0.977,1,1,0.7619
2024-04-03 19:00:00,122.9487,31.0832,0.8058,1,0,0.2124
2024-04-03 20:00:00,125.1449,54.4428,8.5462,0,1,0.7979
2024-04-03 21:00:00,119.6236,42.6699,0.1541,0,0,0.3076
2024-04-03 22:00:00,114.0417,35.2681,0.1977,1,0,0.3657
2024-04-03 23:00:00,137.6928,91.4057,3.8565,1,1,0.6641
2024-04-04 00:00:00,104.0731,73.6271,15.8542,1,1,0.7606
2024-04-04 01:00:00,107.2139,28.8178,14.1261,0,0,0.3836
2024-04-04 02:00:00,125.0601,27.6478,8.2306,0,0,0.1838
2024-04-04 03:00:00,122.7149,83.9011,1.8674,1,1,0.8524
2024-04-04 04:00:00,128.2758,45.6478,1.7225,0,0,0.5068
2024-04-04 05:00:00,108.6637,88.2925,2.1466,1,1,0.8332
2024-04-04 06:00:00,90.8775,61.2192,0.9948,0,1,0.7492
2024-04-04 07:00:00,92.2136,54.461,3.6541,1,1,0.5561
2024-04-04 08:00:00,106.1143,59.6607,11.5245,0,1,0.6225
2024-04-04 09:00:00,127.2712,69.3855,3.4423,1,1,0.7978
2024-04-04 10:00:00,127.2752,60.9136,4.6254,1,1,0.6315
2024-04-04 11:00:00,82.2467,71.4145,29.6507,1,1,0.8394
2024-04-04 12:00:00,122.8273,60.8626,12.6286,1,1,0.5145
2024-04-04 13:00:00,112.1077,15.8825,13.8885,0,0,0.2674
2024-04-04 14:00:00,95.6228,21.5422,13.1977,0,0,0.326
2024-04-04 15:00:00,151.4629,15.8544,3.9701,0,0,0.23
2024-04-04 16:00:00,118.1911,33.3662,2.462,0,0,0.2538
2024-04-04 17:00:00,127.9299,61.2913,2.9705,1,1,0.819
2024-04-04 18:00:00,157.9954,30.5169,0.6187,0,0,0.3003
2024-04-04 19:00:00,103.6112,57.0772,4.0424,1,1,0.6231
2024-04-04 20:00:00,106.8011,80.4027,2.065,0,1,0.8088
2024-04-04 21:00:00,139.3877,27.2666,2.2761,0,0,0.417
2024-04-04 22:00:00,91.0741,71.0181,1.3686,1,1,0.6245
2024-04-04 23:00:00,114.9521,99.2756,8.5074,1,1,0.953
2024-04-05 00:00:00,114.4786,72.3687,1.0434,1,1,0.6799
2024-04-05 01:00:00,130.4517,57.9647,2.59,1,1,0.5517
2024-04-05 02:00:00,120.698,32.7629,2.2183,1,0,0.4848
2024-04-05 03:00:00,97.9155,60.4104,12.4212,1,1,0.7065
2024-04-05 04:00:00,130.5083,50.8534,12.6994,1,1,0.5274
2024-04-05 05:00:00,128.3184,94.4101,8.3276,1,1,0.9029
2024-04-05 06:00:00,95.5483,67.687,12.0213,1,1,0.6749
2024-04-05 07:00:00,101.8319,94.8767,6.1488,1,1,0.9713
2024-04-05 08:00:00,104.6378,14.6677,9.1337,0,0,0.0391
2024-04-05 09:00:00,93.8631,94.4883,0.52,1,1,0.9054
2024-04-05 10:00:00,132.1481,48.9293,3.6682,0,0,0.541
2024-04-05 11:00:00,108.1464,99.5596,5.446,1,1,0.9595
2024-04-05 12:00:00,108.9478,34.6632,1.9324,0,0,0.2596
2024-04-05 13:00:00,95.8121,71.2156,3.7469,1,1,0.5716
2024-04-05 14:00:00,106.9408,51.9928,4.2794,0,1,0.4898
2024-04-05 15:00:00,139.4522,42.5325,3.7956,1,0,0.4073
2024-04-05 16:00:00,126.7184,78.312,2.5059,1,1,0.7838
2024-04-05 17:00:00,85.8059,89.5422,3.9525,1,1,0.7562
2024-04-05 18:00:00,96.668,30.2093,1.1215,1,0,0.3123
2024-04-05 19:00:00,124.7893,35.014,1.9306,0,0,0.3117
2024-04-05 20:00:00,105.1825,47.8056,2.9702,1,0,0.484
2024-04-05 21:00:00,104.2344,50.3975,1.1035,0,1,0.5454
2024-04-05 22:00:00,98.9238,10.4643,14.4341,0,0,0.1523
2024-04-05 23:00:00,90.7865,27.5147,2.7784,0,0,0.2653
2024-04-06 00:00:00,115.4729,17.3628,2.8559,1,0,0.1788
2024-04-06 01:00:00,107.2494,61.4638,0.4299,1,1,0.7531
2024-04-06 02:00:00,133.5714,12.2835,0.1206,0,0,0.0112
2024-04-06 03:00:00,112.6875,76.37,0.5509,1,1,0.8627
2024-04-06 04:00:00,97.1428,98.0286,4.1192,1,1,0.9332
2024-04-06 05:00:00,125.8631,48.1438,4.7037,1,0,0.471
2024-04-06 06:00:00,137.1618,16.6996,1.8257,1,0,0.1711
2024-04-06 07:00:00,101.1297,32.4986,24.3245,0,0,0.2558
2024-04-06 08:00:00,84.397,24.8033,7.3645,0,0,0.1917
2024-04-06 09:00:00,105.5857,37.9725,7.3667,0,0,0.3623
2024-04-06 10:00:00,90.5117,66.3395,6.0016,1,1,0.6267
2024-04-06 11:00:00,142.3146,18.7053,3.7491,0,0,0.0487
2024-04-06 12:00:00,89.8658,53.197,0.2126,0,1,0.5038
2024-04-06 13:00:00,108.2273,82.7253,14.6666,0,1,0.9136
2024-04-06 14:00:00,139.4264,63.3278,1.8345,0,1,0.6073
2024-04-06 15:00:00,129.0025,66.3667,4.4272,1,1,0.7901
2024-04-06 16:00:00,105.0234,40.0872,11.5268,0,0,0.5141
2024-04-06 17:00:00,100.3625,32.5369,3.913,0,0,0.3414
2024-04-06 18:00:00,110.7881,19.7057,5.1212,0,0,0.1763
2024-04-06 19:00:00,109.7778,31.4523,6.7211,0,0,0.2779
2024-04-06 20:00:00,139.8676,40.6722,3.821,0,0,0.5072
2024-04-06 21:00:00,111.2704,14.899,0.2418,1,0,0.0071
2024-04-06 22:00:00,90.5664,40.023,1.8045,0,0,0.3363
2024-04-06 23:00:00,131.0425,81.47,1.0427,1,1,0.766
2024-04-07 00:00:00,131.929,94.9193,16.6472,1,1,0.9182
2024-04-07 01:00:00,110.0439,79.8175,0.2693,1,1,0.7801
2024-04-07 02:00:00,127.3609,65.761,8.7261,1,1,0.7461
2024-04-07 03:00:00,114.8742,78.7689,10.3457,1,1,0.7858
2024-04-07 04:00:00,93.0758,66.2814,6.7074,1,1,0.6923
2024-04-07 05:00:00,112.5927,62.1041,3.7115,0,1,0.6312
2024-04-07 06:00:00,94.1622,17.6981,0.9818,0,0,0.2284
2024-04-07 07:00:00,103.0169,15.4618,2.3167,0,0,0.1642
2024-04-07 08:00:00,97.7393,13.0009,6.0063,0,0,0.374
2024-04-07 09:00:00,119.7925,38.1951,12.0766,0,0,0.441
2024-04-07 10:00:00,117.2613,86.2923,0.5193,1,1,0.7777
2024-04-07 11:00:00,91.1521,15.8525,14.9751,0,0,0.1911
2024-04-07 12:00:00,98.0897,21.4782,11.1446,0,0,0.0497
2024-04-07 13:00:00,113.9993,92.7204,6.2311,1,1,0.7037
2024-04-07 14:00:00,122.1051,49.7727,0.3788,1,0,0.5136
2024-04-07 15:00:00,115.3109,37.1324,1.1383,0,0,0.334
2024-04-07 16:00:00,75.7894,66.3567,1.158,1,1,0.6067
2024-04-07 17:00:00,136.3914,15.9211,5.1141,0,0,0.3212
2024-04-07 18:00:00,144.8185,70.9808,0.0786,1,1,0.8214
2024-04-07 19:00:00,141.5561,60.3332,12.7608,1,1,0.7695
2024-04-07 20:00:00,123.5271,36.5425,1.1535,1,0,0.4831
2024-04-07 21:00:00,125.7523,44.331,5.8461,0,0,0.5294
2024-04-07 22:00:00,102.7498,18.6247,12.9057,1,0,0.2734
2024-04-07 23:00:00,117.378,77.6767,0.0238,1,1,0.8171
2024-04-08 00:00:00,94.4933,30.9801,1.3747,1,0,0.3634
2024-04-08 01:00:00,116.2309,63.9618,8.4003,1,1,0.6876
2024-04-08 02:00:00,89.3131,69.3752,8.8983,1,1,0.7186
2024-04-08 03:00:00,124.2862,10.9546,20.8031,0,0,0.288
2024-04-08 04:00:00,107.9823,44.5528,21.747,0,0,0.4144
2024-04-08 05:00:00,127.456,81.5648,8.76,1,1,0.821
2024-04-08 06:00:00,117.3171,89.1944,2.3244,1,1,0.9773
2024-04-08 07:00:00,106.1765,65.7307,9.0942,0,1,0.6763
2024-04-08 08:00:00,128.8001,40.5655,0.2289,1,0,0.4373
2024-04-08 09:00:00,93.7945,94.3826,0.7638,1,1,0.8596
2024-04-08 10:00:00,109.5736,80.4636,1.413,1,1,0.8176
2024-04-08 11:00:00,104.8446,50.8669,5.5211,0,1,0.4559
2024-04-08 12:00:00,127.1023,39.5374,10.683,0,0,0.4078
2024-04-08 13:00:00,112.8787,27.3233,2.7482,0,0,0.2843
2024-04-08 14:00:00,118.8851,19.2421,4.2261,0,0,0.4761
2024-04-08 15:00:00,123.3279,63.5658,9.9661,1,1,0.7349
2024-04-08 16:00:00,73.4607,16.079,4.92,0,0,0.1859
2024-04-08 17:00:00,98.1248,81.0475,1.1463,0,1,1.0987
2024-04-08 18:00:00,116.2337,27.4253,10.5467,0,0,0.3453
2024-04-08 19:00:00,131.8137,61.5891,6.671,0,1,0.749
2024-04-08 20:00:00,124.179,67.3627,1.5915,0,1,0.7975
2024-04-08 21:00:00,137.0099,33.0657,5.8605,1,0,0.3286
2024-04-08 22:00:00,110.3935,47.8906,2.6883,1,0,0.4485
2024-04-08 23:00:00,115.9993,75.2161,2.6691,1,1,0.7421
2024-04-09 00:00:00,105.5715,50.0162,1.6293,0,1,0.4287
2024-04-09 01:00:00,106.6913,31.8837,11.567,1,0,0.1699
2024-04-09 02:00:00,99.8367,81.7323,8.4838,1,1,0.8681
2024-04-09 03:00:00,104.8323,15.4442,3.3493,0,0,0.1623
2024-04-09 04:00:00,110.9697,38.05,4.5831,1,0,0.3589
2024-04-09 05:00:00,102.9613,49.2263,4.9247,1,0,0.4135
2024-04-09 06:00:00,114.7539,96.3767,2.5165,1,1,0.8856
2024-04-09 07:00:00,82.6847,77.8936,5.9537,1,1,0.868
2024-04-09 08:00:00,121.7432,38.0069,2.9813,1,0,0.4123
2024-04-09 09:00:00,117.3951,89.67,5.4378,0,1,0.9217
2024-04-09 10:00:00,122.0741,79.7946,1.2614,0,1,0.845
2024-04-09 11:00:00,106.2632,23.2668,5.075,0,0,0.2643
2024-04-09 12:00:00,105.4911,37.7807,0.6124,0,0,0.1574
2024-04-09 13:00:00,131.4163,40.861,11.625,1,0,0.573
2024-04-09 14:00:00,111.6532,43.1947,3.3524,1,0,0.4327
2024-04-09 15:00:00,148.8941,10.7274,1.0128,1,0,0.0669
2024-04-09 16:00:00,89.8968,62.7796,1.9829,1,1,0.6463
2024-04-09 17:00:00,110.0556,71.047,14.3678,1,1,0.6651
2024-04-09 18:00:00,94.7545,15.1586,1.4819,0,0,0.2
2024-04-09 19:00:00,100.6846,55.6397,5.7113,1,1,0.4805
2024-04-09 20:00:00,100.6333,85.1657,13.3407,1,1,0.8422
2024-04-09 21:00:00,106.0187,87.2832,2.5392,1,1,0.9166
2024-04-09 22:00:00,128.0079,47.9855,3.8422,1,0,0.4354
2024-04-09 23:00:00,94.4914,27.5866,1.6753,1,0,0.3569
2024-04-10 00:00:00,125.0142,28.0335,4.2211,0,0,0.196
2024-04-10 01:00:00,89.3331,91.765,0.5742,1,1,1.062
2024-04-10 02:00:00,107.355,80.6737,0.6358,1,1,0.7408
2024-04-10 03:00:00,137.3866,40.7397,8.6546,0,0,0.3192
2024-04-10 04:00:00,122.4654,70.1074,10.772,1,1,0.8103
2024-04-10 05:00:00,119.169,72.5303,14.9996,1,1,0.7576
2024-04-10 06:00:00,125.4036,98.3731,4.0456,1,1,0.8126
2024-04-10 07:00:00,124.468,63.9786,3.4454,1,1,0.66
2024-04-10 08:00:00,125.3803,39.8031,0.6798,0,0,0.357
2024-04-10 09:00:00,138.8904,62.057,27.0838,0,1,0.8107
2024-04-10 10:00:00,96.3805,96.6758,3.1646,1,1,0.8948
2024-04-10 11:00:00,113.2344,65.4493,0.579,1,1,0.5528
2024-04-10 12:00:00,125.5681,47.6826,1.298,1,0,0.4045
2024-04-10 13:00:00,127.5315,24.6052,8.9516,0,0,0.3034
2024-04-10 14:00:00,124.202,50.8872,1.0196,0,1,0.3684
2024-04-10 15:00:00,137.2433,81.0272,7.1888,0,1,0.8677
2024-04-10 16:00:00,105.7707,13.7973,8.21,0,0,-0.0013
2024-04-10 17:00:00,90.9939,29.7465,1.3837,0,0,0.1243
2024-04-10 18:00:00,136.6704,10.3327,4.7767,0,0,0.1279
2024-04-10 19:00:00,114.5,30.0723,2.8822,0,0,0.4168
2024-04-10 20:00:00,104.9619,30.7247,0.7702,0,0,0.1429
2024-04-10 21:00:00,115.149,66.1528,4.5441,0,1,0.6482
2024-04-10 22:00:00,107.0009,31.5117,0.2096,0,0,0.3339
2024-04-10 23:00:00,132.0692,76.1128,13.5615,1,1,0.8882
2024-04-11 00:00:00,130.0543,95.7329,7.2791,1,1,0.9192
2024-04-11 01:00:00,119.9819,39.8364,1.0472,0,0,0.4768
2024-04-11 02:00:00,123.9812,76.6073,1.1813,0,1,0.8047
2024-04-11 03:00:00,115.1303,28.4785,1.9131,0,0,0.165
2024-04-11 04:00:00,132.458,26.582,4.2059,0,0,0.2799
2024-04-11 05:00:00,73.3837,99.089,14.8396,1,1,1.0093
2024-04-11 06:00:00,94.2184,42.6535,2.0878,0,0,0.5024
2024-04-11 07:00:00,113.89,16.6358,15.0203,0,0,0.1346
2024-04-11 08:00:00,107.3843,12.7016,12.745,1,0,0.0381
2024-04-11 09:00:00,98.0277,20.367,2.1548,0,0,0.3535
2024-04-11 10:00:00,125.4125,36.1519,1.1198,1,0,0.3148
2024-04-11 11:00:00,97.5519,27.4963,5.166,1,0,0.414
2024-04-11 12:00:00,118.4059,62.7118,2.4822,1,1,0.6086
2024-04-11 13:00:00,116.7892,78.8979,0.8308,1,1,0.8465
2024-04-11 14:00:00,115.6341,13.9514,1.7252,0,0,0.189
2024-04-11 15:00:00,100.1738,12.6717,0.3288,0,0,-0.0633
2024-04-11 16:00:00,111.2712,27.8042,1.0165,0,0,0.1092
2024-04-11 17:00:00,136.045,25.6732,1.0805,0,0,0.2191
2024-04-11 18:00:00,124.1321,89.6844,5.3649,0,1,0.806
2024-04-11 19:00:00,131.4528,74.6953,2.889,0,1,0.8169
2024-04-11 20:00:00,113.267,40.5836,10.2528,1,0,0.3662
2024-04-11 21:00:00,84.9737,59.9054,0.3595,1,1,0.7951
2024-04-11 22:00:00,106.538,26.0687,1.4103,0,0,0.1804
2024-04-11 23:00:00,112.0531,11.9343,3.7598,0,0,0.1851
2024-04-12 00:00:00,137.3967,85.8593,4.0693,1,1,0.9475
2024-04-12 01:00:00,134.5153,91.9584,0.7737,1,1,0.7649
2024-04-12 02:00:00,122.1135,11.8894,16.6458,0,0,0.2402
2024-04-12 03:00:00,99.7587,70.9707,0.2919,1,1,0.9132
2024-04-12 04:00:00,116.9537,44.103,5.7721,1,0,0.4687
2024-04-12 05:00:00,110.15,80.8673,2.6375,0,1,0.5836
2024-04-12 06:00:00,110.4738,19.9872,3.8208,1,0,0.2711
2024-04-12 07:00:00,93.1989,94.2503,4.8194,1,1,0.8553
2024-04-12 08:00:00,122.8339,37.4565,0.9311,1,0,0.3201
2024-04-12 09:00:00,114.221,31.6135,13.5005,0,0,0.1395
2024-04-12 10:00:00,128.7909,82.8539,2.3131,0,1,0.7705
2024-04-12 11:00:00,89.2355,69.4818,0.7744,1,1,0.8351
2024-04-12 12:00:00,95.0829,94.7046,0.5479,1,1,0.8543
2024-04-12 13:00:00,178.4336,97.9392,1.3307,1,1,0.7695
2024-04-12 14:00:00,99.4046,99.7925,2.4,0,1,0.7817
2024-04-12 15:00:00,119.8001,89.3497,4.1358,1,1,0.9702
2024-04-12 16:00:00,122.429,89.0549,8.4021,1,1,0.9717
2024-04-12 17:00:00,97.6361,15.884,7.3201,0,0,0.0644
2024-04-12 18:00:00,144.9704,22.9989,0.6371,0,0,0.3326
2024-04-12 19:00:00,113.6558,93.174,1.2714,0,1,0.7892
2024-04-12 20:00:00,117.4191,81.5408,4.9482,0,1,0.8669
2024-04-12 21:00:00,146.5794,27.2513,4.1464,0,0,0.2982
2024-04-12 22:00:00,101.0009,44.0376,0.384,0,0,0.5681
2024-04-12 23:00:00,106.3064,43.683,5.2329,1,0,0.3325
2024-04-13 00:00:00,108.7952,63.9594,12.085,0,1,0.4945
2024-04-13 01:00:00,90.8537,97.9283,13.8399,0,1,1.0631
2024-04-13 02:00:00,119.664,32.0095,5.1752,0,0,0.3164
2024-04-13 03:00:00,123.1166,14.1576,1.6597,0,0,0.1807
2024-04-13 04:00:00,118.0597,65.4425,4.7862,1,1,0.6263
2024-04-13 05:00:00,126.3239,27.0192,2.9862,0,0,0.2499
2024-04-13 06:00:00,129.9979,58.1922,6.893,0,1,0.4622
2024-04-13 07:00:00,120.7942,81.0629,5.7424,1,1,0.8632
2024-04-13 08:00:00,110.6596,39.4913,4.7416,0,0,0.5963
2024-04-13 09:00:00,136.2201,14.7933,2.1167,0,0,0.0478
2024-04-13 10:00:00,102.7129,81.6051,22.1049,1,1,0.8252
2024-04-13 11:00:00,139.3105,88.5566,3.0347,1,1,0.7472
2024-04-13 12:00:00,111.5304,86.6352,12.5929,0,1,0.8746
2024-04-13 13:00:00,128.2826,97.1546,0.8311,1,1,0.9921
2024-04-13 14:00:00,146.8551,89.7251,3.8443,1,1,0.9558
2024-04-13 15:00:00,75.3175,28.8314,2.2325,0,0,0.2274
2024-04-13 16:00:00,111.5658,17.3267,0.7798,0,0,0.051
2024-04-13 17:00:00,107.8693,52.3601,5.068,1,1,0.4941
2024-04-13 18:00:00,144.8022,69.7152,0.9579,0,1,0.5941
2024-04-13 19:00:00,107.8303,15.8386,17.1126,0,0,0.2174
2024-04-13 20:00:00,162.688,55.7752,35.2957,0,1,0.7446
2024-04-13 21:00:00,88.2304,77.6177,10.6827,1,1,0.8278
2024-04-13 22:00:00,121.0783,68.0564,2.2949,1,1,0.6141
2024-04-13 23:00:00,108.2116,55.8243,0.1058,1,1,0.6496
2024-04-14 00:00:00,123.8131,54.8729,8.1853,1,1,0.5285
2024-04-14 01:00:00,105.0937,51.7841,0.7773,1,1,0.6304
2024-04-14 02:00:00,107.0958,38.9641,3.0803,0,0,0.2765
2024-04-14 03:00:00,83.0963,43.6491,6.2012,1,0,0.3153
2024-04-14 04:00:00,116.893,72.5059,3.899,1,1,0.7571
2024-04-14 05:00:00,88.7909,74.4085,1.2873,0,1,0.6035
2024-04-14 06:00:00,92.0902,54.5313,2.5728,0,1,0.5657
2024-04-14 07:00:00,116.5385,34.1502,9.1671,1,0,0.2727
2024-04-14 08:00:00,112.8999,46.0851,2.1766,0,0,0.6145
2024-04-14 09:00:00,133.0092,92.9067,14.2263,0,1,1.008
2024-04-14 10:00:00,91.3481,62.5584,2.7335,0,1,0.5978
2024-04-14 11:00:00,122.4127,13.2944,2.7041,1,0,0.0331
2024-04-14 12:00:00,120.6943,29.7574,6.611,1,0,0.4378
2024-04-14 13:00:00,109.7598,28.27,2.934,0,0,0.3792
2024-04-14 14:00:00,100.9883,87.6851,2.4587,0,1,0.8022
2024-04-14 15:00:00,113.681,45.631,2.2593,0,0,0.4393
2024-04-14 16:00:00,130.5524,37.5399,1.9727,1,0,0.3254
2024-04-14 17:00:00,108.5324,89.9838,2.5448,0,1,0.8865
2024-04-14 18:00:00,129.9235,61.4233,6.4242,0,1,0.8183
2024-04-14 19:00:00,110.2942,94.1949,1.1528,0,1,0.9274
2024-04-14 20:00:00,145.3075,43.6697,1.2229,0,0,0.3251
2024-04-14 21:00:00,115.5715,59.5497,1.0596,0,1,0.6331
2024-04-14 22:00:00,112.0328,22.0897,1.0821,1,0,0.1392
2024-04-14 23:00:00,86.8939,17.5625,10.3418,1,0,0.1757
2024-04-15 00:00:00,90.1163,50.0055,5.3841,0,1,0.5044
2024-04-15 01:00:00,121.8066,41.6417,4.8232,0,0,0.3891
2024-04-15 02:00:00,111.1466,62.5566,11.5307,0,1,0.7544
2024-04-15 03:00:00,120.0668,51.8728,3.9726,1,1,0.5933
2024-04-15 04:00:00,103.1463,65.9013,7.2191,0,1,0.5872
2024-04-15 05:00:00,112.5136,48.3492,2.623,1,0,0.5323
2024-04-15 06:00:00,104.2251,52.0796,5.1641,0,1,0.3772
2024-04-15 07:00:00,120.3359,46.8057,1.2009,1,0,0.4078
2024-04-15 08:00:00,111.344,82.4054,0.7619,0,1,0.7833
2024-04-15 09:00:00,147.8595,38.5318,0.5751,1,0,0.3415
2024-04-15 10:00:00,103.118,44.4134,5.2812,1,0,0.4158
2024-04-15 11:00:00,134.7999,26.1609,1.7857,1,0,0.1031
2024-04-15 12:00:00,96.7046,31.0411,8.9455,0,0,0.4848
2024-04-15 13:00:00,107.0393,68.0819,7.4489,0,1,0.8995
2024-04-15 14:00:00,100.4484,42.3184,4.8855,1,0,0.5051
2024-04-15 15:00:00,137.2977,17.4177,0.2611,1,0,0.1507
2024-04-15 16:00:00,122.879,85.8343,1.2243,0,1,0.9136
2024-04-15 17:00:00,117.6276,56.1512,4.0114,0,1,0.7377
2024-04-15 18:00:00,119.3399,67.9289,0.8523,0,1,0.7325
2024-04-15 19:00:00,96.2153,80.7286,2.4249,0,1,0.7172
2024-04-15 20:00:00,139.8471,93.3945,3.6439,1,1,0.9553
2024-04-15 21:00:00,139.6197,18.8568,0.9942,0,0,0.3053
2024-04-15 22:00:00,114.6503,16.4214,2.9258,1,0,0.2448
2024-04-15 23:00:00,115.4906,13.4453,5.9204,1,0,-0.0027
2024-04-16 00:00:00,126.6524,28.0276,2.4386,1,0,0.3914
2024-04-16 01:00:00,112.1952,27.6982,5.498,1,0,0.2394
2024-04-16 02:00:00,111.7637,39.6317,1.5963,1,0,0.2541
2024-04-16 03:00:00,106.6348,37.2444,6.8515,1,0,0.4461
2024-04-16 04:00:00,109.2183,83.4008,4.1433,0,1,0.7845
2024-04-16 05:00:00,106.9396,71.5185,0.8472,1,1,0.8303
2024-04-16 06:00:00,128.1089,34.7018,2.5698,1,0,0.3741
2024-04-16 07:00:00,109.5441,73.5078,7.6131,0,1,0.7317
2024-04-16 08:00:00,107.7933,99.8196,1.102,0,1,0.9659
2024-04-16 09:00:00,104.3154,99.8565,2.6491,0,1,0.9582
2024-04-16 10:00:00,89.0018,77.7145,3.161,0,1,0.9799
2024-04-16 11:00:00,142.719,76.5839,10.1259,1,1,0.707
2024-04-16 12:00:00,124.2649,92.1144,0.6995,1,1,0.7096
2024-04-16 13:00:00,130.5552,10.768,13.3866,1,0,0.01
2024-04-16 14:00:00,106.0441,36.9527,1.9006,0,0,0.4425
2024-04-16 15:00:00,140.941,84.0078,13.5168,0,1,0.8527
2024-04-16 16:00:00,117.9098,80.4815,4.7379,1,1,0.7146
2024-04-16 17:00:00,140.8757,46.343,6.6461,0,0,0.4021
2024-04-16 18:00:00,115.1371,46.5183,10.434,0,0,0.295
2024-04-16 19:00:00,114.5936,62.1958,5.638,0,1,0.3749
2024-04-16 20:00:00,106.111,68.9778,7.7314,0,1,0.8314
2024-04-16 21:00:00,116.7511,52.4804,0.4483,1,1,0.6222
2024-04-16 22:00:00,119.3481,56.1382,0.0435,0,1,0.5472
2024-04-16 23:00:00,141.6242,78.5044,9.9115,0,1,0.7122
2024-04-17 00:00:00,142.4577,23.4353,0.271,1,0,0.1804
2024-04-17 01:00:00,116.9943,45.7755,9.5731,1,0,0.5546
2024-04-17 02:00:00,136.8385,30.4234,1.8792,1,0,0.1934
2024-04-17 03:00:00,67.6741,77.4223,11.6039,0,1,0.7223
2024-04-17 04:00:00,107.168,52.6994,1.1345,1,1,0.4853
2024-04-17 05:00:00,119.8262,56.4243,0.8161,0,1,0.4887
2024-04-17 06:00:00,131.0343,80.7377,1.1977,1,1,0.8776
2024-04-17 07:00:00,122.886,78.1859,9.1842,0,1,0.7579
2024-04-17 08:00:00,114.4708,75.0259,2.2545,0,1,0.7133
2024-04-17 09:00:00,107.3503,51.5261,11.998,1,1,0.6383
2024-04-17 10:00:00,101.4097,81.2723,4.3787,0,1,1.0714
2024-04-17 11:00:00,148.9086,38.1767,8.8087,0,0,0.4076
2024-04-17 12:00:00,135.2087,26.9062,3.2226,0,0,0.3121
2024-04-17 13:00:00,138.478,79.3118,6.0803,0,1,0.8704
2024-04-17 14:00:00,115.6785,72.8147,1.7106,0,1,0.7613
2024-04-17 15:00:00,106.1004,28.8626,0.5351,0,0,0.2345
2024-04-17 16:00:00,125.2577,50.4975,4.1264,1,1,0.3766
2024-04-17 17:00:00,115.077,60.2602,11.5539,0,1,0.718
2024-04-17 18:00:00,113.2636,43.723,0.8245,0,0,0.3496
2024-04-17 19:00:00,115.0849,61.9758,2.6823,1,1,0.6125
2024-04-17 20:00:00,104.3957,21.5511,3.7997,1,0,0.0486
2024-04-17 21:00:00,100.2067,94.9019,4.8155,0,1,0.818
2024-04-17 22:00:00,111.2761,10.8713,0.8615,1,0,0.1864
2024-04-17 23:00:00,91.175,82.9361,4.0184,0,1,0.8735
2024-04-18 00:00:00,126.0764,85.0869,3.1703,0,1,0.8414
2024-04-18 01:00:00,130.3106,40.584,20.4626,0,0,0.4633
2024-04-18 02:00:00,102.0247,47.7233,5.8553,1,0,0.3251
2024-04-18 03:00:00,83.4164,71.7187,11.6989,0,1,0.7696
2024-04-18 04:00:00,122.5014,46.3032,18.6746,0,0,0.527
2024-04-18 05:00:00,119.7777,80.0779,5.4513,1,1,0.6915
2024-04-18 06:00:00,115.9489,58.3844,0.7929,1,1,0.6456
2024-04-18 07:00:00,92.1094,39.3472,2.9431,1,0,0.516
2024-04-18 08:00:00,81.8478,12.0916,7.0462,1,0,0.0856
2024-04-18 09:00:00,145.7312,80.6822,0.7286,0,1,0.813
2024-04-18 10:00:00,111.8028,92.993,2.3978,0,1,1.0191
2024-04-18 11:00:00,124.4969,23.8322,2.3851,1,0,0.2491
2024-04-18 12:00:00,114.3785,95.7374,0.9344,0,1,0.9307
2024-04-18 13:00:00,122.9104,39.7225,0.1008,1,0,0.2992
2024-04-18 14:00:00,93.1308,66.6855,5.8257,0,1,0.6635
2024-04-18 15:00:00,107.7944,64.2703,8.5174,0,1,0.4244
2024-04-18 16:00:00,91.7828,64.7054,13.3641,0,1,0.7531
2024-04-18 17:00:00,96.5103,88.025,4.3961,0,1,0.7825
2024-04-18 18:00:00,103.1742,98.2155,1.0034,0,1,0.9258
2024-04-18 19:00:00,83.8509,28.3784,11.221,1,0,0.2916
2024-04-18 20:00:00,107.5494,45.1573,17.5825,0,0,0.4389
2024-04-18 21:00:00,103.1571,58.1042,14.6501,1,1,0.7253
2024-04-18 22:00:00,94.79,26.9505,4.1826,1,0,0.2515
2024-04-18 23:00:00,113.35,19.7775,10.8404,1,0,0.1896
2024-04-19 00:00:00,115.4962,61.2564,22.0379,0,1,0.6072
2024-04-19 01:00:00,100.957,50.6382,10.8794,1,1,0.6507
2024-04-19 02:00:00,151.1549,90.5269,0.3569,0,1,0.7601
2024-04-19 03:00:00,128.3681,18.3917,0.7248,1,0,0.092
2024-04-19 04:00:00,135.4836,19.3882,1.7841,0,0,0.1821
2024-04-19 05:00:00,109.9396,59.7616,2.5012,0,1,0.5887
2024-04-19 06:00:00,131.479,12.8853,0.8096,1,0,0.0544
2024-04-19 07:00:00,129.2297,72.0122,24.7361,0,1,0.9487
2024-04-19 08:00:00,97.7938,53.9752,7.8263,1,1,0.6658
2024-04-19 09:00:00,103.726,26.8023,5.5267,1,0,0.4259
2024-04-19 10:00:00,167.1397,16.2542,16.2952,1,0,0.2313
2024-04-19 11:00:00,108.5135,96.6695,1.9335,0,1,1.0158
2024-04-19 12:00:00,124.3504,35.5436,6.2137,0,0,0.471
2024-04-19 13:00:00,111.9908,30.9735,14.8563,1,0,0.1461
2024-04-19 14:00:00,130.4375,69.3613,0.4336,0,1,0.8157
2024-04-19 15:00:00,98.2505,16.2981,4.6167,1,0,0.1107
2024-04-19 16:00:00,98.0667,15.1708,8.0302,1,0,0.1242
2024-04-19 17:00:00,135.7998,56.6679,0.0804,1,1,0.5755
2024-04-19 18:00:00,119.3049,25.4643,11.0842,1,0,0.4262
2024-04-19 19:00:00,72.1172,87.3737,2.7042,0,1,0.8215
2024-04-19 20:00:00,116.2289,46.9775,0.926,0,0,0.4021
2024-04-19 21:00:00,112.6126,24.1332,9.5275,0,0,0.1702
2024-04-19 22:00:00,128.3628,19.967,1.0661,1,0,0.3355
2024-04-19 23:00:00,121.4971,58.2808,1.6442,0,1,0.7981
2024-04-20 00:00:00,121.8764,53.0426,3.6743,1,1,0.5475
2024-04-20 01:00:00,117.389,16.1887,12.3802,0,0,0.0791
2024-04-20 02:00:00,120.9764,95.9587,3.3629,0,1,1.0935
2024-04-20 03:00:00,95.5223,87.913,11.8126,0,1,0.7267
2024-04-20 04:00:00,101.4859,21.6939,0.2671,1,0,0.1703
2024-04-20 05:00:00,100.831,28.5109,1.3643,0,0,0.3282
2024-04-20 06:00:00,92.2099,48.8981,1.831,1,0,0.5058
2024-04-20 07:00:00,129.7923,73.8704,2.9795,1,1,0.7966
2024-04-20 08:00:00,134.9052,52.7302,2.8365,0,1,0.5175
2024-04-20 09:00:00,126.7304,64.3339,0.2065,1,1,0.7076
2024-04-20 10:00:00,105.2883,94.5239,6.9314,0,1,1.0082
2024-04-20 11:00:00,106.4252,62.8743,7.1307,1,1,0.6985
2024-04-20 12:00:00,108.1473,55.2228,3.0633,0,1,0.6097
2024-04-20 13:00:00,135.564,71.6352,0.4182,0,1,0.7424
2024-04-20 14:00:00,125.2211,34.7897,4.0067,1,0,0.4382
2024-04-20 15:00:00,146.6305,10.6699,0.7,1,0,-0.073
2024-04-20 16:00:00,98.8171,22.8423,19.1404,1,0,0.387
2024-04-20 17:00:00,111.9579,15.7573,4.8931,1,0,0.2849
2024-04-20 18:00:00,93.6869,45.9313,6.6334,0,0,0.4192
2024-04-20 19:00:00,90.9269,82.6809,0.097,0,1,0.8642
2024-04-20 20:00:00,113.2181,57.3271,2.3956,0,1,0.6011
2024-04-20 21:00:00,110.0371,91.9272,11.745,0,1,0.8462
2024-04-20 22:00:00,106.9146,89.1315,2.3903,0,1,0.8635
2024-04-20 23:00:00,88.8702,51.4184,0.1832,0,1,0.4771
2024-04-21 00:00:00,119.4597,61.8519,5.5722,0,1,0.5766
2024-04-21 01:00:00,110.9754,76.3562,5.9677,0,1,0.7907
2024-04-21 02:00:00,132.158,35.9121,2.0446,0,0,0.4341
2024-04-21 03:00:00,125.7277,89.2895,8.1265,0,1,0.9944
2024-04-21 04:00:00,92.8321,51.0676,9.608,0,1,0.4387
2024-04-21 05:00:00,123.0055,73.0285,7.6652,0,1,0.7169
2024-04-21 06:00:00,105.438,74.0483,2.6144,0,1,0.7794
2024-04-21 07:00:00,143.1069,36.7704,2.0937,0,0,0.3256
2024-04-21 08:00:00,115.5091,65.1725,14.3153,0,1,0.8246
2024-04-21 09:00:00,107.1394,82.8986,6.3491,0,1,1.0017
2024-04-21 10:00:00,108.8588,25.7614,4.0191,1,0,0.2248
2024-04-21 11:00:00,89.5216,32.4221,3.3553,1,0,0.2853
2024-04-21 12:00:00,138.5833,90.9968,1.5508,0,1,1.0052
2024-04-21 13:00:00,153.5258,75.992,12.2298,0,1,0.7635
2024-04-21 14:00:00,85.4887,51.2045,12.5527,0,1,0.5291
2024-04-21 15:00:00,111.6226,91.975,0.443,0,1,0.8502
2024-04-21 16:00:00,114.128,26.51,5.4864,1,0,0.2807
2024-04-21 17:00:00,105.5786,61.1754,1.9181,0,1,0.6653
2024-04-21 18:00:00,137.6205,45.4196,3.5544,1,0,0.2522
2024-04-21 19:00:00,138.1565,95.1119,0.6025,0,1,0.8642
2024-04-21 20:00:00,111.7653,31.5726,8.3236,1,0,0.2682
2024-04-21 21:00:00,152.7406,88.3486,8.2053,0,1,0.9235
2024-04-21 22:00:00,116.6956,34.6399,0.5661,0,0,0.1631
2024-04-21 23:00:00,111.8434,66.5275,0.3866,0,1,0.7105
2024-04-22 00:00:00,121.0772,36.2701,2.3371,1,0,0.3542
2024-04-22 01:00:00,102.9374,92.4667,0.8362,0,1,0.7578
2024-04-22 02:00:00,141.8459,72.824,8.0837,0,1,0.8696
2024-04-22 03:00:00,127.0549,75.0168,7.5452,0,1,0.756
2024-04-22 04:00:00,109.8723,29.5529,9.9641,0,0,0.1486
2024-04-22 05:00:00,112.8756,54.4139,0.0485,0,1,0.5476
2024-04-22 06:00:00,100.1019,99.3151,0.0677,0,1,0.8925
2024-04-22 07:00:00,120.8151,59.7542,8.225,0,1,0.7213
2024-04-22 08:00:00,93.2838,99.5785,10.2072,0,1,0.8643
2024-04-22 09:00:00,116.2381,16.888,4.8046,1,0,0.115
2024-04-22 10:00:00,107.0345,19.4702,0.8495,1,0,0.1883
2024-04-22 11:00:00,126.2303,78.9885,4.9192,0,1,0.7703
2024-04-22 12:00:00,134.6535,39.3412,10.2533,1,0,0.4722
2024-04-22 13:00:00,130.1356,50.5842,3.088,1,1,0.4493
2024-04-22 14:00:00,114.0423,32.749,10.3337,1,0,0.2603
2024-04-22 15:00:00,103.6555,55.5458,7.712,0,1,0.5368
2024-04-22 16:00:00,110.9188,51.5951,0.5593,0,1,0.5708
2024-04-22 17:00:00,115.9355,16.5876,0.6504,1,0,0.1538
2024-04-22 18:00:00,124.8751,72.5037,6.0895,0,1,0.6824
2024-04-22 19:00:00,106.1813,77.4763,1.1127,0,1,0.7595
2024-04-22 20:00:00,99.1194,44.304,6.8534,1,0,0.4295
2024-04-22 21:00:00,119.3252,77.1362,0.4232,1,1,0.8526
2024-04-22 22:00:00,140.3244,87.0196,0.4809,0,1,0.7456
2024-04-22 23:00:00,149.4267,45.7007,15.1198,0,0,0.6133
2024-04-23 00:00:00,130.3212,10.9664,0.0192,1,0,0.1897
2024-04-23 01:00:00,98.7375,20.3214,7.8413,1,0,0.2187
2024-04-23 02:00:00,141.2358,92.5423,1.3268,0,1,0.9549
2024-04-23 03:00:00,101.3091,39.4399,0.2565,0,0,0.3372
2024-04-23 04:00:00,102.6445,77.3808,0.4137,0,1,0.925
2024-04-23 05:00:00,123.878,53.6283,1.9313,0,1,0.588
2024-04-23 06:00:00,91.8514,16.1413,3.768,1,0,0.0209
2024-04-23 07:00:00,130.519,59.3586,3.2317,0,1,0.6748
2024-04-23 08:00:00,115.3697,31.8064,1.0989,0,0,0.209
2024-04-23 09:00:00,123.3989,95.5017,22.085,1,1,0.9726
2024-04-23 10:00:00,101.7392,22.623,4.6501,1,0,0.2009
2024-04-23 11:00:00,131.3392,83.8384,1.0294,0,1,0.9363
2024-04-23 12:00:00,125.4386,85.7406,1.6988,0,1,0.9005
2024-04-23 13:00:00,109.91,25.353,5.6375,1,0,0.3024
2024-04-23 14:00:00,133.1121,11.626,10.0127,1,0,0.1336
2024-04-23 15:00:00,69.2031,19.0464,0.3161,0,0,0.0584
2024-04-23 16:00:00,122.7911,36.473,1.0224,1,0,0.3221
2024-04-23 17:00:00,114.4675,58.1188,0.0317,0,1,0.6367
2024-04-23 18:00:00,102.2847,45.1765,0.967,0,0,0.5011
2024-04-23 19:00:00,119.5281,16.9827,1.1015,1,0,0.2338
2024-04-23 20:00:00,125.2545,78.723,0.7768,0,1,0.6266
2024-04-23 21:00:00,103.3294,70.9645,3.9044,0,1,0.7558
2024-04-23 22:00:00,114.2843,23.8147,18.0087,1,0,0.3153
2024-04-23 23:00:00,115.6754,42.2278,6.0193,1,0,0.359
2024-04-24 00:00:00,123.3843,29.5005,6.0679,1,0,0.1135
2024-04-24 01:00:00,138.1813,13.1,0.394,1,0,0.095
2024-04-24 02:00:00,108.1985,70.754,1.0354,1,1,0.7186
2024-04-24 03:00:00,139.7948,29.455,1.9387,1,0,0.3841
2024-04-24 04:00:00,93.3031,72.7068,24.1293,0,1,0.8457
2024-04-24 05:00:00,121.7821,85.2851,0.8862,0,1,0.7972
2024-04-24 06:00:00,85.9427,83.0361,5.0434,1,1,0.745
2024-04-24 07:00:00,117.7315,67.6911,4.4862,0,1,0.6352
2024-04-24 08:00:00,129.2797,74.4769,4.6009,0,1,0.9069
2024-04-24 09:00:00,152.3676,90.7309,3.5327,1,1,0.8693
2024-04-24 10:00:00,117.3519,45.1557,1.6802,0,0,0.4645
2024-04-24 11:00:00,103.2017,37.7492,2.7802,1,0,0.3485
2024-04-24 12:00:00,134.7063,14.7174,8.6997,1,0,0.386
2024-04-24 13:00:00,117.2245,10.4199,6.6485,0,0,0.3097
2024-04-24 14:00:00,118.2455,79.5169,3.781,0,1,0.7861
2024-04-24 15:00:00,132.784,79.0403,5.3188,0,1,0.7234
2024-04-24 16:00:00,135.9105,93.5938,17.2319,0,1,0.6728
2024-04-24 17:00:00,85.7675,43.718,1.4495,0,0,0.4932
2024-04-24 18:00:00,117.4392,31.4686,7.0182,1,0,0.3429
2024-04-24 19:00:00,116.2389,18.2248,0.3342,1,0,0.1355
2024-04-24 20:00:00,97.5447,47.9514,0.3242,0,0,0.3965
2024-04-24 21:00:00,87.7064,99.0362,2.1097,0,1,1.0101
2024-04-24 22:00:00,115.3609,40.3405,6.6009,1,0,0.5293
2024-04-24 23:00:00,108.3186,27.2937,4.8359,1,0,0.1154
2024-04-25 00:00:00,103.6894,70.2055,8.5106,1,1,0.7903
2024-04-25 01:00:00,114.1262,29.8511,0.4166,1,0,0.3981
2024-04-25 02:00:00,110.3371,89.4057,7.2288,0,1,0.9275
2024-04-25 03:00:00,116.8905,81.7232,6.2958,0,1,0.8602
2024-04-25 04:00:00,144.5941,84.7406,0.0604,1,1,0.711
2024-04-25 05:00:00,116.0548,25.1095,6.8181,1,0,0.3194
2024-04-25 06:00:00,150.0027,25.0343,0.4618,1,0,0.1613
2024-04-25 07:00:00,138.7059,47.4112,4.4353,1,0,0.5407
2024-04-25 08:00:00,133.8,19.6915,12.4046,1,0,0.1686
2024-04-25 09:00:00,103.6692,39.4427,2.243,0,0,0.5742
2024-04-25 10:00:00,111.4057,60.5849,5.7141,1,1,0.4834
2024-04-25 11:00:00,100.2816,27.0593,5.6691,0,0,0.2628
2024-04-25 12:00:00,124.0229,28.6407,0.3407,1,0,0.4274
2024-04-25 13:00:00,115.4461,58.7532,1.522,0,1,0.7063
2024-04-25 14:00:00,124.4947,94.5031,9.1543,0,1,0.857
2024-04-25 15:00:00,122.0274,20.8724,2.9963,1,0,0.1231
2024-04-25 16:00:00,119.6396,29.2402,6.7777,1,0,0.2669
2024-04-25 17:00:00,110.3172,42.0919,3.2739,1,0,0.3938
2024-04-25 18:00:00,99.3702,25.6259,3.4627,0,0,0.2779
2024-04-25 19:00:00,108.8213,46.1926,7.2072,0,0,0.3441
2024-04-25 20:00:00,129.4214,38.4616,1.8806,0,0,0.4602
2024-04-25 21:00:00,113.772,45.0268,35.0513,0,0,0.4094
2024-04-25 22:00:00,115.6246,51.2898,1.0554,0,1,0.5284
2024-04-25 23:00:00,132.1303,15.9415,4.4243,1,0,0.1801
2024-04-26 00:00:00,125.3751,83.3576,0.2182,0,1,0.808
2024-04-26 01:00:00,90.4805,68.495,2.1762,1,1,0.6127
2024-04-26 02:00:00,115.2858,43.2082,3.1269,1,0,0.4889
2024-04-26 03:00:00,101.2243,16.0598,3.0961,1,0,-0.0364
2024-04-26 04:00:00,115.7642,29.6705,12.8488,1,0,0.4083
2024-04-26 05:00:00,123.6765,37.1381,9.3697,1,0,0.3476
2024-04-26 06:00:00,125.8025,63.8982,17.9273,0,1,0.7065
2024-04-26 07:00:00,146.3464,98.4792,3.1146,0,1,0.8239
2024-04-26 08:00:00,107.8415,19.1632,11.4676,1,0,0.0551
2024-04-26 09:00:00,111.5101,58.2563,3.009,0,1,0.5143
2024-04-26 10:00:00,126.9783,99.1478,0.7662,0,1,1.1012
2024-04-26 11:00:00,133.8885,86.5419,6.9425,1,1,0.8481
2024-04-26 12:00:00,98.4208,25.4313,2.7202,1,0,0.2701
2024-04-26 13:00:00,129.0035,96.3131,0.1239,0,1,0.942
2024-04-26 14:00:00,128.6322,63.988,0.7508,1,1,0.7397
2024-04-26 15:00:00,114.1178,98.3274,1.9043,0,1,1.0054
2024-04-26 16:00:00,111.7964,72.6684,22.9083,0,1,0.8143
2024-04-26 17:00:00,129.8479,71.011,5.001,0,1,0.8437
2024-04-26 18:00:00,124.4165,97.513,2.5493,0,1,0.9861
2024-04-26 19:00:00,123.9517,72.4349,0.0702,0,1,0.8142
2024-04-26 20:00:00,103.7952,39.8842,7.8361,1,0,0.3919
2024-04-26 21:00:00,86.1644,67.1818,5.4202,0,1,0.6453
2024-04-26 22:00:00,115.1622,89.557,0.9484,0,1,0.8948
2024-04-26 23:00:00,112.0145,38.617,4.4939,1,0,0.4871
2024-04-27 00:00:00,125.0067,86.6399,1.0162,0,1,0.9155
2024-04-27 01:00:00,103.2388,53.3917,0.4983,1,1,0.6579
2024-04-27 02:00:00,128.164,40.1595,2.4821,1,0,0.3532
2024-04-27 03:00:00,124.1615,64.768,0.812,0,1,0.7978
2024-04-27 04:00:00,103.6888,62.6533,2.0573,0,1,0.4558
2024-04-27 05:00:00,133.7118,44.4134,0.1096,1,0,0.4669
2024-04-27 06:00:00,110.7753,67.6533,2.4898,0,1,0.6145
2024-04-27 07:00:00,104.4824,30.9183,1.8086,1,0,0.2627
2024-04-27 08:00:00,121.3654,62.8722,15.5273,0,1,0.5498
2024-04-27 09:00:00,116.6399,98.9543,3.9851,0,1,0.8373
2024-04-27 10:00:00,100.7818,30.9345,1.2922,1,0,0.3565
2024-04-27 11:00:00,127.9643,65.4714,3.3329,0,1,0.7002
2024-04-27 12:00:00,116.7569,90.7101,6.4319,0,1,1.0463
2024-04-27 13:00:00,103.4139,37.7964,2.8357,1,0,0.3925
2024-04-27 14:00:00,85.6728,76.4122,14.7186,0,1,0.7739
2024-04-27 15:00:00,124.538,78.1521,0.8707,0,1,0.9389
2024-04-27 16:00:00,118.709,65.779,17.385,0,1,0.7598
2024-04-27 17:00:00,119.078,15.3931,0.3081,1,0,0.2148
2024-04-27 18:00:00,141.4993,43.7071,16.2776,1,0,0.4529
2024-04-27 19:00:00,72.5618,36.6953,0.3462,0,0,0.1865
2024-04-27 20:00:00,139.5954,23.6504,1.9525,1,0,0.2962
2024-04-27 21:00:00,141.2892,28.3947,3.238,1,0,0.2173
2024-04-27 22:00:00,99.5052,13.4116,1.7077,1,0,0.3307
2024-04-27 23:00:00,135.0787,93.1068,1.3404,0,1,0.9325
2024-04-28 00:00:00,102.5131,63.8268,14.3533,0,1,0.6763
2024-04-28 01:00:00,98.407,95.1289,8.1386,1,1,0.8402
2024-04-28 02:00:00,115.1957,76.533,2.6922,0,1,1.0251
2024-04-28 03:00:00,149.6062,39.5821,0.0653,0,0,0.3235
2024-04-28 04:00:00,123.4667,35.0314,1.8409,1,0,0.3751
2024-04-28 05:00:00,117.9112,67.9242,0.8635,0,1,0.6838
2024-04-28 06:00:00,132.8267,78.4444,4.9775,0,1,0.7224
2024-04-28 07:00:00,105.9293,56.8786,5.761,0,1,0.4803
2024-04-28 08:00:00,143.7557,97.9811,2.8018,0,1,0.9277
2024-04-28 09:00:00,145.0674,68.3242,0.6497,0,1,0.7085
2024-04-28 10:00:00,124.71,35.961,0.693,1,0,0.406
2024-04-28 11:00:00,102.9929,12.1324,1.6557,1,0,0.0954
2024-04-28 12:00:00,136.193,86.2241,6.4505,0,1,0.7095
2024-04-28 13:00:00,122.3288,39.8143,8.2285,1,0,0.1951
2024-04-28 14:00:00,128.5628,31.8024,9.9791,1,0,0.2135
2024-04-28 15:00:00,137.3663,58.5381,2.3067,0,1,0.6948
2024-04-28 16:00:00,124.8775,91.5969,17.6051,0,1,1.0231
2024-04-28 17:00:00,100.9846,69.8505,0.326,0,1,0.7131
2024-04-28 18:00:00,143.7022,32.3504,2.9627,1,0,0.2204
2024-04-28 19:00:00,122.0913,71.8615,2.6978,0,1,0.7654
2024-04-28 20:00:00,122.8989,74.7552,1.1752,1,1,0.8619
2024-04-28 21:00:00,128.0993,64.7257,1.9741,1,1,0.7658
2024-04-28 22:00:00,122.6897,44.3337,1.3292,1,0,0.4427
2024-04-28 23:00:00,130.4846,38.9473,10.2737,1,0,0.3476
2024-04-29 00:00:00,120.6618,49.8125,1.8737,1,0,0.4545
2024-04-29 01:00:00,113.9708,10.5438,12.3691,0,0,0.2547
2024-04-29 02:00:00,107.3228,88.288,17.9729,0,1,1.0048
2024-04-29 03:00:00,108.0222,16.2986,7.7278,1,0,0.0719
2024-04-29 04:00:00,112.0133,27.3219,4.0484,0,0,0.2029
2024-04-29 05:00:00,134.8384,67.093,4.3045,0,1,0.7759
2024-04-29 06:00:00,111.1544,22.7379,2.0103,1,0,0.0503
2024-04-29 07:00:00,115.1938,28.3798,1.0807,1,0,0.121
2024-04-29 08:00:00,115.3786,18.2583,0.6799,1,0,0.2887
2024-04-29 09:00:00,126.7275,63.3368,1.9418,0,1,0.7816
2024-04-29 10:00:00,128.7907,84.8099,5.0076,0,1,0.8538
2024-04-29 11:00:00,152.4794,93.8631,17.7257,0,1,0.8549
2024-04-29 12:00:00,92.3167,31.2679,1.2999,1,0,0.2356
2024-04-29 13:00:00,113.1408,17.0348,4.4927,1,0,0.093
2024-04-29 14:00:00,127.4599,75.249,1.3526,0,1,0.6109
2024-04-29 15:00:00,87.1112,38.0317,8.5645,1,0,0.2932
2024-04-29 16:00:00,148.3532,74.9506,3.3529,0,1,0.728
2024-04-29 17:00:00,115.1628,32.0432,3.1721,0,0,0.4911
2024-04-29 18:00:00,103.0521,25.8792,0.0979,1,0,0.2492
2024-04-29 19:00:00,134.6022,32.4072,3.5766,1,0,0.313
2024-04-29 20:00:00,77.9644,35.6818,0.5023,1,0,0.4311
2024-04-29 21:00:00,121.0562,50.3444,6.9353,1,1,0.5651
2024-04-29 22:00:00,99.542,67.2043,4.8856,0,1,0.5737
2024-04-29 23:00:00,117.0074,34.4675,0.424,1,0,0.2682
2024-04-30 00:00:00,123.9682,80.316,3.376,0,1,0.8901
2024-04-30 01:00:00,131.4573,17.2014,4.6141,0,0,0.1725
2024-04-30 02:00:00,124.6474,97.53,11.0779,0,1,0.7574
2024-04-30 03:00:00,154.6089,45.842,15.883,0,0,0.6822
2024-04-30 04:00:00,118.4124,25.0989,1.5463,1,0,0.0769
2024-04-30 05:00:00,111.1946,49.7238,2.9845,0,0,0.4393
2024-04-30 06:00:00,139.2464,55.4763,7.5126,0,1,0.892
2024-04-30 07:00:00,116.1539,76.1435,7.8338,0,1,0.8382
2024-04-30 08:00:00,124.809,78.4292,1.6163,0,1,0.6762
2024-04-30 09:00:00,46.9001,83.7643,0.7721,0,1,0.8732
2024-04-30 10:00:00,125.4485,81.4203,9.4119,0,1,0.87
2024-04-30 11:00:00,116.0083,11.783,0.3042,0,0,0.1661
2024-04-30 12:00:00,109.5708,44.3277,1.4157,1,0,0.4554
2024-04-30 13:00:00,105.614,86.8638,5.0129,0,1,1.0081
2024-04-30 14:00:00,133.525,78.2972,1.9816,0,1,0.78
2024-04-30 15:00:00,80.8343,92.9379,8.7102,0,1,0.738
2024-04-30 16:00:00,173.7334,63.5665,3.2942,0,1,0.6625
2024-04-30 17:00:00,138.0373,23.7519,0.7898,1,0,0.4356
2024-04-30 18:00:00,124.0067,75.3983,1.5925,1,1,0.7912
2024-04-30 19:00:00,151.4088,33.1563,1.9286,1,0,0.4604
2024-04-30 20:00:00,122.3163,51.7286,21.0943,1,1,0.5079
2024-04-30 21:00:00,101.3852,50.8243,4.6414,0,1,0.5008
2024-04-30 22:00:00,135.7988,43.7632,3.8427,1,0,0.4725
2024-04-30 23:00:00,88.128,64.5423,8.6902,0,1,0.5576
2024-05-01 00:00:00,128.1676,16.4746,5.1901,0,0,0.3719
2024-05-01 01:00:00,138.882,22.2991,15.8179,1,0,0.142
2024-05-01 02:00:00,127.0151,52.2333,4.5514,0,1,0.5565
2024-05-01 03:00:00,91.4553,23.9252,0.6412,1,0,0.0827
2024-05-01 04:00:00,121.1213,27.0663,6.6104,1,0,0.1821
2024-05-01 05:00:00,115.2496,11.1551,6.6495,1,0,0.2859
2024-05-01 06:00:00,104.167,55.063,1.0842,1,1,0.4854
2024-05-01 07:00:00,76.0561,75.2811,8.0185,0,1,0.7573
2024-05-01 08:00:00,96.2373,54.2308,1.6596,1,1,0.4076
2024-05-01 09:00:00,108.5084,93.3122,7.8202,1,1,0.8221
2024-05-01 10:00:00,137.6472,94.6256,2.7495,0,1,0.9715
2024-05-01 11:00:00,166.8128,97.3443,8.5349,0,1,0.797
2024-05-01 12:00:00,132.8462,43.583,0.0549,1,0,0.2916
2024-05-01 13:00:00,103.3788,54.0596,1.5122,0,1,0.6113
2024-05-01 14:00:00,109.9638,67.6944,0.7778,1,1,0.6728
2024-05-01 15:00:00,136.9057,62.9478,0.128,0,1,0.5688
2024-05-01 16:00:00,128.5191,46.7909,5.2725,1,0,0.5381
2024-05-01 17:00:00,124.5316,13.4944,7.1853,1,0,0.2511
2024-05-01 18:00:00,121.7991,92.9443,0.4099,0,1,0.8788
2024-05-01 19:00:00,139.0329,44.6343,3.1269,1,0,0.4287
2024-05-01 20:00:00,157.6211,60.9048,12.029,1,1,0.6618
2024-05-01 21:00:00,117.7221,27.4805,0.7986,1,0,0.2577
2024-05-01 22:00:00,120.4023,49.2668,4.916,0,0,0.4364
2024-05-01 23:00:00,126.6047,32.9733,4.0514,1,0,0.3959
2024-05-02 00:00:00,109.2824,92.1777,4.5051,0,1,0.9091
2024-05-02 01:00:00,78.2624,75.0021,7.1036,0,1,0.9444
2024-05-02 02:00:00,126.4326,55.8648,0.57,0,1,0.4266
2024-05-02 03:00:00,104.4322,53.976,1.5979,1,1,0.7027
2024-05-02 04:00:00,141.2013,71.964,1.6145,1,1,0.8258
2024-05-02 05:00:00,120.8695,72.681,6.1259,1,1,0.8002
2024-05-02 06:00:00,144.4588,68.5816,3.0196,1,1,0.6753
2024-05-02 07:00:00,102.2297,93.3867,0.8891,0,1,0.9127
2024-05-02 08:00:00,137.905,76.2098,0.6879,0,1,0.8128
2024-05-02 09:00:00,88.3554,31.8118,15.6298,0,0,0.4326
2024-05-02 10:00:00,134.4478,13.1057,0.6615,1,0,0.2573
2024-05-02 11:00:00,113.378,83.1814,10.1148,0,1,0.8961
2024-05-02 12:00:00,134.4575,66.7857,4.0212,0,1,0.6463
2024-05-02 13:00:00,111.2211,70.8783,2.3008,0,1,0.722
2024-05-02 14:00:00,129.8968,72.7724,1.8936,1,1,0.7612
2024-05-02 15:00:00,126.6768,68.08,6.3738,0,1,0.7318
2024-05-02 16:00:00,124.5393,33.5198,3.994,1,0,0.2833
2024-05-02 17:00:00,125.6139,50.9924,4.9563,1,1,0.6245
2024-05-02 18:00:00,147.8331,71.296,5.1969,1,1,0.6328
2024-05-02 19:00:00,107.6084,32.8859,2.5171,0,0,0.3804
2024-05-02 20:00:00,142.8764,64.1934,1.9772,0,1,0.5465
2024-05-02 21:00:00,111.3379,95.66,9.0417,0,1,0.7576
2024-05-02 22:00:00,139.3647,85.7364,0.1757,0,1,0.8325
2024-05-02 23:00:00,159.7063,11.1104,1.6628,1,0,0.2064
2024-05-03 00:00:00,103.3805,79.3875,4.1691,0,1,0.8305
2024-05-03 01:00:00,79.0107,67.9958,4.2028,1,1,0.5947
2024-05-03 02:00:00,120.6635,92.5195,10.739,0,1,0.9678
2024-05-03 03:00:00,105.3107,45.79,0.2874,0,0,0.3999
2024-05-03 04:00:00,108.2825,62.7544,6.3163,0,1,0.6639
2024-05-03 05:00:00,111.8294,91.0896,0.7071,0,1,0.8769
2024-05-03 06:00:00,108.1622,56.6683,0.33,0,1,0.5699
2024-05-03 07:00:00,143.4534,26.9941,0.3515,1,0,0.303
2024-05-03 08:00:00,137.972,48.065,0.8218,0,0,0.4677
2024-05-03 09:00:00,138.5846,84.6775,3.6989,0,1,0.635
2024-05-03 10:00:00,159.3026,32.7584,14.0773,1,0,0.3358
2024-05-03 11:00:00,103.9326,37.1998,1.3395,0,0,0.4205
2024-05-03 12:00:00,72.9318,97.0915,7.0255,0,1,0.9388
2024-05-03 13:00:00,154.1431,69.2637,17.9351,0,1,0.7245
2024-05-03 14:00:00,122.296,44.451,2.0636,1,0,0.5688
2024-05-03 15:00:00,116.8015,37.7181,2.6606,1,0,0.4269
2024-05-03 16:00:00,85.4132,47.0448,6.9485,1,0,0.4064
2024-05-03 17:00:00,93.5254,88.876,3.3909,0,1,1.0239
2024-05-03 18:00:00,130.2535,75.4887,3.9385,1,1,0.651
2024-05-03 19:00:00,115.2536,17.9986,3.7188,1,0,0.368
2024-05-03 20:00:00,79.1406,67.2562,5.1336,0,1,0.6649
2024-05-03 21:00:00,100.9347,79.9022,2.5208,0,1,0.8454
2024-05-03 22:00:00,136.7011,40.9954,0.842,0,0,0.3043
2024-05-03 23:00:00,140.8341,22.8442,8.6537,1,0,0.1858
2024-05-04 00:00:00,121.7057,77.3857,8.4198,1,1,0.7475
2024-05-04 01:00:00,168.8088,93.7015,2.9756,0,1,1.1445
2024-05-04 02:00:00,136.3265,45.8173,0.6122,1,0,0.5365
2024-05-04 03:00:00,150.4208,37.729,12.1195,0,0,0.3083
2024-05-04 04:00:00,141.8526,98.8323,1.5106,0,1,0.9848
2024-05-04 05:00:00,132.8325,83.475,1.3674,0,1,0.7309
2024-05-04 06:00:00,93.8105,10.1421,5.1748,1,0,0.0769
2024-05-04 07:00:00,89.1187,16.2857,4.0787,1,0,0.1974
2024-05-04 08:00:00,104.5716,72.6685,0.2696,1,1,0.8126
2024-05-04 09:00:00,122.5566,57.2466,9.2541,1,1,0.6839
2024-05-04 10:00:00,117.9354,68.9069,1.2778,0,1,0.7317
2024-05-04 11:00:00,124.6618,75.9738,0.2166,1,1,0.9549
2024-05-04 12:00:00,117.5683,25.3571,1.2359,1,0,0.2357
2024-05-04 13:00:00,126.5284,43.7186,1.3242,1,0,0.4771
2024-05-04 14:00:00,135.706,73.3642,0.8281,0,1,0.8045
2024-05-04 15:00:00,118.089,27.8218,10.2197,1,0,0.1039
2024-05-04 16:00:00,112.7706,26.3786,3.4716,1,0,0.2187
2024-05-04 17:00:00,70.7931,95.3635,1.9501,0,1,0.9674
2024-05-04 18:00:00,133.6587,50.5595,7.0522,1,1,0.5142
2024-05-04 19:00:00,104.0538,83.2933,5.5473,0,1,0.8817
2024-05-04 20:00:00,101.6151,26.7074,0.0972,0,0,0.094
2024-05-04 21:00:00,133.5978,15.3084,7.2523,1,0,-0.0239
2024-05-04 22:00:00,134.5181,26.4456,3.3886,0,0,0.2988
2024-05-04 23:00:00,130.2327,78.3248,5.5379,0,1,0.8807
2024-05-05 00:00:00,135.1541,33.3417,5.9722,1,0,0.3224
2024-05-05 01:00:00,98.3118,91.2046,3.9929,0,1,0.8928
2024-05-05 02:00:00,113.886,46.7913,0.2048,0,0,0.5242
2024-05-05 03:00:00,108.1162,66.4154,4.454,0,1,0.5742
2024-05-05 04:00:00,149.1681,66.1979,1.1713,1,1,0.523
2024-05-05 05:00:00,133.5828,88.1526,4.3702,0,1,1.0066
2024-05-05 06:00:00,113.6436,24.9514,0.0359,0,0,0.1726
2024-05-05 07:00:00,133.1941,36.3813,6.0504,1,0,0.2101
2024-05-05 08:00:00,124.7957,43.9956,4.3564,0,0,0.3827
2024-05-05 09:00:00,115.9391,34.9086,2.2953,1,0,0.336
2024-05-05 10:00:00,126.4685,40.7937,11.4424,0,0,0.3704
2024-05-05 11:00:00,133.3859,62.7082,0.8967,0,1,0.7098
2024-05-05 12:00:00,115.5116,53.0107,1.1962,0,1,0.5716
2024-05-05 13:00:00,95.5529,70.5524,3.8418,1,1,0.777
2024-05-05 14:00:00,124.4715,19.0728,12.3373,1,0,0.1428
2024-05-05 15:00:00,113.333,15.4951,6.8179,0,0,0.2481
2024-05-05 16:00:00,97.4614,77.6619,1.6524,0,1,0.6341
2024-05-05 17:00:00,104.2609,10.6504,4.0626,1,0,0.0784
2024-05-05 18:00:00,113.6133,62.4201,3.5757,1,1,0.7285
2024-05-05 19:00:00,118.6035,98.8857,0.871,0,1,0.8672
2024-05-05 20:00:00,128.2416,18.7158,1.1256,1,0,0.1767
2024-05-05 21:00:00,114.2969,57.0101,4.6776,0,1,0.6489
2024-05-05 22:00:00,126.2402,10.6536,2.036,0,0,0.0095
2024-05-05 23:00:00,111.4087,64.2686,1.9805,1,1,0.7469
2024-05-06 00:00:00,127.979,98.8207,1.5078,0,1,0.6185
2024-05-06 01:00:00,125.4154,78.5228,0.6344,0,1,0.8544
2024-05-06 02:00:00,128.4159,93.8916,1.68,0,1,0.9705
2024-05-06 03:00:00,144.0694,52.5909,0.1462,1,1,0.5345
2024-05-06 04:00:00,113.069,40.3327,4.6237,1,0,0.4472
2024-05-06 05:00:00,89.4491,48.6508,5.2693,0,0,0.5499
2024-05-06 06:00:00,116.776,43.3707,3.5852,0,0,0.4861
2024-05-06 07:00:00,132.7809,90.1137,2.6018,0,1,0.8957
2024-05-06 08:00:00,118.6417,99.9501,1.0218,0,1,0.9945
2024-05-06 09:00:00,123.9346,83.5162,0.2128,0,1,0.7297
2024-05-06 10:00:00,87.1376,94.6892,8.1644,0,1,0.8185
2024-05-06 11:00:00,103.1662,69.857,6.7898,0,1,0.7296
2024-05-06 12:00:00,127.9323,44.0592,10.3667,0,0,0.4613
2024-05-06 13:00:00,132.2509,15.1517,1.1166,1,0,-0.0332
2024-05-06 14:00:00,104.6918,42.0426,4.2223,1,0,0.459
2024-05-06 15:00:00,124.8545,39.723,6.8772,1,0,0.377
2024-05-06 16:00:00,105.4134,19.016,8.9467,1,0,0.0454
2024-05-06 17:00:00,97.4547,51.1227,5.6075,0,1,0.5876
2024-05-06 18:00:00,119.5331,72.8477,10.8865,1,1,0.8831
2024-05-06 19:00:00,122.1739,75.2698,8.5149,0,1,0.8192
2024-05-06 20:00:00,125.4164,89.9173,2.2388,0,1,0.8374
2024-05-06 21:00:00,131.4437,22.4977,0.2795,1,0,0.1478
2024-05-06 22:00:00,148.5412,64.1718,4.9191,1,1,0.5851
2024-05-06 23:00:00,135.4041,88.2105,4.1833,0,1,0.7922
2024-05-07 00:00:00,111.7754,35.1521,10.7873,1,0,0.1869
2024-05-07 01:00:00,135.2544,72.9338,1.454,0,1,0.7698
2024-05-07 02:00:00,91.8113,83.3547,3.578,0,1,0.9854
2024-05-07 03:00:00,120.1236,43.1587,1.8546,1,0,0.4172
2024-05-07 04:00:00,137.3294,65.6517,1.2194,0,1,0.7396
2024-05-07 05:00:00,130.5789,69.2988,0.9979,0,1,0.8449
2024-05-07 06:00:00,133.2771,52.7679,2.0318,1,1,0.5096
2024-05-07 07:00:00,152.8158,47.1814,3.4617,0,0,0.5032
2024-05-07 08:00:00,104.9612,26.9141,6.3638,1,0,0.3562
2024-05-07 09:00:00,132.6933,98.7563,6.3643,0,1,1.0723
2024-05-07 10:00:00,116.6625,96.1792,3.0614,0,1,0.796
2024-05-07 11:00:00,138.4838,83.1357,2.4777,0,1,0.9512
2024-05-07 12:00:00,120.4842,11.4967,7.0092,1,0,0.1049
2024-05-07 13:00:00,132.4912,42.4185,12.6801,0,0,0.5206
2024-05-07 14:00:00,146.3098,14.1179,3.2713,1,0,0.0471
2024-05-07 15:00:00,129.7742,82.6802,4.5409,0,1,0.8282
2024-05-07 16:00:00,114.5939,39.2973,7.9238,1,0,0.4538
2024-05-07 17:00:00,111.7479,49.9876,5.4984,1,0,0.4836
2024-05-07 18:00:00,105.8575,64.6087,13.889,0,1,0.656
2024-05-07 19:00:00,137.1576,46.0149,0.4043,1,0,0.3201
2024-05-07 20:00:00,142.1189,65.1333,0.5673,1,1,0.5262
2024-05-07 21:00:00,113.9995,17.3232,0.0014,1,0,0.0153
2024-05-07 22:00:00,85.7247,48.5125,0.1585,0,0,0.4933
2024-05-07 23:00:00,106.9778,93.8335,0.2566,0,1,0.9807
2024-05-08 00:00:00,126.275,93.776,0.0564,0,1,0.9291
2024-05-08 01:00:00,101.3268,98.8184,1.6026,1,1,0.7616
2024-05-08 02:00:00,83.0462,87.139,0.0,0,1,0.9186
2024-05-08 03:00:00,110.417,91.4682,2.9445,0,1,0.8806
2024-05-08 04:00:00,81.5775,76.085,6.5235,0,1,0.8117
2024-05-08 05:00:00,124.345,36.4477,16.2478,1,0,0.5917
2024-05-08 06:00:00,111.2174,27.5569,0.5115,1,0,0.18
2024-05-08 07:00:00,119.5636,22.8845,2.2947,1,0,0.1136
2024-05-08 08:00:00,141.9236,56.8049,5.1891,0,1,0.6911
2024-05-08 09:00:00,102.0696,61.4703,17.692,0,1,0.5773
2024-05-08 10:00:00,79.6536,87.1122,6.771,0,1,0.9446
2024-05-08 11:00:00,117.9851,55.4173,2.3326,0,1,0.6083
2024-05-08 12:00:00,126.9847,21.5075,1.6424,0,0,0.1538
2024-05-08 13:00:00,92.6567,81.7139,5.3012,1,1,0.9877
2024-05-08 14:00:00,111.8521,37.1213,1.7653,1,0,0.4012
2024-05-08 15:00:00,112.2422,70.5756,0.1781,1,1,0.6444
2024-05-08 16:00:00,119.0312,59.3872,0.6396,1,1,0.6254
2024-05-08 17:00:00,107.4003,88.7307,0.7648,0,1,0.8248
2024-05-08 18:00:00,166.722,25.1248,3.0526,1,0,0.1761
2024-05-08 19:00:00,113.7981,50.1658,13.4593,0,1,0.6634
2024-05-08 20:00:00,121.9266,20.4111,20.4567,1,0,0.2316
2024-05-08 21:00:00,109.7874,69.6378,12.3001,0,1,0.8576
2024-05-08 22:00:00,70.7396,31.6811,0.641,0,0,0.4774
2024-05-08 23:00:00,143.5575,29.0477,5.0628,0,0,0.1422
2024-05-09 00:00:00,61.4506,77.7927,15.2272,0,1,0.6705
2024-05-09 01:00:00,143.1363,69.3771,7.8694,0,1,0.488
2024-05-09 02:00:00,94.6728,18.0489,10.6134,1,0,0.0744
2024-05-09 03:00:00,93.9989,49.1404,13.4444,0,0,0.535
2024-05-09 04:00:00,116.6289,74.4189,0.9593,1,1,0.741
2024-05-09 05:00:00,158.354,24.4212,0.5972,0,0,0.2329
2024-05-09 06:00:00,124.3975,93.6071,6.4514,0,1,0.9486
2024-05-09 07:00:00,115.1556,91.2384,3.0371,0,1,0.9883
2024-05-09 08:00:00,104.725,78.9678,10.8771,0,1,0.8925
2024-05-09 09:00:00,130.4113,29.8338,5.9359,1,0,0.2042
2024-05-09 10:00:00,111.9351,33.1866,1.5951,1,0,0.4251
2024-05-09 11:00:00,131.5668,52.8672,0.1141,0,1,0.6595
2024-05-09 12:00:00,83.0934,90.776,4.1418,0,1,0.9076
2024-05-09 13:00:00,128.2236,21.0788,0.3269,0,0,0.2266
2024-05-09 14:00:00,124.4188,22.2181,5.8851,0,0,0.1725
2024-05-09 15:00:00,94.031,58.1089,1.2134,1,1,0.5162
2024-05-09 16:00:00,99.9689,75.2873,2.5337,0,1,0.6821
2024-05-09 17:00:00,116.0086,18.1398,2.3695,1,0,0.1389
2024-05-09 18:00:00,109.8714,72.2606,0.1893,0,1,0.8955
2024-05-09 19:00:00,123.9438,88.4747,2.8325,0,1,0.9444
2024-05-09 20:00:00,92.7054,93.8602,3.134,0,1,0.9491
2024-05-09 21:00:00,102.6764,78.9704,0.962,0,1,0.8293
2024-05-09 22:00:00,157.0096,64.0611,0.0668,0,1,0.7135
2024-05-09 23:00:00,103.451,67.9588,11.385,0,1,0.7313
2024-05-10 00:00:00,110.9989,43.9309,5.3444,0,0,0.3
2024-05-10 01:00:00,115.5172,74.5698,16.0235,1,1,0.7905
2024-05-10 02:00:00,113.6852,76.2402,10.4525,1,1,0.8077
2024-05-10 03:00:00,140.6106,44.3485,6.1877,0,0,0.4201
2024-05-10 04:00:00,108.374,67.7892,6.3447,0,1,0.6303
2024-05-10 05:00:00,134.2456,60.571,1.1326,0,1,0.5464
2024-05-10 06:00:00,103.2501,87.0527,1.555,0,1,0.7833
2024-05-10 07:00:00,132.7756,82.7603,5.5622,0,1,0.877
2024-05-10 08:00:00,114.8872,30.1196,16.5099,0,0,0.314
2024-05-10 09:00:00,115.6057,20.4121,1.0417,1,0,0.2355
2024-05-10 10:00:00,117.1733,17.8912,5.8507,1,0,0.0432
2024-05-10 11:00:00,128.7625,18.0225,8.313,1,0,0.1788
2024-05-10 12:00:00,97.1521,76.6523,27.4081,0,1,0.7582
2024-05-10 13:00:00,101.2008,94.349,0.2256,0,1,0.882
2024-05-10 14:00:00,155.7471,77.0156,4.1415,0,1,0.9138
2024-05-10 15:00:00,127.9952,20.4496,9.7245,1,0,0.3268
2024-05-10 16:00:00,112.2711,43.0963,4.0929,1,0,0.3332
2024-05-10 17:00:00,130.4676,86.7997,6.0692,0,1,0.8543
2024-05-10 18:00:00,117.7372,95.8662,7.8502,1,1,0.8052
2024-05-10 19:00:00,77.9958,61.9225,6.2863,1,1,0.6366
2024-05-10 20:00:00,121.7665,10.1511,6.7842,1,0,0.1555
2024-05-10 21:00:00,116.6351,15.5696,1.688,1,0,0.1296
2024-05-10 22:00:00,125.186,58.2043,0.4629,1,1,0.5882
2024-05-10 23:00:00,104.8021,86.2407,2.2888,0,1,0.9156
2024-05-11 00:00:00,114.8641,98.1865,8.5939,0,1,0.9097
2024-05-11 01:00:00,139.5939,38.7679,3.9328,1,0,0.3825
2024-05-11 02:00:00,116.1388,42.8521,2.3362,0,0,0.5745
2024-05-11 03:00:00,111.0976,71.1372,11.6048,0,1,0.772
2024-05-11 04:00:00,125.513,81.6909,6.4768,0,1,0.7431
2024-05-11 05:00:00,111.7403,56.7776,3.891,0,1,0.61
2024-05-11 06:00:00,138.2817,64.1456,1.9335,0,1,0.7787
2024-05-11 07:00:00,115.7386,29.9927,5.0987,1,0,0.1981
2024-05-11 08:00:00,125.5079,45.5781,2.6128,0,0,0.2327
2024-05-11 09:00:00,106.136,58.4464,4.34,0,1,0.5526
2024-05-11 10:00:00,96.2715,51.4542,2.327,1,1,0.5626
2024-05-11 11:00:00,131.989,23.0231,20.5259,0,0,0.2661
2024-05-11 12:00:00,123.6928,94.8601,7.2903,0,1,0.8819
2024-05-11 13:00:00,130.516,85.3495,0.7987,0,1,0.7897
2024-05-11 14:00:00,132.3247,54.9849,5.5837,0,1,0.5564
2024-05-11 15:00:00,92.2737,51.0206,11.0105,0,1,0.6045
2024-05-11 16:00:00,121.1353,64.1319,5.6306,0,1,0.6055
2024-05-11 17:00:00,82.5383,23.1284,2.6198,1,0,0.1077
2024-05-11 18:00:00,128.4046,69.8816,16.2708,0,1,0.6294
2024-05-11 19:00:00,99.2597,82.1163,0.4521,0,1,0.927
2024-05-11 20:00:00,127.4722,73.267,1.4598,0,1,0.8417
2024-05-11 21:00:00,132.177,63.8992,0.7404,1,1,0.7487
2024-05-11 22:00:00,109.1961,37.8002,12.9326,1,0,0.5063
2024-05-11 23:00:00,118.5833,99.1302,5.1847,0,1,0.886
2024-05-12 00:00:00,141.215,21.1118,2.9962,1,0,0.3078
2024-05-12 01:00:00,88.9643,99.7164,3.8741,0,1,1.0118
2024-05-12 02:00:00,130.7148,73.587,5.7025,1,1,0.8101
2024-05-12 03:00:00,121.177,53.0454,11.0246,1,1,0.6827
2024-05-12 04:00:00,136.2617,84.5819,2.1038,0,1,0.7384
2024-05-12 05:00:00,89.0182,54.5523,12.5234,0,1,0.6244
2024-05-12 06:00:00,119.1083,73.3726,20.2893,0,1,0.8304
2024-05-12 07:00:00,139.1188,43.9038,0.7836,0,0,0.3629
2024-05-12 08:00:00,143.7602,98.3029,2.0901,0,1,0.948
2024-05-12 09:00:00,105.0793,39.983,5.0078,1,0,0.4954
2024-05-12 10:00:00,113.9866,84.5096,6.8284,0,1,0.8928
2024-05-12 11:00:00,152.549,28.9552,9.5223,1,0,0.2705
2024-05-12 12:00:00,93.2678,75.9392,4.263,0,1,0.7539
2024-05-12 13:00:00,118.2543,82.9377,18.912,1,1,1.0383
2024-05-12 14:00:00,122.3179,73.0367,7.8578,1,1,0.831
2024-05-12 15:00:00,122.2787,14.731,8.7059,1,0,-0.0195
2024-05-12 16:00:00,102.1157,87.8889,2.5238,0,1,0.9238
2024-05-12 17:00:00,136.6489,26.1118,8.6706,1,0,0.323
2024-05-12 18:00:00,135.2749,53.8754,10.6315,1,1,0.52
2024-05-12 19:00:00,152.1521,45.2627,23.2844,0,0,0.5434
2024-05-12 20:00:00,104.7055,98.5951,3.9263,0,1,1.0552
2024-05-12 21:00:00,110.3725,69.3325,3.6654,0,1,0.5716
2024-05-12 22:00:00,139.087,86.3666,4.2838,0,1,0.9267
2024-05-12 23:00:00,152.1686,99.1957,1.47,0,1,0.852
2024-05-13 00:00:00,118.9706,59.3149,3.9975,1,1,0.6539
2024-05-13 01:00:00,91.3586,40.3669,14.2616,1,0,0.2731
2024-05-13 02:00:00,115.2326,71.0109,6.7298,1,1,0.8279
2024-05-13 03:00:00,136.723,99.1283,5.7602,0,1,0.9174
2024-05-13 04:00:00,131.5147,78.1943,7.7493,0,1,0.6593
2024-05-13 05:00:00,139.4343,45.1957,3.3587,1,0,0.6516
2024-05-13 06:00:00,154.2178,57.506,1.9688,0,1,0.6904
2024-05-13 07:00:00,111.3444,35.4736,9.0538,1,0,0.2637
2024-05-13 08:00:00,102.7392,72.6739,2.3366,0,1,0.8321
2024-05-13 09:00:00,97.3155,27.5583,13.8174,1,0,0.1167
2024-05-13 10:00:00,116.9771,87.0627,3.7025,0,1,0.7992
2024-05-13 11:00:00,137.7683,45.4395,8.5563,0,0,0.5968
2024-05-13 12:00:00,150.6656,21.7811,1.2364,1,0,-0.0121
2024-05-13 13:00:00,123.2127,77.704,2.1626,0,1,0.6196
2024-05-13 14:00:00,119.5042,62.2345,2.6212,1,1,0.6414
2024-05-13 15:00:00,116.8226,82.4565,6.9629,0,1,0.9429
2024-05-13 16:00:00,141.5781,86.4829,0.5626,0,1,0.8326
2024-05-13 17:00:00,105.3786,73.8629,5.1148,0,1,0.8687
2024-05-13 18:00:00,117.3492,51.1779,3.0225,1,1,0.6084
2024-05-13 19:00:00,117.8566,24.7325,8.9894,1,0,0.3781
2024-05-13 20:00:00,118.7773,22.3805,11.2801,1,0,0.0623
2024-05-13 21:00:00,152.2111,72.636,1.0433,0,1,0.6825
2024-05-13 22:00:00,103.0376,36.1973,0.003,0,0,0.3441
2024-05-13 23:00:00,164.0128,23.0341,7.8896,1,0,0.1878
2024-05-14 00:00:00,107.359,29.6323,3.5111,1,0,0.2199
2024-05-14 01:00:00,104.3552,77.3544,0.5703,0,1,0.8271
2024-05-14 02:00:00,107.2683,76.1787,0.7795,0,1,0.8905
2024-05-14 03:00:00,131.1332,10.8219,0.3747,0,0,0.1274
2024-05-14 04:00:00,119.0634,75.3362,14.9897,0,1,0.8691
2024-05-14 05:00:00,139.7558,61.8114,1.3843,0,1,0.7377
2024-05-14 06:00:00,104.3232,71.0486,2.6054,1,1,0.6838
2024-05-14 07:00:00,88.847,98.9636,8.7215,0,1,1.0298
2024-05-14 08:00:00,112.5841,23.2845,3.9041,1,0,0.184
2024-05-14 09:00:00,124.4489,95.5358,0.5079,0,1,0.9486
2024-05-14 10:00:00,92.5683,48.44,8.4233,1,0,0.4944
2024-05-14 11:00:00,117.4206,85.7494,0.1189,0,1,0.8263
2024-05-14 12:00:00,129.1306,93.3387,0.158,0,1,0.8514
2024-05-14 13:00:00,104.6694,18.6443,0.6453,1,0,0.1971
2024-05-14 14:00:00,104.3588,97.6743,1.0272,0,1,0.8172
2024-05-14 15:00:00,99.4199,26.167,7.4821,1,0,0.2668
2024-05-14 16:00:00,116.7766,14.7225,0.37,1,0,0.0116
2024-05-14 17:00:00,127.7182,98.2249,1.4614,0,1,0.9243
2024-05-14 18:00:00,169.5029,68.5088,15.081,0,1,0.7264
2024-05-14 19:00:00,140.6576,63.4053,2.7402,0,1,0.7487
2024-05-14 20:00:00,96.4075,97.2754,2.2121,0,1,1.0208
2024-05-14 21:00:00,91.3954,66.4275,2.5792,1,1,0.7092
2024-05-14 22:00:00,117.4167,46.3595,5.9836,0,0,0.4679
2024-05-14 23:00:00,148.1055,13.0594,1.7849,1,0,0.0602
2024-05-15 00:00:00,131.4262,31.677,2.4531,1,0,0.4297
2024-05-15 01:00:00,109.8271,53.9763,1.1688,0,1,0.4097
2024-05-15 02:00:00,137.7239,71.9186,2.7977,0,1,0.8669
2024-05-15 03:00:00,144.585,95.91,4.4542,0,1,0.9664
2024-05-15 04:00:00,146.132,68.7517,3.2546,0,1,0.6549
2024-05-15 05:00:00,100.0133,43.7834,4.77,1,0,0.6141
2024-05-15 06:00:00,127.4572,72.2615,0.2139,0,1,0.6338
2024-05-15 07:00:00,96.1044,81.5793,3.3798,0,1,0.6499
2024-05-15 08:00:00,104.7899,69.2667,0.1601,0,1,0.7926
2024-05-15 09:00:00,96.1608,79.9958,1.9256,0,1,0.9795
2024-05-15 10:00:00,114.7194,87.8406,0.1577,0,1,0.8381
2024-05-15 11:00:00,93.2974,68.528,6.0304,0,1,0.8288
2024-05-15 12:00:00,133.6559,34.7694,9.8727,0,0,0.1308
2024-05-15 13:00:00,119.2931,68.7876,2.4206,0,1,0.6579
2024-05-15 14:00:00,103.7441,43.0591,3.872,1,0,0.5563
2024-05-15 15:00:00,128.3917,20.8,0.5157,1,0,0.1268
2024-05-15 16:00:00,147.4813,17.4373,5.8332,1,0,0.1627
2024-05-15 17:00:00,125.8477,54.0297,4.841,0,1,0.5391
2024-05-15 18:00:00,108.8915,70.1913,2.162,1,1,0.9599
2024-05-15 19:00:00,114.3711,55.8774,17.7652,1,1,0.4303
2024-05-15 20:00:00,117.6588,12.0724,3.3697,1,0,0.1117
2024-05-15 21:00:00,106.7553,61.5684,0.1385,0,1,0.5307
2024-05-15 22:00:00,88.3124,61.5368,0.1972,0,1,0.7097
2024-05-15 23:00:00,112.6655,34.6352,3.3418,0,0,0.2494
2024-05-16 00:00:00,142.2811,77.0823,11.8157,1,1,0.8493
2024-05-16 01:00:00,104.4805,81.4909,3.2206,0,1,0.7658
2024-05-16 02:00:00,84.3365,26.2987,3.9234,1,0,0.1721
2024-05-16 03:00:00,117.9802,53.5772,0.433,1,1,0.4528
2024-05-16 04:00:00,139.7541,68.0137,6.4418,0,1,0.7527
2024-05-16 05:00:00,88.147,49.0291,6.287,0,0,0.6266
2024-05-16 06:00:00,123.092,61.4281,12.7752,0,1,0.5955
2024-05-16 07:00:00,127.1435,18.9497,3.032,1,0,0.1665
2024-05-16 08:00:00,129.4414,15.7148,6.9126,1,0,0.0081
2024-05-16 09:00:00,129.8178,91.7992,1.3813,1,1,0.9341
2024-05-16 10:00:00,130.7571,81.5702,20.6759,0,1,1.1029
2024-05-16 11:00:00,90.7035,26.6401,0.1747,1,0,0.1422
2024-05-16 12:00:00,130.9151,83.1581,1.854,1,1,0.8861
2024-05-16 13:00:00,144.8388,11.7772,7.5066,1,0,0.1875
2024-05-16 14:00:00,115.6166,60.0454,9.6428,0,1,0.4706
2024-05-16 15:00:00,126.4632,58.2775,1.2203,0,1,0.6572
2024-05-16 16:00:00,101.1365,83.0977,2.6433,0,1,0.8585
2024-05-16 17:00:00,143.5058,53.9707,0.0517,1,1,0.5777
2024-05-16 18:00:00,108.3868,56.7011,0.687,0,1,0.4409
2024-05-16 19:00:00,149.8555,62.6249,9.9285,1,1,0.5887
2024-05-16 20:00:00,112.7571,74.2374,7.5896,0,1,0.7059
2024-05-16 21:00:00,132.1029,81.1061,13.7084,1,1,0.971
2024-05-16 22:00:00,109.9619,21.168,2.9388,0,0,0.1115
2024-05-16 23:00:00,154.0605,77.7689,3.4865,0,1,0.8625
2024-05-17 00:00:00,83.6616,96.9113,3.1105,0,1,0.9106
2024-05-17 01:00:00,126.4885,90.7842,5.9723,0,1,0.8696
2024-05-17 02:00:00,81.7069,26.2598,2.4566,1,0,0.2798
2024-05-17 03:00:00,97.7094,63.9192,12.95,0,1,0.8006
2024-05-17 04:00:00,154.3603,26.1944,5.3023,1,0,0.1405
2024-05-17 05:00:00,136.3684,59.925,0.2497,0,1,0.4507
2024-05-17 06:00:00,82.9832,82.0462,4.4054,0,1,0.8707
2024-05-17 07:00:00,119.6597,21.0741,5.9902,1,0,0.013
2024-05-17 08:00:00,108.4385,21.5934,3.3775,1,0,0.1863
2024-05-17 09:00:00,130.2076,28.5607,11.6273,0,0,0.2592
2024-05-17 10:00:00,153.6468,24.5089,1.7364,1,0,0.2682
2024-05-17 11:00:00,131.7596,60.6247,0.8881,1,1,0.6522
2024-05-17 12:00:00,127.7541,86.6305,1.7145,0,1,0.8775
2024-05-17 13:00:00,129.1037,13.1505,2.013,1,0,0.0816
2024-05-17 14:00:00,99.8169,98.1936,0.5808,0,1,1.0011
2024-05-17 15:00:00,132.6509,55.5533,0.8409,0,1,0.3963
2024-05-17 16:00:00,136.6837,42.7204,9.0815,1,0,0.5338
2024-05-17 17:00:00,108.6208,58.9984,1.1102,1,1,0.5099
2024-05-17 18:00:00,108.0747,48.0746,3.3301,1,0,0.3584
2024-05-17 19:00:00,146.3868,95.0706,0.0285,0,1,0.8916
2024-05-17 20:00:00,123.6766,10.0077,7.4747,1,0,0.1078
2024-05-17 21:00:00,99.0308,37.054,8.2202,1,0,0.442
2024-05-17 22:00:00,112.095,95.1593,11.791,0,1,0.9003
2024-05-17 23:00:00,111.4884,56.7499,7.4022,1,1,0.8421
2024-05-18 00:00:00,118.6906,80.4522,0.2243,0,1,0.7557
2024-05-18 01:00:00,118.5464,69.3242,1.0086,0,1,0.7062
2024-05-18 02:00:00,115.3188,50.0428,2.0781,1,1,0.5023
2024-05-18 03:00:00,150.5481,61.9364,5.7448,0,1,0.5401
2024-05-18 04:00:00,135.1401,72.5591,9.339,0,1,0.6305
2024-05-18 05:00:00,147.0659,57.04,1.2986,0,1,0.6265
2024-05-18 06:00:00,88.8654,98.7418,2.9409,0,1,1.0944
2024-05-18 07:00:00,121.95,41.6905,6.0329,0,0,0.423
2024-05-18 08:00:00,141.4419,58.4389,12.1325,0,1,0.742
2024-05-18 09:00:00,133.2163,28.8856,0.5354,1,0,0.4962
2024-05-18 10:00:00,107.485,18.9108,0.7495,1,0,0.0757
2024-05-18 11:00:00,106.0865,83.7787,6.7422,0,1,0.8186
2024-05-18 12:00:00,137.5354,31.339,14.6565,0,0,0.2589
2024-05-18 13:00:00,116.0557,26.9266,4.1365,0,0,0.0992
2024-05-18 14:00:00,131.8368,36.9738,2.8821,1,0,0.3108
2024-05-18 15:00:00,122.8323,84.9365,2.2839,0,1,0.7589
2024-05-18 16:00:00,117.8119,96.1681,6.0019,0,1,0.9949
2024-05-18 17:00:00,122.1823,64.193,0.1038,1,1,0.5556
2024-05-18 18:00:00,104.7734,29.4436,3.724,1,0,0.259
2024-05-18 19:00:00,151.1704,42.3159,5.9178,0,0,0.6284
2024-05-18 20:00:00,130.0412,21.5643,5.037,1,0,0.3526
2024-05-18 21:00:00,145.6521,66.0081,0.5621,0,1,0.5603
2024-05-18 22:00:00,110.3017,16.6924,3.209,1,0,0.1411
2024-05-18 23:00:00,110.0993,32.9471,1.6349,1,0,0.286
2024-05-19 00:00:00,114.1623,44.3604,4.0741,1,0,0.6523
2024-05-19 01:00:00,104.223,91.3294,2.7431,0,1,0.8671
2024-05-19 02:00:00,132.464,46.0053,0.337,1,0,0.4206
2024-05-19 03:00:00,133.1007,17.4929,1.5243,1,0,0.3202
2024-05-19 04:00:00,110.6291,32.8761,14.8466,1,0,0.4884
2024-05-19 05:00:00,114.183,48.2809,2.2131,0,0,0.543
2024-05-19 06:00:00,126.9596,72.5064,2.5652,0,1,0.84
2024-05-19 07:00:00,106.2533,58.2314,12.5835,1,1,0.7119
2024-05-19 08:00:00,112.5553,16.3502,11.8552,1,0,0.1605
2024-05-19 09:00:00,148.6971,75.9407,10.4186,0,1,0.7412
2024-05-19 10:00:00,106.3793,99.5823,0.6449,0,1,0.8586
2024-05-19 11:00:00,110.5999,72.7123,0.8837,0,1,0.7297
2024-05-19 12:00:00,166.0448,27.3365,4.2247,0,0,0.382
2024-05-19 13:00:00,81.0772,43.4928,5.4628,0,0,0.4643
2024-05-19 14:00:00,98.3667,69.1586,2.9539,1,1,0.726
2024-05-19 15:00:00,153.0883,83.8457,28.3042,0,1,0.8418
2024-05-19 16:00:00,112.596,64.445,2.3366,0,1,0.7429
2024-05-19 17:00:00,129.2914,47.7718,1.5259,0,0,0.5287
2024-05-19 18:00:00,159.0282,23.8142,0.3458,1,0,0.1244
2024-05-19 19:00:00,106.9688,99.3204,7.8032,0,1,0.9933
2024-05-19 20:00:00,109.2783,49.0264,1.026,0,0,0.5162
2024-05-19 21:00:00,127.6828,12.3319,2.6658,1,0,0.0123
2024-05-19 22:00:00,118.756,64.3247,4.1011,0,1,0.6148
2024-05-19 23:00:00,110.5169,16.9772,1.3214,1,0,0.0146
2024-05-20 00:00:00,117.7122,21.2159,0.7972,1,0,0.3823
2024-05-20 01:00:00,95.7802,19.8991,0.7148,1,0,0.2572
2024-05-20 02:00:00,128.7236,59.3532,6.0445,1,1,0.6401
2024-05-20 03:00:00,135.5018,15.9363,0.0563,1,0,0.2732
2024-05-20 04:00:00,117.2191,67.616,0.3093,1,1,0.5645
2024-05-20 05:00:00,116.0797,42.6538,7.7579,0,0,0.4006
2024-05-20 06:00:00,130.275,40.0166,0.5982,1,0,0.3741
2024-05-20 07:00:00,110.3162,34.5928,5.4817,1,0,0.2897
2024-05-20 08:00:00,114.5483,88.197,4.4043,0,1,0.8698
2024-05-20 09:00:00,118.9588,30.3189,0.0445,1,0,0.3096
2024-05-20 10:00:00,147.2609,10.8877,10.6174,1,0,0.1081
2024-05-20 11:00:00,119.3218,43.944,0.7371,1,0,0.503
2024-05-20 12:00:00,118.1426,97.1896,12.6746,0,1,1.0076
2024-05-20 13:00:00,117.2221,44.0769,9.8515,0,0,0.4663
2024-05-20 14:00:00,113.1922,19.4502,8.0779,1,0,0.2499
2024-05-20 15:00:00,102.5196,93.3072,1.0454,0,1,0.8406
2024-05-20 16:00:00,103.3664,25.8158,3.2195,1,0,0.1569
2024-05-20 17:00:00,136.0727,75.5495,3.2575,0,1,0.6072
2024-05-20 18:00:00,109.809,37.5895,0.5215,1,0,0.4011
2024-05-20 19:00:00,121.9713,83.9209,2.454,0,1,0.9772
2024-05-20 20:00:00,111.5262,54.0657,5.0174,1,1,0.6466
2024-05-20 21:00:00,95.8776,57.6064,3.8979,1,1,0.6665
2024-05-20 22:00:00,111.7489,73.041,8.1449,0,1,0.7775
2024-05-20 23:00:00,145.9779,87.8859,0.7898,0,1,0.9536
2024-05-21 00:00:00,112.6823,59.6388,0.6788,1,1,0.5679
2024-05-21 01:00:00,107.8749,64.672,3.5654,0,1,0.7831
2024-05-21 02:00:00,112.449,90.6913,9.8731,0,1,0.9301
2024-05-21 03:00:00,114.1691,25.3673,0.3521,1,0,0.3582
2024-05-21 04:00:00,124.5298,95.1859,3.6014,0,1,1.1308
2024-05-21 05:00:00,112.7642,45.0607,21.8551,1,0,0.4556
2024-05-21 06:00:00,118.5452,41.0656,4.1754,0,0,0.3032
2024-05-21 07:00:00,111.3175,76.7167,1.4189,1,1,0.7829
2024-05-21 08:00:00,126.9272,97.12,7.0002,0,1,0.9038
2024-05-21 09:00:00,126.083,57.8514,9.1558,0,1,0.6442
2024-05-21 10:00:00,124.2577,63.5155,2.2449,1,1,0.7219
2024-05-21 11:00:00,132.0164,86.4667,1.2767,0,1,0.7688
2024-05-21 12:00:00,118.5502,52.9176,1.5222,0,1,0.533
2024-05-21 13:00:00,142.6966,21.4815,0.3076,1,0,0.2373
2024-05-21 14:00:00,128.965,10.8548,2.827,1,0,0.1485
2024-05-21 15:00:00,147.7687,56.2209,10.2269,0,1,0.565
2024-05-21 16:00:00,118.9333,23.9942,7.585,0,0,0.3493
2024-05-21 17:00:00,125.4134,21.3732,0.1403,0,0,0.079
2024-05-21 18:00:00,107.8585,44.0921,5.5685,1,0,0.3705
2024-05-21 19:00:00,120.7056,76.188,13.3523,0,1,0.7024
2024-05-21 20:00:00,135.479,14.7578,2.4778,0,0,0.0257
2024-05-21 21:00:00,113.703,75.2877,4.6626,0,1,0.6845
2024-05-21 22:00:00,147.901,97.705,10.0846,0,1,0.8746
2024-05-21 23:00:00,120.9146,73.6752,6.9037,0,1,0.712
2024-05-22 00:00:00,149.5911,32.42,0.681,1,0,0.2614
2024-05-22 01:00:00,101.1466,64.7833,4.7712,0,1,0.5747
2024-05-22 02:00:00,115.363,73.6108,7.8144,1,1,0.8594
2024-05-22 03:00:00,111.3275,26.4794,10.9796,0,0,0.3106
2024-05-22 04:00:00,139.0797,98.7622,5.1929,0,1,0.7037
2024-05-22 05:00:00,132.301,81.8622,7.0413,0,1,1.0115
2024-05-22 06:00:00,119.0769,55.2006,0.8556,0,1,0.4605
2024-05-22 07:00:00,112.0965,34.8241,4.5687,1,0,0.3075
2024-05-22 08:00:00,120.0018,48.4989,1.6958,0,0,0.5932
2024-05-22 09:00:00,133.8467,94.7509,7.4162,0,1,0.97
2024-05-22 10:00:00,135.9007,89.3249,2.8347,0,1,0.9229
2024-05-22 11:00:00,119.4159,83.2621,0.157,0,1,0.7532
2024-05-22 12:00:00,112.2848,37.4669,0.3432,0,0,0.2473
2024-05-22 13:00:00,122.4062,87.2129,0.4433,0,1,0.9935
2024-05-22 14:00:00,122.9134,95.2709,11.112,0,1,0.7594
2024-05-22 15:00:00,125.1905,46.5863,0.7866,1,0,0.4377
2024-05-22 16:00:00,112.1888,38.1463,5.1277,1,0,0.3758
2024-05-22 17:00:00,152.6182,18.1127,2.3064,0,0,0.1999
2024-05-22 18:00:00,108.9699,17.1527,2.4983,1,0,0.2711
2024-05-22 19:00:00,148.4323,75.6958,3.1228,0,1,0.6669
2024-05-22 20:00:00,146.2504,95.038,8.2204,0,1,0.9642
2024-05-22 21:00:00,138.0283,24.8602,12.4513,1,0,0.1539
2024-05-22 22:00:00,155.119,15.167,1.8084,1,0,0.2167
2024-05-22 23:00:00,130.8306,76.9069,3.8317,1,1,0.7844
2024-05-23 00:00:00,114.7548,59.8744,1.9807,1,1,0.6558
2024-05-23 01:00:00,110.9562,54.3565,1.8419,0,1,0.6415
2024-05-23 02:00:00,108.2334,88.6918,14.8305,1,1,0.7446
2024-05-23 03:00:00,136.0465,96.595,3.5815,0,1,0.8789
2024-05-23 04:00:00,93.3196,48.1585,2.4396,1,0,0.382
2024-05-23 05:00:00,94.398,55.7814,10.2459,0,1,0.6224
2024-05-23 06:00:00,148.8838,75.7718,5.831,0,1,0.8404
2024-05-23 07:00:00,139.3105,53.169,5.9413,1,1,0.6172
2024-05-23 08:00:00,128.2803,56.351,12.8493,0,1,0.5299
2024-05-23 09:00:00,137.6735,99.8159,4.6469,0,1,0.9791
2024-05-23 10:00:00,134.9315,89.9272,5.4089,1,1,0.8827
2024-05-23 11:00:00,117.2116,72.8094,4.2664,0,1,0.9039
2024-05-23 12:00:00,93.5765,46.4924,3.1681,0,0,0.4716
2024-05-23 13:00:00,144.3366,65.4658,0.477,0,1,0.5659
2024-05-23 14:00:00,128.9065,91.9798,3.3635,0,1,0.8708
2024-05-23 15:00:00,95.2949,77.1326,2.0959,1,1,0.8923
2024-05-23 16:00:00,123.3131,74.2744,3.6387,0,1,0.747
2024-05-23 17:00:00,112.0466,73.2333,4.9898,0,1,0.7241
2024-05-23 18:00:00,118.5716,77.4701,1.449,0,1,0.9266
2024-05-23 19:00:00,114.6546,31.9804,1.5613,1,0,0.2019
2024-05-23 20:00:00,130.8829,76.5085,1.5821,0,1,0.7749
2024-05-23 21:00:00,116.8721,95.5782,1.705,0,1,0.9327
2024-05-23 22:00:00,99.4105,84.1027,3.6028,0,1,0.7941
2024-05-23 23:00:00,133.1504,89.2299,1.8775,0,1,0.7636
2024-05-24 00:00:00,129.7019,57.53,11.8122,1,1,0.5814
2024-05-24 01:00:00,94.4264,64.8274,11.8875,0,1,0.7819
2024-05-24 02:00:00,128.2997,64.6636,4.1737,0,1,0.5454
2024-05-24 03:00:00,137.1387,96.8183,2.1425,0,1,0.8717
2024-05-24 04:00:00,117.9449,70.707,1.8289,0,1,0.7858
2024-05-24 05:00:00,124.2307,89.3738,8.7359,0,1,1.0548
2024-05-24 06:00:00,106.6609,57.1165,3.6457,0,1,0.5899
2024-05-24 07:00:00,88.4664,30.2562,2.6512,1,0,0.2602
2024-05-24 08:00:00,130.4191,16.761,1.532,1,0,0.1815
2024-05-24 09:00:00,119.1672,85.5468,2.7569,0,1,0.7667
2024-05-24 10:00:00,128.729,56.2316,5.381,1,1,0.6798
2024-05-24 11:00:00,116.4663,95.7235,7.3119,0,1,1.064
2024-05-24 12:00:00,115.9997,48.045,11.0615,1,0,0.5481
2024-05-24 13:00:00,123.8114,44.1185,0.7499,1,0,0.578
2024-05-24 14:00:00,119.6505,43.5955,7.3464,0,0,0.3046
2024-05-24 15:00:00,136.827,20.191,1.7479,1,0,0.2384
2024-05-24 16:00:00,113.0019,92.2641,5.8094,0,1,0.846
2024-05-24 17:00:00,94.1556,32.4789,2.2431,1,0,0.2327
2024-05-24 18:00:00,123.5063,58.5208,3.9129,0,1,0.6921
2024-05-24 19:00:00,96.7733,78.9773,1.9367,0,1,0.8506
2024-05-24 20:00:00,74.0383,20.6079,7.9982,1,0,0.1845
2024-05-24 21:00:00,100.5968,36.926,4.3584,1,0,0.3067
2024-05-24 22:00:00,112.7638,36.4191,0.9523,0,0,0.2498
2024-05-24 23:00:00,106.1657,29.1759,6.4475,0,0,0.4454
2024-05-25 00:00:00,92.4824,76.4223,10.4432,0,1,0.7313
2024-05-25 01:00:00,116.7343,61.1958,5.0888,1,1,0.6977
2024-05-25 02:00:00,143.3747,29.5717,1.1517,1,0,0.3227
2024-05-25 03:00:00,136.2281,37.4338,7.8019,1,0,0.3937
2024-05-25 04:00:00,121.0562,93.98,8.8712,0,1,0.9374
2024-05-25 05:00:00,137.9369,67.8676,1.0111,0,1,0.6037
2024-05-25 06:00:00,112.7749,84.3155,5.2132,0,1,0.9288
2024-05-25 07:00:00,104.6165,13.1886,3.4354,1,0,0.3438
2024-05-25 08:00:00,133.4714,51.6751,1.4094,0,1,0.3952
2024-05-25 09:00:00,100.8997,65.5974,3.3116,0,1,0.6574
2024-05-25 10:00:00,127.1159,53.944,1.5786,1,1,0.344
2024-05-25 11:00:00,120.4713,42.017,4.1988,1,0,0.4381
2024-05-25 12:00:00,114.2441,65.3977,3.8546,1,1,0.7618
2024-05-25 13:00:00,112.4871,39.5697,0.7911,1,0,0.2531
2024-05-25 14:00:00,141.9957,41.8503,4.6568,1,0,0.4064
2024-05-25 15:00:00,91.5747,10.4639,1.4553,0,0,0.0508
2024-05-25 16:00:00,125.9514,90.1177,16.9831,0,1,1.0091
2024-05-25 17:00:00,115.6443,26.7542,8.3863,1,0,0.0935
2024-05-25 18:00:00,107.2732,41.9079,20.6346,0,0,0.5691
2024-05-25 19:00:00,121.7144,19.1204,0.0164,1,0,0.1212
2024-05-25 20:00:00,126.8424,54.2842,1.047,0,1,0.3329
2024-05-25 21:00:00,119.897,17.6269,13.5998,1,0,0.2087
2024-05-25 22:00:00,125.5457,56.2887,13.142,0,1,0.6252
2024-05-25 23:00:00,147.1968,23.834,3.0327,1,0,0.1975
2024-05-26 00:00:00,109.905,21.1458,23.4721,1,0,0.2765
2024-05-26 01:00:00,128.7642,53.8671,4.3803,0,1,0.4668
2024-05-26 02:00:00,88.8615,24.0067,1.6224,1,0,0.2476
2024-05-26 03:00:00,129.4989,69.097,4.1903,1,1,0.7625
2024-05-26 04:00:00,86.4947,30.3486,1.1107,1,0,0.2564
2024-05-26 05:00:00,132.7399,45.5823,0.2617,0,0,0.3005
2024-05-26 06:00:00,112.2645,36.9356,2.7905,1,0,0.4009
2024-05-26 07:00:00,124.1042,48.5507,20.0034,0,0,0.4504
2024-05-26 08:00:00,94.1281,26.3964,4.5227,0,0,0.2417
2024-05-26 09:00:00,121.5227,83.0389,3.2348,1,1,0.8042
2024-05-26 10:00:00,136.3398,19.7825,2.446,1,0,0.1419
2024-05-26 11:00:00,132.5665,49.4715,0.636,0,0,0.5081
2024-05-26 12:00:00,120.7766,85.5422,0.999,0,1,1.0233
2024-05-26 13:00:00,120.9821,24.5651,2.2419,1,0,0.3021
2024-05-26 14:00:00,142.3192,41.8364,8.0798,1,0,0.3824
2024-05-26 15:00:00,134.7438,49.0564,0.2802,0,0,0.4092
2024-05-26 16:00:00,109.5494,42.3313,9.3923,1,0,0.4575
2024-05-26 17:00:00,110.387,88.3463,1.6242,0,1,1.0124
2024-05-26 18:00:00,108.5395,27.8618,3.9758,1,0,0.0395
2024-05-26 19:00:00,120.4777,27.061,1.5627,1,0,0.2557
2024-05-26 20:00:00,99.6438,13.6231,7.6594,1,0,0.2299
2024-05-26 21:00:00,81.1662,45.5091,13.0014,0,0,0.4235
2024-05-26 22:00:00,117.1116,76.9532,5.8034,0,1,0.6882
2024-05-26 23:00:00,125.8471,91.0898,1.1464,1,1,0.7232
2024-05-27 00:00:00,124.6221,24.4281,11.0963,1,0,0.1788
2024-05-27 01:00:00,141.2778,27.9093,4.1801,0,0,0.1472
2024-05-27 02:00:00,97.2299,53.1365,0.0495,0,1,0.3739
2024-05-27 03:00:00,111.6767,69.8719,2.0595,0,1,0.7617
2024-05-27 04:00:00,94.461,33.922,4.8956,1,0,0.3975
2024-05-27 05:00:00,125.754,47.8986,1.6229,1,0,0.3227
2024-05-27 06:00:00,119.2657,59.5111,2.8089,1,1,0.8085
2024-05-27 07:00:00,112.2979,81.9838,1.31,0,1,0.6985
2024-05-27 08:00:00,121.9842,74.2889,4.8158,0,1,0.7132
2024-05-27 09:00:00,108.1184,39.2399,4.227,1,0,0.2498
2024-05-27 10:00:00,102.2816,78.7953,1.5512,0,1,0.7125
2024-05-27 11:00:00,150.535,89.359,4.0217,0,1,0.8927
2024-05-27 12:00:00,136.2638,55.1673,9.187,0,1,0.5375
2024-05-27 13:00:00,117.8314,93.1205,0.8226,0,1,0.7928
2024-05-27 14:00:00,92.6706,85.8757,4.0339,0,1,0.8713
2024-05-27 15:00:00,117.2843,44.9964,1.9042,0,0,0.3372
2024-05-27 16:00:00,131.9129,19.876,1.2415,1,0,0.101
2024-05-27 17:00:00,124.4205,19.7092,8.192,1,0,0.2035
2024-05-27 18:00:00,139.9916,11.9037,8.7183,1,0,0.0043
2024-05-27 19:00:00,144.0369,23.9988,1.1354,0,0,0.1141
2024-05-27 20:00:00,119.7198,55.0001,4.7894,1,1,0.421
2024-05-27 21:00:00,112.6115,79.0646,15.4473,0,1,0.9471
2024-05-27 22:00:00,112.129,31.2854,0.478,0,0,0.3409
2024-05-27 23:00:00,113.6356,71.0479,6.7441,0,1,0.9046
2024-05-28 00:00:00,138.0932,40.7927,19.2388,1,0,0.5244
2024-05-28 01:00:00,113.4488,97.8795,1.5717,0,1,0.9303
2024-05-28 02:00:00,90.1388,76.3688,3.3302,0,1,0.7492
2024-05-28 03:00:00,129.9574,49.0896,0.5029,0,0,0.5327
2024-05-28 04:00:00,119.5002,36.052,9.334,1,0,0.3689
2024-05-28 05:00:00,112.6724,53.7336,1.2486,1,1,0.4739
2024-05-28 06:00:00,84.9092,78.481,3.0764,0,1,0.9026
2024-05-28 07:00:00,143.069,32.2973,0.9055,1,0,0.4066
2024-05-28 08:00:00,134.2843,23.7246,0.953,1,0,0.1725
2024-05-28 09:00:00,100.2643,56.0116,1.2445,0,1,0.4879
2024-05-28 10:00:00,124.1892,32.452,0.568,1,0,0.3202
2024-05-28 11:00:00,101.2607,79.0055,1.3641,0,1,0.6727
2024-05-28 12:00:00,96.1258,87.775,1.8444,0,1,0.9298
2024-05-28 13:00:00,82.4276,99.4831,4.3332,0,1,0.9054
2024-05-28 14:00:00,135.8651,32.2619,4.5779,1,0,0.3607
2024-05-28 15:00:00,137.7394,83.8548,2.4445,0,1,0.7325
2024-05-28 16:00:00,115.6549,27.8571,1.2001,0,0,0.2532
2024-05-28 17:00:00,120.3028,73.5815,0.5288,1,1,0.6902
2024-05-28 18:00:00,154.0091,82.8957,0.4278,0,1,0.8265
2024-05-28 19:00:00,107.3975,73.103,6.2314,0,1,0.749
2024-05-28 20:00:00,99.4288,55.2101,2.9217,1,1,0.7171
2024-05-28 21:00:00,123.8069,26.3069,6.7193,1,0,0.2547
2024-05-28 22:00:00,131.6504,99.3297,2.4264,1,1,0.8478
2024-05-28 23:00:00,115.9354,63.2077,4.7732,0,1,0.6695
2024-05-29 00:00:00,94.965,67.1029,2.3915,0,1,0.7484
2024-05-29 01:00:00,107.2095,30.6446,3.8964,1,0,0.2906
2024-05-29 02:00:00,134.194,21.9066,1.5854,1,0,0.0542
2024-05-29 03:00:00,134.7534,13.453,10.6772,1,0,0.145
2024-05-29 04:00:00,90.4386,99.1359,3.3816,0,1,1.0855
2024-05-29 05:00:00,98.7688,93.6188,7.7934,0,1,1.0422
2024-05-29 06:00:00,103.1859,48.3673,3.711,0,0,0.4011
2024-05-29 07:00:00,121.0251,65.4821,1.9436,1,1,0.8299
2024-05-29 08:00:00,162.5155,18.1842,3.4561,1,0,0.2004
2024-05-29 09:00:00,116.198,14.586,4.7809,0,0,0.167
2024-05-29 10:00:00,122.6703,46.6567,9.1076,1,0,0.4022
2024-05-29 11:00:00,106.7055,37.5801,4.6641,1,0,0.1376
2024-05-29 12:00:00,169.5838,66.9979,2.3337,0,1,0.6787
2024-05-29 13:00:00,110.3449,30.8285,6.0778,0,0,0.2893
2024-05-29 14:00:00,112.0266,40.256,4.5934,0,0,0.4797
2024-05-29 15:00:00,124.4503,53.1276,6.002,1,1,0.5597
2024-05-29 16:00:00,96.9294,55.8877,2.3714,1,1,0.4254
2024-05-29 17:00:00,136.5954,67.9486,7.7575,0,1,0.6514
2024-05-29 18:00:00,121.4091,37.3861,1.1605,0,0,0.2538
2024-05-29 19:00:00,105.8996,34.2321,1.8859,0,0,0.1437
2024-05-29 20:00:00,110.4964,35.25,2.5968,1,0,0.4374
2024-05-29 21:00:00,86.3586,41.5922,1.4302,1,0,0.3239
2024-05-29 22:00:00,111.2558,47.6267,1.7172,0,0,0.6169
2024-05-29 23:00:00,79.2883,38.7857,1.3126,1,0,0.194
2024-05-30 00:00:00,113.2214,14.2801,4.5869,1,0,0.1689
2024-05-30 01:00:00,112.3878,13.68,3.1717,1,0,0.2238
2024-05-30 02:00:00,110.6558,14.6918,0.1229,0,0,-0.0119
2024-05-30 03:00:00,110.7752,77.0279,13.6873,0,1,0.7868
2024-05-30 04:00:00,105.9598,29.078,1.3991,1,0,0.1267
2024-05-30 05:00:00,144.5892,52.4852,5.9797,0,1,0.696
2024-05-30 06:00:00,148.4143,91.7634,3.0096,0,1,0.8511
2024-05-30 07:00:00,118.487,19.0686,8.0497,1,0,0.1475
2024-05-30 08:00:00,142.9295,26.6356,2.4622,1,0,0.1351
2024-05-30 09:00:00,115.9504,95.3495,2.117,0,1,0.8577
2024-05-30 10:00:00,116.0317,42.7223,2.398,0,0,0.474
2024-05-30 11:00:00,106.2416,37.3921,3.3761,0,0,0.3888
2024-05-30 12:00:00,134.6533,18.7198,6.44,1,0,0.1831
2024-05-30 13:00:00,133.182,11.2295,11.9948,1,0,0.3384
2024-05-30 14:00:00,97.6632,59.6591,0.4686,0,1,0.5153
2024-05-30 15:00:00,124.668,87.5777,1.4714,0,1,0.864
2024-05-30 16:00:00,112.0711,39.8091,1.2975,0,0,0.2445
2024-05-30 17:00:00,104.9109,76.7163,2.2832,1,1,0.6461
2024-05-30 18:00:00,121.2296,42.5246,29.2136,1,0,0.3756
2024-05-30 19:00:00,85.9871,80.0927,3.2555,0,1,0.7515
2024-05-30 20:00:00,113.64,57.5976,0.9229,0,1,0.708
2024-05-30 21:00:00,156.9107,43.4433,9.6087,0,0,0.5885
2024-05-30 22:00:00,129.8451,68.5224,5.1783,1,1,0.9889
2024-05-30 23:00:00,100.5902,28.903,4.5703,1,0,0.4352
2024-05-31 00:00:00,132.05,44.5644,8.3074,0,0,0.3779
2024-05-31 01:00:00,123.4005,89.8474,9.3509,0,1,0.8818
2024-05-31 02:00:00,115.7806,21.7437,19.3548,0,0,0.1381
2024-05-31 03:00:00,110.8509,76.8329,2.2673,1,1,0.7051
2024-05-31 04:00:00,121.7808,20.8319,7.1504,1,0,0.2621
2024-05-31 05:00:00,110.7382,62.7905,0.4714,0,1,0.7507
2024-05-31 06:00:00,118.5533,92.0959,12.3758,0,1,0.8453
2024-05-31 07:00:00,135.5637,68.892,0.4846,0,1,0.8356
2024-05-31 08:00:00,136.9904,27.139,5.9423,1,0,0.2235
2024-05-31 09:00:00,97.641,73.4194,0.2568,0,1,0.9722
2024-05-31 10:00:00,113.076,93.2951,0.4129,1,1,1.1406
2024-05-31 11:00:00,151.7548,16.7392,13.442,1,0,-0.0138
2024-05-31 12:00:00,155.2964,59.1921,3.0175,0,1,0.5605
2024-05-31 13:00:00,128.7134,40.8608,1.7347,0,0,0.3883
2024-05-31 14:00:00,151.8272,75.2816,9.7773,0,1,0.9622
2024-05-31 15:00:00,144.3534,99.068,1.6322,0,1,0.9238
2024-05-31 16:00:00,119.3797,28.1799,12.3825,0,0,0.1907
2024-05-31 17:00:00,84.6331,74.8693,1.3009,0,1,0.625
2024-05-31 18:00:00,120.7117,13.943,1.8669,1,0,0.1303
2024-05-31 19:00:00,97.9542,27.2536,3.6751,1,0,0.2257
2024-05-31 20:00:00,124.4066,59.5446,1.3186,1,1,0.5924
2024-05-31 21:00:00,154.4278,32.7273,0.484,0,0,0.3167
2024-05-31 22:00:00,126.5134,88.9368,0.2678,1,1,0.8198
2024-05-31 23:00:00,107.241,86.8094,5.3156,0,1,1.0191
2024-06-01 00:00:00,100.0823,91.6133,7.6685,0,1,0.9108
2024-06-01 01:00:00,85.2869,97.7614,15.3781,0,1,0.8309
2024-06-01 02:00:00,86.3527,90.5422,14.1944,0,1,0.7752
2024-06-01 03:00:00,152.2468,50.3634,0.9676,1,1,0.4365
2024-06-01 04:00:00,137.8773,74.5593,3.9697,0,1,0.7376
2024-06-01 05:00:00,119.4737,91.9764,14.2379,0,1,0.949
2024-06-01 06:00:00,119.0705,16.0938,11.2653,0,0,0.2824
2024-06-01 07:00:00,120.9605,47.7104,1.3475,1,0,0.6319
2024-06-01 08:00:00,121.7171,93.8199,8.2442,0,1,0.7816
2024-06-01 09:00:00,147.9147,55.3482,1.087,1,1,0.6513
2024-06-01 10:00:00,129.2269,11.9687,6.2332,1,0,0.1037
2024-06-01 11:00:00,84.9637,63.9238,0.3488,0,1,0.4635
2024-06-01 12:00:00,141.752,72.7036,0.5352,0,1,0.7347
2024-06-01 13:00:00,85.9537,21.6041,8.4993,1,0,0.132
2024-06-01 14:00:00,114.3916,14.0901,0.9845,1,0,0.1632
2024-06-01 15:00:00,96.1099,60.9557,0.6627,0,1,0.8466
2024-06-01 16:00:00,122.7373,81.4951,3.1045,0,1,0.9517
2024-06-01 17:00:00,98.5255,72.4423,7.1535,0,1,0.5731
2024-06-01 18:00:00,96.2782,76.6644,6.4225,0,1,0.6753
2024-06-01 19:00:00,102.4664,45.7744,0.8286,0,0,0.5545
2024-06-01 20:00:00,137.2002,71.6225,13.4523,0,1,0.7799
2024-06-01 21:00:00,118.5467,88.323,1.4095,0,1,0.8136
2024-06-01 22:00:00,134.4764,97.4385,0.0439,0,1,1.1319
2024-06-01 23:00:00,147.4241,24.8966,9.6692,1,0,0.2394
2024-06-02 00:00:00,126.4824,77.5655,7.2696,1,1,0.8247
2024-06-02 01:00:00,132.6835,44.5735,3.6,0,0,0.4423
2024-06-02 02:00:00,103.9398,80.1435,0.1047,0,1,0.9941
2024-06-02 03:00:00,120.4708,46.0764,3.511,1,0,0.5111
2024-06-02 04:00:00,100.6002,34.4345,0.2927,1,0,0.2833
2024-06-02 05:00:00,132.4057,26.566,0.7248,0,0,0.217
2024-06-02 06:00:00,138.9944,24.4003,0.2478,0,0,0.1714
2024-06-02 07:00:00,140.1148,29.6027,0.8475,1,0,0.2822
2024-06-02 08:00:00,121.5526,72.705,0.7095,0,1,0.9943
2024-06-02 09:00:00,138.814,89.124,9.8912,0,1,0.8814
2024-06-02 10:00:00,119.3769,81.1582,8.9873,1,1,0.9007
2024-06-02 11:00:00,111.6079,50.9897,4.265,0,1,0.4144
2024-06-02 12:00:00,131.4844,73.6979,1.6375,0,1,0.8833
2024-06-02 13:00:00,135.6745,57.2566,1.4104,1,1,0.6237
2024-06-02 14:00:00,163.2936,37.3069,0.9627,0,0,0.4184
2024-06-02 15:00:00,135.7473,29.8303,0.582,1,0,0.2593
2024-06-02 16:00:00,101.5537,73.7429,1.4265,0,1,0.7408
2024-06-02 17:00:00,103.854,59.6936,5.1101,0,1,0.5421
2024-06-02 18:00:00,97.8111,25.3998,7.0226,0,0,0.1211
2024-06-02 19:00:00,123.5922,14.1051,0.3471,1,0,0.3199
2024-06-02 20:00:00,101.5967,31.4395,2.3695,0,0,0.2324
2024-06-02 21:00:00,147.624,13.5182,0.0029,1,0,0.1019
2024-06-02 22:00:00,116.7146,23.3326,3.0881,0,0,0.1516
2024-06-02 23:00:00,134.1676,89.5242,8.0182,0,1,0.751
2024-06-03 00:00:00,125.0121,93.4523,5.6587,0,1,0.926
2024-06-03 01:00:00,128.6104,34.3391,2.5128,1,0,0.5386
2024-06-03 02:00:00,102.8073,81.1559,3.8986,1,1,0.7876
2024-06-03 03:00:00,121.5678,67.8172,2.5867,0,1,0.5727
2024-06-03 04:00:00,114.2082,32.4107,3.7227,1,0,0.2559
2024-06-03 05:00:00,120.3119,84.1069,16.3647,0,1,0.8676
2024-06-03 06:00:00,124.5439,58.1135,14.3486,1,1,0.6128
2024-06-03 07:00:00,134.9636,10.126,2.1843,1,0,0.0206
2024-06-03 08:00:00,113.5162,41.2716,4.6509,1,0,0.2523
2024-06-03 09:00:00,137.6355,64.4644,6.3356,0,1,0.6431
2024-06-03 10:00:00,128.3946,43.2199,6.9184,1,0,0.2341
2024-06-03 11:00:00,152.8984,17.4922,6.9642,1,0,0.1509
2024-06-03 12:00:00,60.276,73.4916,3.7061,0,1,0.7985
2024-06-03 13:00:00,110.2301,59.4348,2.6185,1,1,0.6577
2024-06-03 14:00:00,145.808,74.9872,3.4974,0,1,0.6972
2024-06-03 15:00:00,75.0909,46.7509,3.463,1,0,0.3685
2024-06-03 16:00:00,150.0525,65.0334,8.1696,0,1,0.5121
2024-06-03 17:00:00,123.8163,39.2172,1.159,1,0,0.6026
2024-06-03 18:00:00,84.0657,15.1537,4.5789,1,0,0.1549
2024-06-03 19:00:00,135.8694,83.433,2.2904,0,1,0.757
2024-06-03 20:00:00,102.596,84.1539,1.7723,0,1,0.6971
2024-06-03 21:00:00,105.2169,29.7352,4.6367,1,0,0.3059
2024-06-03 22:00:00,149.7232,96.8705,2.6587,1,1,0.9079
2024-06-03 23:00:00,115.0717,25.9062,2.3576,1,0,0.3412
2024-06-04 00:00:00,104.3609,97.4444,2.339,0,1,1.0071
2024-06-04 01:00:00,159.917,58.365,1.8884,1,1,0.6052
2024-06-04 02:00:00,139.7261,98.0886,1.1076,0,1,0.9093
2024-06-04 03:00:00,116.0739,80.0367,0.0809,1,1,0.7795
2024-06-04 04:00:00,107.5617,80.2462,2.8594,0,1,0.9849
2024-06-04 05:00:00,118.5309,19.5798,5.0868,1,0,-0.1299
2024-06-04 06:00:00,151.8924,77.1193,0.796,0,1,0.8853
2024-06-04 07:00:00,103.9626,44.3783,10.0197,1,0,0.4512
2024-06-04 08:00:00,98.5108,68.8442,7.8157,0,1,0.6537
2024-06-04 09:00:00,146.245,88.3023,6.916,0,1,0.8509
2024-06-04 10:00:00,117.0959,67.0875,5.2359,0,1,0.7154
2024-06-04 11:00:00,124.2677,59.579,1.7975,1,1,0.5439
2024-06-04 12:00:00,132.224,83.5162,1.4018,1,1,0.9112
2024-06-04 13:00:00,115.0907,29.8575,0.0826,1,0,0.1864
2024-06-04 14:00:00,76.9913,34.1914,1.2878,1,0,0.4353
2024-06-04 15:00:00,118.435,62.3497,2.8904,0,1,0.5915
2024-06-04 16:00:00,145.6682,82.696,3.3352,0,1,0.776
2024-06-04 17:00:00,163.1272,77.7608,3.1401,1,1,0.7441
2024-06-04 18:00:00,120.2194,24.0077,3.1294,0,0,0.296
2024-06-04 19:00:00,121.8968,30.8551,10.7016,1,0,0.3756
2024-06-04 20:00:00,148.0288,75.3658,3.1116,0,1,0.9457
2024-06-04 21:00:00,133.6101,43.1776,2.6876,1,0,0.4025
2024-06-04 22:00:00,127.9887,91.1951,0.2636,0,1,0.9537
2024-06-04 23:00:00,85.3631,18.4322,14.7562,1,0,0.2517
2024-06-05 00:00:00,114.6599,26.3362,11.367,1,0,0.2738
2024-06-05 01:00:00,126.4955,26.6525,12.8033,1,0,0.5997
2024-06-05 02:00:00,94.0938,87.6117,1.7508,0,1,0.8579
2024-06-05 03:00:00,115.6197,26.9974,0.2729,1,0,0.1472
2024-06-05 04:00:00,154.5192,54.1467,3.1283,1,1,0.7105
2024-06-05 05:00:00,117.6727,75.6532,2.4433,0,1,0.8119
2024-06-05 06:00:00,95.6057,68.2808,5.2984,0,1,0.6182
2024-06-05 07:00:00,87.121,11.8943,2.8404,1,0,0.194
2024-06-05 08:00:00,122.3003,24.6627,4.5595,1,0,0.0208
2024-06-05 09:00:00,111.684,25.9961,2.1908,1,0,0.2579
2024-06-05 10:00:00,106.2358,45.4778,3.593,1,0,0.3298
2024-06-05 11:00:00,126.7969,64.704,3.2419,0,1,0.6694
2024-06-05 12:00:00,127.8778,16.2509,13.5888,1,0,0.1915
2024-06-05 13:00:00,125.8166,16.4844,10.1487,1,0,0.1199
2024-06-05 14:00:00,129.1225,32.0728,3.2644,1,0,0.1108
2024-06-05 15:00:00,99.4993,91.8218,2.173,0,1,0.855
2024-06-05 16:00:00,110.5442,97.3347,1.0751,0,1,0.9617
2024-06-05 17:00:00,116.4469,19.021,12.7543,1,0,0.399
2024-06-05 18:00:00,121.5622,57.4101,0.9073,1,1,0.4802
2024-06-05 19:00:00,141.1454,75.4088,24.2042,0,1,0.8311
2024-06-05 20:00:00,108.9202,82.7193,0.7888,0,1,0.789
2024-06-05 21:00:00,107.9989,64.2964,6.2085,1,1,0.5906
2024-06-05 22:00:00,150.5083,44.0088,1.5709,0,0,0.5499
2024-06-05 23:00:00,125.5756,11.8644,0.125,1,0,0.2058
2024-06-06 00:00:00,96.3696,84.3906,1.2339,0,1,0.9747
2024-06-06 01:00:00,116.7774,78.7101,3.6812,0,1,0.6875
2024-06-06 02:00:00,99.4167,68.0034,0.1222,0,1,0.831
2024-06-06 03:00:00,101.284,13.9366,2.5826,1,0,0.3344
2024-06-06 04:00:00,97.5852,32.3509,8.0101,0,0,0.3204
2024-06-06 05:00:00,107.6951,17.5236,3.0836,1,0,0.2166
2024-06-06 06:00:00,161.3131,22.8372,4.8613,1,0,0.1093
2024-06-06 07:00:00,141.6218,66.4646,1.6769,1,1,0.7434
2024-06-06 08:00:00,148.5982,11.2147,0.2613,1,0,-0.0269
2024-06-06 09:00:00,143.0841,96.9725,3.6387,0,1,0.8987
2024-06-06 10:00:00,120.1352,96.1856,0.6579,0,1,1.0643
2024-06-06 11:00:00,130.2502,19.5705,2.8848,1,0,0.1901
2024-06-06 12:00:00,124.611,76.2518,3.3424,0,1,0.8368
2024-06-06 13:00:00,102.6265,40.4551,7.212,0,0,0.518
2024-06-06 14:00:00,100.8592,73.671,0.1841,0,1,0.8517
2024-06-06 15:00:00,139.6093,28.2089,7.5549,1,0,0.3031
2024-06-06 16:00:00,99.8177,53.2383,6.522,0,1,0.5653
2024-06-06 17:00:00,126.4844,60.6566,4.1776,0,1,0.5746
2024-06-06 18:00:00,134.9664,49.9894,0.3483,1,0,0.3638
2024-06-06 19:00:00,136.8637,24.683,17.2304,1,0,0.1755
2024-06-06 20:00:00,129.6657,39.8581,13.5114,1,0,0.3049
2024-06-06 21:00:00,100.1735,23.9062,2.3735,1,0,0.0719
2024-06-06 22:00:00,132.8941,15.0288,5.4031,1,0,0.1518
2024-06-06 23:00:00,120.1479,72.2837,2.8979,0,1,0.7522
2024-06-07 00:00:00,104.3819,66.4737,6.4105,0,1,0.6609
2024-06-07 01:00:00,85.3833,21.0768,1.5538,1,0,0.3185
2024-06-07 02:00:00,131.244,84.2432,0.767,0,1,0.8935
2024-06-07 03:00:00,93.5918,19.2534,12.3252,1,0,0.0564
2024-06-07 04:00:00,90.6851,36.7065,0.4891,1,0,0.4091
2024-06-07 05:00:00,155.6376,56.0388,2.4216,1,1,0.6296
2024-06-07 06:00:00,100.2046,85.2835,2.5077,0,1,0.7716
2024-06-07 07:00:00,114.8988,22.7652,0.214,1,0,0.1243
2024-06-07 08:00:00,124.1497,92.095,1.8042,1,1,0.9422
2024-06-07 09:00:00,124.1262,12.1601,15.3479,1,0,0.2032
2024-06-07 10:00:00,103.647,48.4422,1.0814,1,0,0.3873
2024-06-07 11:00:00,109.4994,23.2639,4.2117,1,0,0.1373
2024-06-07 12:00:00,137.9735,68.9828,2.7029,0,1,0.6847
2024-06-07 13:00:00,117.5875,30.3296,8.7413,1,0,0.3931
2024-06-07 14:00:00,122.4007,89.1091,0.8223,0,1,0.9245
2024-06-07 15:00:00,82.1699,44.6269,3.9599,0,0,0.5513
2024-06-07 16:00:00,112.0579,89.5802,1.4728,0,1,0.9979
2024-06-07 17:00:00,138.9811,84.0506,12.3889,0,1,0.8149
2024-06-07 18:00:00,109.1437,20.1168,0.0028,1,0,0.0903
2024-06-07 19:00:00,104.9668,25.2603,0.3426,1,0,0.4323
2024-06-07 20:00:00,129.9247,19.9122,9.7893,1,0,0.3893
2024-06-07 21:00:00,134.1406,19.1563,1.5429,1,0,0.0595
2024-06-07 22:00:00,129.163,96.0264,3.2953,0,1,0.8652
2024-06-07 23:00:00,112.2338,42.1577,0.3419,1,0,0.5698
2024-06-08 00:00:00,137.001,65.4127,3.1584,0,1,0.8712
2024-06-08 01:00:00,153.5543,20.6516,19.8688,1,0,0.3412
2024-06-08 02:00:00,144.9244,93.0988,12.9395,0,1,0.8088
2024-06-08 03:00:00,93.4936,92.7886,3.401,0,1,0.9692
2024-06-08 04:00:00,178.0531,90.6028,0.4167,0,1,0.7709
2024-06-08 05:00:00,97.9768,64.4056,3.0773,1,1,0.608
2024-06-08 06:00:00,99.8578,26.0261,11.4833,0,0,0.2841
2024-06-08 07:00:00,128.6676,57.7433,4.796,0,1,0.5798
2024-06-08 08:00:00,121.1678,63.965,19.4265,1,1,0.86
2024-06-08 09:00:00,129.7524,71.149,9.5054,0,1,0.6893
2024-06-08 10:00:00,147.649,23.5198,15.5803,1,0,0.2727
2024-06-08 11:00:00,140.4808,70.0546,1.4926,0,1,0.6628
2024-06-08 12:00:00,106.1456,37.1407,4.0887,1,0,0.4476
2024-06-08 13:00:00,124.331,83.5806,10.9988,0,1,0.9107
2024-06-08 14:00:00,142.0211,41.3547,8.4203,1,0,0.4367
2024-06-08 15:00:00,142.8134,19.353,2.0069,1,0,0.2014
2024-06-08 16:00:00,144.1677,92.4611,5.4673,0,1,1.014
2024-06-08 17:00:00,138.393,69.5559,3.7402,0,1,0.7091
2024-06-08 18:00:00,136.3366,93.9594,5.5094,0,1,1.097
2024-06-08 19:00:00,113.3379,82.9647,9.0199,0,1,0.8884
2024-06-08 20:00:00,98.1868,74.0176,4.4553,0,1,0.7495
2024-06-08 21:00:00,130.9786,16.8733,5.738,0,0,0.1831
2024-06-08 22:00:00,114.475,10.1961,8.2044,1,0,0.1077
2024-06-08 23:00:00,146.4794,93.9785,7.5321,0,1,0.8377
2024-06-09 00:00:00,106.601,23.3779,1.4072,1,0,0.1896
2024-06-09 01:00:00,115.864,69.0269,8.4352,0,1,0.8762
2024-06-09 02:00:00,114.9858,38.823,2.8447,1,0,0.466
2024-06-09 03:00:00,141.2787,45.154,1.5886,0,0,0.6603
2024-06-09 04:00:00,137.2242,74.9209,14.0621,0,1,0.5822
2024-06-09 05:00:00,123.5001,80.6991,1.7874,0,1,0.7441
2024-06-09 06:00:00,128.5794,53.0589,18.0156,1,1,0.4728
2024-06-09 07:00:00,153.5154,16.0582,23.7296,1,0,0.2452
2024-06-09 08:00:00,89.8653,62.0059,0.2632,1,1,0.715
2024-06-09 09:00:00,137.1937,96.3627,4.4787,0,1,0.9328
2024-06-09 10:00:00,143.4575,35.0629,8.0892,0,0,0.3764
2024-06-09 11:00:00,145.9963,18.1402,1.4896,1,0,0.1747
2024-06-09 12:00:00,138.2407,99.5295,8.6883,0,1,0.9395
2024-06-09 13:00:00,108.5274,26.3685,4.0486,1,0,0.2832
2024-06-09 14:00:00,112.9609,44.6516,9.3052,1,0,0.4268
2024-06-09 15:00:00,135.6154,38.7384,1.2356,1,0,0.3062
2024-06-09 16:00:00,112.0242,48.1449,15.638,0,0,0.4526
2024-06-09 17:00:00,119.4019,72.4079,3.1213,0,1,0.727
2024-06-09 18:00:00,94.762,47.255,0.8318,0,0,0.2759
2024-06-09 19:00:00,100.6657,81.4151,0.519,0,1,0.8193
2024-06-09 20:00:00,129.698,40.0119,3.9067,0,0,0.4559
2024-06-09 21:00:00,115.1312,82.1927,2.2549,0,1,0.8514
2024-06-09 22:00:00,108.8605,68.8559,6.7841,0,1,0.4823
2024-06-09 23:00:00,119.6354,32.1317,2.7175,1,0,0.1757
2024-06-10 00:00:00,128.8694,47.6794,2.0114,0,0,0.3541
2024-06-10 01:00:00,118.2615,54.7392,0.423,0,1,0.6422
2024-06-10 02:00:00,126.4519,58.0394,0.8863,0,1,0.4151
2024-06-10 03:00:00,124.8714,57.9227,3.2809,0,1,0.8699
2024-06-10 04:00:00,118.4627,83.9264,13.184,1,1,0.9475
2024-06-10 05:00:00,122.9998,44.6165,0.3431,1,0,0.5992
2024-06-10 06:00:00,106.4773,62.2868,1.8841,1,1,0.5913
2024-06-10 07:00:00,113.7604,47.9657,11.005,0,0,0.5122
2024-06-10 08:00:00,88.5628,62.0089,2.8602,1,1,0.7398
2024-06-10 09:00:00,101.224,72.4149,8.4386,0,1,0.8414
2024-06-10 10:00:00,100.8396,77.3455,0.8365,0,1,0.641
2024-06-10 11:00:00,115.7211,73.2784,3.2044,0,1,0.9005
2024-06-10 12:00:00,144.592,31.1674,0.1554,0,0,0.5263
2024-06-10 13:00:00,123.0915,10.2579,13.8705,1,0,0.1417
2024-06-10 14:00:00,126.1085,99.4515,0.6291,0,1,0.9093
2024-06-10 15:00:00,105.4816,11.5439,1.3439,1,0,0.1122
2024-06-10 16:00:00,128.7007,60.2537,10.5642,0,1,0.6765
2024-06-10 17:00:00,155.304,96.1854,3.385,0,1,0.9684
2024-06-10 18:00:00,121.6447,92.8814,15.8832,0,1,0.9411
2024-06-10 19:00:00,107.7245,15.362,4.4388,1,0,0.2375
2024-06-10 20:00:00,101.2876,41.4413,2.5986,1,0,0.3812
2024-06-10 21:00:00,128.2749,86.3876,9.4673,0,1,0.8075
2024-06-10 22:00:00,105.5385,88.0095,1.6876,0,1,0.8309
2024-06-10 23:00:00,136.7958,83.7109,4.7154,0,1,0.7189
2024-06-11 00:00:00,104.2074,36.5228,0.901,1,0,0.264
2024-06-11 01:00:00,92.0516,22.9726,0.867,1,0,0.2908
2024-06-11 02:00:00,132.4063,86.7981,1.9811,0,1,0.9005
2024-06-11 03:00:00,98.9067,97.4638,2.3648,0,1,0.7778
2024-06-11 04:00:00,134.8031,92.1659,0.4326,1,1,1.0462
2024-06-11 05:00:00,142.9581,31.8248,0.4283,1,0,0.2816
2024-06-11 06:00:00,112.1634,84.504,7.9529,0,1,0.7526
2024-06-11 07:00:00,127.3059,15.0279,0.0426,1,0,0.3322
2024-06-11 08:00:00,149.6822,22.4021,3.8867,1,0,0.1347
2024-06-11 09:00:00,114.5981,96.5847,3.3928,0,1,0.7425
2024-06-11 10:00:00,153.5956,73.3567,0.4843,0,1,0.7695
2024-06-11 11:00:00,117.1846,43.9715,17.5428,0,0,0.3402
2024-06-11 12:00:00,105.6773,12.3712,8.2539,0,0,0.3725
2024-06-11 13:00:00,125.2497,96.8422,5.2202,1,1,0.8276
2024-06-11 14:00:00,127.6673,43.4516,24.0409,0,0,0.35
2024-06-11 15:00:00,144.8609,73.1262,0.0104,0,1,0.8364
2024-06-11 16:00:00,140.1808,69.6473,0.9775,0,1,0.7473
2024-06-11 17:00:00,130.4158,16.6393,0.7164,0,0,0.0433
2024-06-11 18:00:00,135.8418,85.3693,20.5833,0,1,0.9474
2024-06-11 19:00:00,126.8619,88.3429,2.2846,0,1,0.9019
2024-06-11 20:00:00,138.4251,12.7167,5.7864,1,0,0.279
2024-06-11 21:00:00,113.6458,42.872,8.7653,1,0,0.3111
2024-06-11 22:00:00,103.0133,17.1094,2.21,1,0,0.1068
2024-06-11 23:00:00,127.41,16.9359,4.2431,1,0,0.2256
2024-06-12 00:00:00,174.3293,61.2265,0.2063,1,1,0.7021
2024-06-12 01:00:00,138.7537,83.234,11.169,0,1,0.8145
2024-06-12 02:00:00,110.2439,23.4746,2.0034,0,0,0.192
2024-06-12 03:00:00,149.8558,26.4182,0.1986,1,0,0.2675
2024-06-12 04:00:00,88.2274,76.9202,4.3717,0,1,0.7159
2024-06-12 05:00:00,118.7368,77.3296,22.1918,0,1,0.8689
2024-06-12 06:00:00,131.0264,72.8708,4.7643,1,1,0.6401
2024-06-12 07:00:00,110.777,36.9557,8.6139,0,0,0.3049
2024-06-12 08:00:00,112.278,47.037,1.0675,1,0,0.5043
2024-06-12 09:00:00,120.3094,40.3603,0.9313,1,0,0.2979
2024-06-12 10:00:00,113.2668,80.3257,2.4786,0,1,0.8667
2024-06-12 11:00:00,108.6996,72.5722,25.1653,0,1,0.7082
2024-06-12 12:00:00,103.0262,35.8092,0.5689,1,0,0.3285
2024-06-12 13:00:00,94.0259,24.0299,4.4993,1,0,0.1355
2024-06-12 14:00:00,105.2657,89.3041,4.7782,0,1,0.9039
2024-06-12 15:00:00,121.6399,12.8907,3.7337,1,0,0.2147
2024-06-12 16:00:00,142.6166,77.602,8.9131,1,1,0.7951
2024-06-12 17:00:00,111.0166,55.2966,1.6735,0,1,0.4939
2024-06-12 18:00:00,100.6426,10.9781,0.3357,1,0,0.2112
2024-06-12 19:00:00,153.9787,84.9412,4.6592,0,1,0.8171
2024-06-12 20:00:00,101.9479,71.1913,1.5054,1,1,0.6413
2024-06-12 21:00:00,125.3889,88.8379,5.1566,0,1,0.8437
2024-06-12 22:00:00,105.8746,59.874,6.0189,0,1,0.6766
2024-06-12 23:00:00,109.9972,84.6566,0.5053,1,1,0.9374
2024-06-13 00:00:00,130.936,92.7235,4.6632,0,1,0.7877
2024-06-13 01:00:00,132.3549,55.1685,5.8403,0,1,0.5679
2024-06-13 02:00:00,147.6984,73.8418,0.1628,0,1,0.7015
2024-06-13 03:00:00,136.2997,48.1303,9.558,0,0,0.5298
2024-06-13 04:00:00,126.5574,24.1121,5.4683,1,0,0.1927
2024-06-13 05:00:00,135.476,97.581,5.9357,0,1,0.9686
2024-06-13 06:00:00,104.1371,56.9351,8.3108,1,1,0.7029
2024-06-13 07:00:00,146.5889,98.0134,2.2217,0,1,0.7766
2024-06-13 08:00:00,133.7548,21.262,3.5553,1,0,0.0719
2024-06-13 09:00:00,132.9491,29.0678,1.7382,1,0,0.2806
2024-06-13 10:00:00,135.0153,65.7139,6.1151,1,1,0.8059
2024-06-13 11:00:00,95.6459,29.7016,2.5633,1,0,0.2694
2024-06-13 12:00:00,102.2023,26.5324,8.2244,0,0,0.1783
2024-06-13 13:00:00,126.2006,77.1396,1.3402,0,1,0.748
2024-06-13 14:00:00,126.4466,60.3365,20.8665,0,1,0.6474
2024-06-13 15:00:00,134.6036,85.7542,1.8504,0,1,0.7132
2024-06-13 16:00:00,125.7319,83.4903,1.9772,1,1,0.8606
2024-06-13 17:00:00,120.2209,52.1592,1.3767,1,1,0.391
2024-06-13 18:00:00,147.5641,38.1871,0.8051,0,0,0.3935
2024-06-13 19:00:00,130.3561,67.7702,0.8434,0,1,0.8929
2024-06-13 20:00:00,137.8897,84.4528,0.4139,0,1,0.8476
2024-06-13 21:00:00,146.3995,24.8342,4.4298,1,0,0.296
2024-06-13 22:00:00,147.7102,82.3005,0.6262,1,1,0.939
2024-06-13 23:00:00,129.7771,68.1982,0.5696,0,1,0.6966
2024-06-14 00:00:00,137.5208,27.5258,2.9794,1,0,0.171
2024-06-14 01:00:00,128.8097,19.7561,0.8086,1,0,0.1287
2024-06-14 02:00:00,144.1092,17.0028,0.3814,1,0,0.0696
2024-06-14 03:00:00,167.0255,64.2871,7.3564,0,1,0.6506
2024-06-14 04:00:00,103.9686,86.1948,5.8194,0,1,0.8739
2024-06-14 05:00:00,109.5144,12.5244,4.3288,0,0,-0.0431
2024-06-14 06:00:00,153.8322,35.3986,6.3406,1,0,0.3104
2024-06-14 07:00:00,127.3323,58.7411,2.8576,0,1,0.6394
2024-06-14 08:00:00,115.6536,15.8787,0.6541,1,0,0.1791
2024-06-14 09:00:00,110.6471,63.74,5.1685,0,1,0.6644
2024-06-14 10:00:00,141.603,78.0869,14.2867,0,1,0.8389
2024-06-14 11:00:00,134.4566,37.8208,4.0162,1,0,0.4228
2024-06-14 12:00:00,161.923,59.6522,4.4297,1,1,0.4602
2024-06-14 13:00:00,122.1077,67.455,13.8578,0,1,0.7423
2024-06-14 14:00:00,140.9506,12.913,1.1772,1,0,0.2459
2024-06-14 15:00:00,155.2326,34.2251,3.2049,1,0,0.3181
2024-06-14 16:00:00,96.646,97.8997,0.1721,0,1,0.8741
2024-06-14 17:00:00,103.8718,60.8317,0.8512,0,1,0.8517
2024-06-14 18:00:00,129.0191,60.7365,1.0628,0,1,0.6397
2024-06-14 19:00:00,113.0073,81.1203,0.3417,0,1,0.6574
2024-06-14 20:00:00,115.8803,14.1113,0.1594,1,0,0.0016
2024-06-14 21:00:00,111.341,38.3122,9.5889,1,0,0.2947
2024-06-14 22:00:00,121.0841,94.9158,1.453,0,1,0.6947
2024-06-14 23:00:00,106.7369,10.7631,1.0324,1,0,0.196
2024-06-15 00:00:00,99.6093,42.0984,3.442,1,0,0.3473
2024-06-15 01:00:00,131.2226,35.4162,5.3695,1,0,0.3288
2024-06-15 02:00:00,126.2859,45.8323,2.5333,0,0,0.5337
2024-06-15 03:00:00,142.5078,27.5395,6.1746,0,0,0.2303
2024-06-15 04:00:00,133.8388,77.6658,1.9547,0,1,0.65
2024-06-15 05:00:00,131.9844,75.3119,0.713,0,1,0.6106
2024-06-15 06:00:00,138.2374,97.6466,1.9794,0,1,0.7838
2024-06-15 07:00:00,106.5719,73.2391,17.0106,0,1,0.5327
2024-06-15 08:00:00,114.4854,18.7642,2.7439,0,0,0.3019
2024-06-15 09:00:00,129.1785,46.6558,1.8901,1,0,0.4622
2024-06-15 10:00:00,141.7211,76.7306,12.3546,0,1,0.8949
2024-06-15 11:00:00,136.2513,19.0903,4.1801,1,0,0.1944
2024-06-15 12:00:00,119.9493,82.6745,6.0175,0,1,0.6766
2024-06-15 13:00:00,120.4431,23.5168,0.0373,1,0,0.4804
2024-06-15 14:00:00,128.7349,62.8458,7.6441,1,1,0.6769
2024-06-15 15:00:00,102.0239,44.3901,15.4271,1,0,0.4482
2024-06-15 16:00:00,140.1227,62.7722,2.6876,1,1,0.7584
2024-06-15 17:00:00,138.6803,86.6824,3.3364,0,1,0.9767
2024-06-15 18:00:00,141.6657,36.1107,22.2703,1,0,0.6455
2024-06-15 19:00:00,142.8962,23.6384,0.8018,0,0,0.2207
2024-06-15 20:00:00,142.9878,51.6796,10.7803,0,1,0.5843
2024-06-15 21:00:00,88.2235,89.6683,1.3723,0,1,0.8883
2024-06-15 22:00:00,128.3176,18.3962,4.6307,1,0,0.0909
2024-06-15 23:00:00,96.8646,74.6616,15.7401,0,1,0.7414
2024-06-16 00:00:00,105.9391,89.5962,11.8923,1,1,0.7635
2024-06-16 01:00:00,121.5295,82.6728,6.3789,0,1,1.0097
2024-06-16 02:00:00,146.5497,68.8798,2.7053,0,1,0.7915
2024-06-16 03:00:00,130.3616,79.1943,7.3671,0,1,0.8972
2024-06-16 04:00:00,128.472,24.4942,4.9921,1,0,0.2042
2024-06-16 05:00:00,158.028,96.7301,6.213,0,1,1.0629
2024-06-16 06:00:00,128.6668,56.4671,8.0524,1,1,0.546
2024-06-16 07:00:00,106.031,75.5849,2.3342,0,1,0.7181
2024-06-16 08:00:00,97.59,68.6255,0.0137,0,1,0.7364
2024-06-16 09:00:00,107.5015,93.7204,3.2966,1,1,1.0137
2024-06-16 10:00:00,126.2361,40.7274,8.6956,1,0,0.4923
2024-06-16 11:00:00,94.8124,80.6817,3.4765,0,1,0.6917
2024-06-16 12:00:00,132.4553,40.5119,1.1853,1,0,0.4514
2024-06-16 13:00:00,130.0015,42.4285,2.0212,0,0,0.5718
2024-06-16 14:00:00,110.4358,87.0357,5.3745,0,1,0.8571
2024-06-16 15:00:00,126.1189,48.7811,6.6694,1,0,0.4393
2024-06-16 16:00:00,133.9696,90.1612,3.5158,0,1,0.9733
2024-06-16 17:00:00,112.1274,79.6758,3.7844,0,1,0.9291
2024-06-16 18:00:00,138.0983,44.8871,11.0176,0,0,0.3653
2024-06-16 19:00:00,110.525,28.7939,25.2816,1,0,0.2204
2024-06-16 20:00:00,135.3473,64.9349,4.7397,1,1,0.7473
2024-06-16 21:00:00,151.9114,16.7498,4.7366,0,0,0.0851
2024-06-16 22:00:00,130.3086,23.7161,2.8541,0,0,0.2561
2024-06-16 23:00:00,99.9506,66.5011,14.9604,1,1,0.7972
2024-06-17 00:00:00,125.8804,54.7771,8.0542,0,1,0.5482
2024-06-17 01:00:00,125.7408,82.4254,3.0344,0,1,0.9611
2024-06-17 02:00:00,107.8117,22.836,6.3489,1,0,0.2572
2024-06-17 03:00:00,100.2355,88.3412,3.9607,0,1,0.7894
2024-06-17 04:00:00,116.9514,59.2422,3.8695,1,1,0.674
2024-06-17 05:00:00,140.7529,97.2052,7.0483,0,1,1.0493
2024-06-17 06:00:00,139.7989,80.3301,0.2277,0,1,0.8449
2024-06-17 07:00:00,147.0787,17.8451,2.0219,1,0,0.1877
2024-06-17 08:00:00,123.3861,18.4703,2.6156,0,0,0.1248
2024-06-17 09:00:00,161.6542,38.2347,4.9315,1,0,0.4108
2024-06-17 10:00:00,108.1396,94.065,7.8472,0,1,0.9566
2024-06-17 11:00:00,132.6524,24.5325,3.2172,1,0,0.3669
2024-06-17 12:00:00,119.6629,35.2106,10.5283,1,0,0.2742
2024-06-17 13:00:00,152.6738,42.6995,13.2288,1,0,0.477
2024-06-17 14:00:00,124.8903,18.0306,12.2732,1,0,0.2426
2024-06-17 15:00:00,104.6239,26.1268,4.6922,1,0,0.2108
2024-06-17 16:00:00,128.8946,79.4746,1.313,0,1,0.825
2024-06-17 17:00:00,102.9211,33.215,1.893,0,0,0.0276
2024-06-17 18:00:00,107.6837,52.5935,4.4689,0,1,0.5879
2024-06-17 19:00:00,141.9541,33.0424,2.9826,1,0,0.122
2024-06-17 20:00:00,123.925,88.8992,1.7854,0,1,0.7816
2024-06-17 21:00:00,140.6196,68.5263,5.2785,1,1,0.6221
2024-06-17 22:00:00,107.6775,22.6403,0.1974,1,0,0.1848
2024-06-17 23:00:00,149.0403,21.157,1.3034,1,0,0.2273
2024-06-18 00:00:00,120.9951,61.186,11.7369,0,1,0.5217
2024-06-18 01:00:00,87.0404,13.5633,1.4661,0,0,-0.0562
2024-06-18 02:00:00,107.2776,87.3103,1.5419,0,1,0.8135
2024-06-18 03:00:00,97.7199,46.0845,3.783,0,0,0.5293
2024-06-18 04:00:00,96.4597,87.1301,0.2069,0,1,0.8675
2024-06-18 05:00:00,134.0965,92.5426,15.1837,1,1,0.8231
2024-06-18 06:00:00,131.3422,21.6086,2.9824,1,0,0.1706
2024-06-18 07:00:00,135.6406,43.0059,2.529,1,0,0.4207
2024-06-18 08:00:00,110.3284,86.0352,2.8107,0,1,0.8634
2024-06-18 09:00:00,134.527,95.684,15.9269,0,1,0.8538
2024-06-18 10:00:00,96.4057,43.6315,8.1073,0,0,0.4961
2024-06-18 11:00:00,115.1947,71.3981,1.5985,0,1,0.9226
2024-06-18 12:00:00,121.3808,55.5348,8.4215,1,1,0.5111
2024-06-18 13:00:00,113.5386,33.6545,3.9543,1,0,0.3401
2024-06-18 14:00:00,126.3358,88.7983,2.6957,0,1,0.7821
2024-06-18 15:00:00,123.9923,71.43,3.4833,1,1,0.7799
2024-06-18 16:00:00,133.4172,65.8552,15.2454,0,1,0.7434
2024-06-18 17:00:00,130.227,67.948,7.9147,0,1,0.7096
2024-06-18 18:00:00,142.665,76.6938,5.1085,0,1,0.8663
2024-06-18 19:00:00,115.2894,32.0335,1.8279,1,0,0.3348
2024-06-18 20:00:00,136.8843,83.9112,4.5845,0,1,0.5908
2024-06-18 21:00:00,129.7554,10.7149,0.2628,1,0,0.1622
2024-06-18 22:00:00,129.1057,86.7754,22.4898,0,1,0.8301
2024-06-18 23:00:00,127.0252,36.1595,1.2003,1,0,0.1672
2024-06-19 00:00:00,83.3344,24.2385,5.413,0,0,0.2132
2024-06-19 01:00:00,161.0735,45.9352,1.6953,1,0,0.2802
2024-06-19 02:00:00,107.0259,16.5681,0.6158,0,0,0.1561
2024-06-19 03:00:00,109.2994,44.9401,1.3383,0,0,0.4833
2024-06-19 04:00:00,118.3533,51.6051,22.6769,0,1,0.5205
2024-06-19 05:00:00,99.5086,18.4153,4.1135,0,0,0.1468
2024-06-19 06:00:00,157.8379,51.929,1.9919,0,1,0.5217
2024-06-19 07:00:00,112.6938,67.8236,3.938,0,1,0.7593
2024-06-19 08:00:00,111.4753,91.0114,1.1173,0,1,1.0302
2024-06-19 09:00:00,108.6963,51.8368,5.7772,0,1,0.5008
2024-06-19 10:00:00,132.8831,17.724,0.4152,1,0,0.1529
2024-06-19 11:00:00,151.194,75.86,5.2042,0,1,0.7952
2024-06-19 12:00:00,129.7593,92.5714,14.6477,1,1,0.8684
2024-06-19 13:00:00,109.7764,93.0242,0.1045,0,1,0.8716
2024-06-19 14:00:00,149.8212,79.1395,0.6956,0,1,0.7733
2024-06-19 15:00:00,129.9847,27.9524,6.9197,1,0,0.2312
2024-06-19 16:00:00,110.7807,39.5849,1.4933,1,0,0.4093
2024-06-19 17:00:00,123.2067,38.5556,5.3568,1,0,0.2962
2024-06-19 18:00:00,127.0963,99.6794,5.5708,0,1,0.9413
2024-06-19 19:00:00,129.1219,53.7666,2.6856,0,1,0.4761
2024-06-19 20:00:00,124.6309,73.2062,11.8199,0,1,0.6948
2024-06-19 21:00:00,125.0628,52.8598,1.1414,0,1,0.4744
2024-06-19 22:00:00,160.1953,35.0538,0.8951,0,0,0.4692
2024-06-19 23:00:00,178.7503,13.4454,0.5135,1,0,0.2124
2024-06-20 00:00:00,127.9293,24.0167,13.4223,1,0,0.2947
2024-06-20 01:00:00,107.1067,52.2971,1.8516,1,1,0.4974
2024-06-20 02:00:00,104.5703,67.6195,3.9079,0,1,0.7947
2024-06-20 03:00:00,140.1785,38.8168,3.9779,1,0,0.3819
2024-06-20 04:00:00,93.6154,12.8191,0.3553,1,0,0.0349
2024-06-20 05:00:00,121.1799,64.097,20.3182,1,1,0.5806
2024-06-20 06:00:00,132.2074,44.2256,10.3266,0,0,0.544
2024-06-20 07:00:00,128.1379,94.2814,9.5876,0,1,1.0465
2024-06-20 08:00:00,116.9382,42.5343,0.0167,0,0,0.5417
2024-06-20 09:00:00,159.8033,48.7099,1.3692,1,0,0.4039
2024-06-20 10:00:00,139.9036,52.6069,7.5404,0,1,0.4698
2024-06-20 11:00:00,115.6898,14.867,7.9098,1,0,0.1823
2024-06-20 12:00:00,139.6688,88.1219,14.4446,0,1,0.9512
2024-06-20 13:00:00,121.1855,95.7381,16.7826,0,1,0.6787
2024-06-20 14:00:00,114.8382,71.5304,0.6016,0,1,0.8124
2024-06-20 15:00:00,116.9214,34.2863,3.0009,1,0,0.2925
2024-06-20 16:00:00,147.3298,67.2119,0.6473,1,1,0.7398
2024-06-20 17:00:00,114.0364,17.5232,7.2622,1,0,-0.0192
2024-06-20 18:00:00,123.3685,16.2333,7.5601,1,0,0.031
2024-06-20 19:00:00,144.2443,46.4562,3.1302,1,0,0.4311
2024-06-20 20:00:00,130.5598,36.8503,0.6511,1,0,0.4241
2024-06-20 21:00:00,129.3478,74.0986,5.5131,0,1,0.7466
2024-06-20 22:00:00,112.0313,88.416,1.6307,0,1,0.7416
2024-06-20 23:00:00,169.3442,57.23,0.4347,1,1,0.7839
2024-06-21 00:00:00,140.4204,70.268,7.7795,0,1,0.6542
2024-06-21 01:00:00,79.466,33.3503,2.1789,0,0,0.1819
2024-06-21 02:00:00,149.729,84.7494,2.4541,0,1,0.9402
2024-06-21 03:00:00,100.1822,18.3197,1.0493,1,0,0.204
2024-06-21 04:00:00,98.5422,91.1478,14.4967,0,1,0.9274
2024-06-21 05:00:00,111.4444,40.7817,6.4607,1,0,0.2941
2024-06-21 06:00:00,148.8718,77.7858,12.0911,1,1,0.6684
2024-06-21 07:00:00,119.5973,24.808,4.8424,1,0,0.3685
2024-06-21 08:00:00,128.8464,41.4349,17.4374,1,0,0.4327
2024-06-21 09:00:00,92.8631,47.7191,7.2725,1,0,0.5206
2024-06-21 10:00:00,145.4109,52.7949,24.219,0,1,0.5267
2024-06-21 11:00:00,119.7194,71.9947,0.8854,0,1,0.7033
2024-06-21 12:00:00,100.163,24.462,2.0935,0,0,0.2143
2024-06-21 13:00:00,131.0634,72.7021,3.6916,0,1,0.8696
2024-06-21 14:00:00,134.2291,41.9223,5.8483,1,0,0.412
2024-06-21 15:00:00,126.4856,72.3611,1.0794,1,1,0.6463
2024-06-21 16:00:00,149.587,45.0224,23.6161,1,0,0.3045
2024-06-21 17:00:00,136.0436,10.8938,7.0799,1,0,0.1525
2024-06-21 18:00:00,153.6375,80.4765,2.1646,0,1,0.9676
2024-06-21 19:00:00,123.833,63.7416,2.0789,0,1,0.7275
2024-06-21 20:00:00,126.9858,17.0028,2.4656,1,0,0.1552
2024-06-21 21:00:00,141.4422,70.1166,7.0685,0,1,0.7536
2024-06-21 22:00:00,147.0881,65.4861,0.5467,0,1,0.6675
2024-06-21 23:00:00,118.5267,39.1359,3.5915,1,0,0.4429
2024-06-22 00:00:00,161.0296,98.7731,8.3515,0,1,1.0158
2024-06-22 01:00:00,127.1274,94.5072,1.1936,0,1,0.8283
2024-06-22 02:00:00,125.0167,76.8553,1.0545,0,1,0.7546
2024-06-22 03:00:00,133.3935,76.3047,5.0735,0,1,0.6493
2024-06-22 04:00:00,108.5439,38.4864,7.4242,1,0,0.3616
2024-06-22 05:00:00,93.4095,23.5456,6.8864,1,0,0.4175
2024-06-22 06:00:00,164.3323,51.2793,0.3462,0,1,0.3613
2024-06-22 07:00:00,145.3441,23.2738,24.8251,1,0,0.3677
2024-06-22 08:00:00,107.2571,87.7871,1.2858,0,1,0.8927
2024-06-22 09:00:00,127.5929,20.2246,5.3505,0,0,0.1982
2024-06-22 10:00:00,136.92,97.2979,12.2025,0,1,0.8807
2024-06-22 11:00:00,115.6272,46.5748,3.4098,0,0,0.4094
2024-06-22 12:00:00,152.4484,56.8623,7.3667,1,1,0.6992
2024-06-22 13:00:00,115.5127,10.3309,2.4492,1,0,0.1075
2024-06-22 14:00:00,144.0163,50.5503,5.1435,1,1,0.6122
2024-06-22 15:00:00,112.9186,84.926,1.1102,0,1,0.9488
2024-06-22 16:00:00,134.7295,21.3145,0.2144,1,0,0.1484
2024-06-22 17:00:00,154.7233,50.4396,3.0157,1,1,0.598
2024-06-22 18:00:00,134.1148,97.2512,0.0186,0,1,0.8938
2024-06-22 19:00:00,115.669,18.7701,2.1958,1,0,0.1283
2024-06-22 20:00:00,129.2818,29.676,21.9755,0,0,0.2136
2024-06-22 21:00:00,138.9357,98.1129,13.5844,0,1,0.8178
2024-06-22 22:00:00,116.8365,47.8158,5.2308,1,0,0.6241
2024-06-22 23:00:00,117.4773,59.1478,2.6853,0,1,0.7667
2024-06-23 00:00:00,158.8443,24.9491,9.086,1,0,0.3985
2024-06-23 01:00:00,151.8515,43.9801,17.4639,0,0,0.38
2024-06-23 02:00:00,112.348,41.3277,9.9028,1,0,0.4517
2024-06-23 03:00:00,99.7901,95.7139,0.4454,0,1,0.8704
2024-06-23 04:00:00,100.464,97.457,9.2583,0,1,0.9403
2024-06-23 05:00:00,103.7033,61.9153,4.515,0,1,0.686
2024-06-23 06:00:00,119.6451,11.2934,4.121,1,0,-0.0103
2024-06-23 07:00:00,123.6455,83.2401,0.6193,0,1,0.9075
2024-06-23 08:00:00,98.558,11.4572,0.7296,1,0,0.1558
2024-06-23 09:00:00,128.076,90.6989,3.4095,0,1,0.901
2024-06-23 10:00:00,69.415,55.1877,27.7798,1,1,0.4925
2024-06-23 11:00:00,127.8049,88.0982,6.4714,0,1,0.8689
2024-06-23 12:00:00,155.9789,72.9385,2.0829,1,1,0.716
2024-06-23 13:00:00,101.8173,68.4021,4.9034,0,1,0.6755
2024-06-23 14:00:00,69.879,51.0398,0.1651,1,1,0.4505
2024-06-23 15:00:00,128.3422,46.9348,9.0159,1,0,0.42
2024-06-23 16:00:00,138.5993,41.699,1.9068,1,0,0.3616
2024-06-23 17:00:00,117.3193,58.822,1.8703,0,1,0.5923
2024-06-23 18:00:00,129.5543,57.0853,8.6345,1,1,0.5569
2024-06-23 19:00:00,149.9521,78.8573,1.7368,0,1,0.8719
2024-06-23 20:00:00,157.6051,20.2042,9.7828,1,0,0.0158
2024-06-23 21:00:00,136.6621,25.8232,0.2824,1,0,0.2725
2024-06-23 22:00:00,101.4593,48.5545,1.7848,0,0,0.4996
2024-06-23 23:00:00,128.4466,25.9206,16.632,1,0,0.2461
2024-06-24 00:00:00,105.9945,63.5403,0.7362,0,1,0.7414
2024-06-24 01:00:00,124.9073,58.8487,1.4939,0,1,0.6999
2024-06-24 02:00:00,120.5768,44.3407,2.3868,1,0,0.4255
2024-06-24 03:00:00,114.254,86.0582,0.8305,0,1,0.8598
2024-06-24 04:00:00,154.6283,71.9696,2.0771,0,1,0.6928
2024-06-24 05:00:00,120.8576,49.3744,2.6554,1,0,0.4199
2024-06-24 06:00:00,96.7928,35.4924,0.3866,1,0,0.2113
2024-06-24 07:00:00,132.5319,65.8339,3.7854,1,1,0.6102
2024-06-24 08:00:00,138.4268,93.2622,0.3904,0,1,0.8842
2024-06-24 09:00:00,126.2346,87.1298,1.8436,0,1,0.7691
2024-06-24 10:00:00,110.3749,99.5827,1.7821,0,1,0.9479
2024-06-24 11:00:00,116.9592,82.5346,0.115,1,1,0.908
2024-06-24 12:00:00,113.9597,19.3431,19.8838,1,0,0.1716
2024-06-24 13:00:00,115.5816,68.4662,1.9857,0,1,0.7289
2024-06-24 14:00:00,111.7999,65.4634,6.2205,1,1,0.695
2024-06-24 15:00:00,121.0427,47.0152,10.1821,0,0,0.462
2024-06-24 16:00:00,99.2429,54.6764,13.3981,1,1,0.5741
2024-06-24 17:00:00,130.0443,77.6554,4.6179,0,1,0.7034
2024-06-24 18:00:00,110.2726,93.4506,9.5382,0,1,0.9239
2024-06-24 19:00:00,142.1709,18.9732,2.2513,1,0,0.1048
2024-06-24 20:00:00,132.6476,49.9693,0.5,0,0,0.3619
2024-06-24 21:00:00,154.2684,62.311,1.534,0,1,0.6541
2024-06-24 22:00:00,99.1077,12.9372,2.0307,1,0,0.2609
2024-06-24 23:00:00,152.4656,36.0914,10.9645,1,0,0.2251
2024-06-25 00:00:00,123.1031,47.8577,1.0082,0,0,0.4395
2024-06-25 01:00:00,137.2484,30.0591,1.1933,1,0,0.3553
2024-06-25 02:00:00,142.4624,50.9167,8.0565,0,1,0.6378
2024-06-25 03:00:00,143.8427,44.2972,1.3167,1,0,0.4749
2024-06-25 04:00:00,126.5523,27.6004,1.6184,1,0,0.1363
2024-06-25 05:00:00,134.115,52.2617,9.209,0,1,0.5262
2024-06-25 06:00:00,123.6169,21.1997,3.9949,1,0,0.1329
2024-06-25 07:00:00,139.3792,97.0854,3.8969,0,1,0.9578
2024-06-25 08:00:00,108.2414,92.2626,9.8039,0,1,0.9067
2024-06-25 09:00:00,133.1787,47.1641,8.3453,0,0,0.3862
2024-06-25 10:00:00,155.0128,83.8376,3.9807,0,1,0.7183
2024-06-25 11:00:00,164.0041,73.3451,4.3062,0,1,0.6653
2024-06-25 12:00:00,145.9618,76.7038,5.8637,1,1,0.8198
2024-06-25 13:00:00,153.5341,10.6845,1.7635,1,0,0.2213
2024-06-25 14:00:00,135.5012,43.7179,4.0189,0,0,0.3664
2024-06-25 15:00:00,145.7083,30.1543,1.7659,0,0,0.1303
2024-06-25 16:00:00,162.8626,35.5244,11.2845,1,0,0.3154
2024-06-25 17:00:00,124.4021,89.1646,6.9777,1,1,0.9124
2024-06-25 18:00:00,94.9006,33.8049,0.208,1,0,0.2943
2024-06-25 19:00:00,122.1807,85.4636,12.5566,0,1,0.8003
2024-06-25 20:00:00,129.043,81.5624,2.7251,1,1,0.8591
2024-06-25 21:00:00,109.6135,47.3245,5.3632,0,0,0.3454
2024-06-25 22:00:00,102.422,31.7399,1.567,0,0,0.319
2024-06-25 23:00:00,115.9935,91.0169,0.2673,0,1,0.9086
2024-06-26 00:00:00,101.8128,47.3101,0.3561,1,0,0.4715
2024-06-26 01:00:00,143.0618,11.3977,14.8781,1,0,0.2529
2024-06-26 02:00:00,158.315,23.8038,4.4374,0,0,0.254
2024-06-26 03:00:00,138.5077,43.6965,0.5649,1,0,0.4673
2024-06-26 04:00:00,98.6634,83.5036,3.2407,1,1,1.0012
2024-06-26 05:00:00,129.5048,83.8031,3.1671,0,1,0.8942
2024-06-26 06:00:00,108.9986,63.9951,2.2403,1,1,0.7287
2024-06-26 07:00:00,130.9164,40.1581,3.904,1,0,0.4235
2024-06-26 08:00:00,109.6856,96.3245,1.5345,0,1,0.8776
2024-06-26 09:00:00,144.4687,99.3546,4.4684,0,1,0.9543
2024-06-26 10:00:00,139.0734,31.7648,4.1184,0,0,0.2656
2024-06-26 11:00:00,119.3796,97.6141,7.902,0,1,0.9681
2024-06-26 12:00:00,135.276,27.3394,0.4278,1,0,0.3444
2024-06-26 13:00:00,126.7833,67.9991,0.9219,0,1,0.7828
2024-06-26 14:00:00,158.8457,84.5695,5.2275,0,1,0.7586
2024-06-26 15:00:00,88.948,82.1198,4.2084,0,1,0.8053
2024-06-26 16:00:00,133.538,62.0068,10.0755,1,1,0.648
2024-06-26 17:00:00,149.5365,21.5983,4.9826,0,0,0.2199
2024-06-26 18:00:00,118.5294,67.2646,0.0849,0,1,0.6404
2024-06-26 19:00:00,115.986,97.962,1.2322,0,1,0.8961
2024-06-26 20:00:00,129.0242,25.6346,6.1578,1,0,0.2039
2024-06-26 21:00:00,107.8916,91.3754,0.9279,0,1,0.6827
2024-06-26 22:00:00,115.28,56.5549,15.7668,1,1,0.524
2024-06-26 23:00:00,105.8889,49.3661,9.9691,1,0,0.3847
2024-06-27 00:00:00,122.2107,18.962,3.5635,1,0,0.1514
2024-06-27 01:00:00,85.3194,82.1055,22.8523,0,1,0.6923
2024-06-27 02:00:00,114.0261,55.3831,0.0265,1,1,0.6001
2024-06-27 03:00:00,136.4143,66.8297,3.7009,0,1,0.8877
2024-06-27 04:00:00,118.3592,80.5853,1.5963,0,1,0.832
2024-06-27 05:00:00,117.7219,85.8728,7.9155,1,1,0.9861
2024-06-27 06:00:00,142.9983,66.4587,7.4864,0,1,0.6739
2024-06-27 07:00:00,156.0923,33.4207,1.0385,0,0,0.267
2024-06-27 08:00:00,111.4662,59.7615,3.9655,0,1,0.7254
2024-06-27 09:00:00,148.9186,95.383,0.306,1,1,0.8632
2024-06-27 10:00:00,91.939,28.3386,1.185,0,0,0.2557
2024-06-27 11:00:00,109.3879,18.3939,5.4963,1,0,0.2686
2024-06-27 12:00:00,136.0363,49.3679,1.0689,0,0,0.6579
2024-06-27 13:00:00,130.6793,66.6005,3.7516,0,1,0.7095
2024-06-27 14:00:00,128.0131,63.3959,2.11,0,1,0.59
2024-06-27 15:00:00,142.4025,12.5037,2.5919,1,0,0.086
2024-06-27 16:00:00,121.8179,73.6818,4.4674,1,1,0.6514
2024-06-27 17:00:00,140.4419,92.8535,12.0814,1,1,0.905
2024-06-27 18:00:00,116.3076,17.0895,1.696,1,0,0.1824
2024-06-27 19:00:00,113.6411,44.4164,1.432,0,0,0.4368
2024-06-27 20:00:00,89.5814,76.8106,9.6946,1,1,0.8455
2024-06-27 21:00:00,138.807,21.7493,0.6657,0,0,0.2518
2024-06-27 22:00:00,109.0203,50.8336,2.7256,0,1,0.4749
2024-06-27 23:00:00,145.2103,66.8352,5.2254,0,1,0.5283
2024-06-28 00:00:00,145.2589,42.2309,3.4426,1,0,0.6204
2024-06-28 01:00:00,121.4944,31.575,19.0419,0,0,0.2385
2024-06-28 02:00:00,127.4718,90.8118,2.6006,0,1,0.7823
2024-06-28 03:00:00,129.6117,36.723,1.0608,1,0,0.3685
2024-06-28 04:00:00,121.8427,58.1875,1.458,0,1,0.5896
2024-06-28 05:00:00,97.6536,32.0729,0.6859,1,0,0.3845
2024-06-28 06:00:00,153.7178,80.2026,1.0189,0,1,0.8679
2024-06-28 07:00:00,114.8574,80.7443,5.1197,0,1,0.652
2024-06-28 08:00:00,136.0449,79.3352,0.639,0,1,0.722
2024-06-28 09:00:00,131.4547,69.3332,5.5588,0,1,0.5565
2024-06-28 10:00:00,131.4282,34.7468,0.7104,1,0,0.291
2024-06-28 11:00:00,130.069,94.1478,0.2052,0,1,0.9579
2024-06-28 12:00:00,143.4585,66.4694,31.4493,0,1,0.5763
2024-06-28 13:00:00,109.0411,67.4548,6.8301,0,1,0.7367
2024-06-28 14:00:00,145.0169,62.1419,6.5699,1,1,0.6895
2024-06-28 15:00:00,129.069,19.3077,5.7611,1,0,0.2008
2024-06-28 16:00:00,126.6296,51.3215,0.7134,0,1,0.549
2024-06-28 17:00:00,117.8613,63.6305,1.2304,0,1,0.4999
2024-06-28 18:00:00,125.007,19.6369,16.0199,1,0,0.051
2024-06-28 19:00:00,137.0765,35.4217,4.2733,1,0,0.2011
2024-06-28 20:00:00,103.2586,90.5144,5.2757,0,1,0.8577
2024-06-28 21:00:00,92.6656,18.3499,6.3157,1,0,0.2436
2024-06-28 22:00:00,120.6,54.4821,8.8589,0,1,0.4666
2024-06-28 23:00:00,139.4777,42.5258,0.0693,1,0,0.5109
2024-06-29 00:00:00,120.1425,85.4484,0.5656,0,1,0.9178
2024-06-29 01:00:00,152.4186,45.172,1.1555,0,0,0.5179
2024-06-29 02:00:00,150.9738,54.1933,0.7797,0,1,0.4541
2024-06-29 03:00:00,153.0387,11.9761,6.4425,1,0,0.288
2024-06-29 04:00:00,154.0081,16.6218,7.6995,1,0,0.0696
2024-06-29 05:00:00,131.0431,96.3295,10.1552,0,1,0.8456
2024-06-29 06:00:00,136.9128,16.8681,1.966,0,0,0.0868
2024-06-29 07:00:00,112.7791,71.8603,2.6477,1,1,0.7496
2024-06-29 08:00:00,74.0625,43.7729,5.387,1,0,0.2795
2024-06-29 09:00:00,133.8098,38.2226,5.7021,1,0,0.4073
2024-06-29 10:00:00,111.0623,91.7472,2.9296,0,1,1.0146
2024-06-29 11:00:00,122.0972,82.7694,1.1254,0,1,0.9493
2024-06-29 12:00:00,77.9441,26.1826,5.04,1,0,0.1295
2024-06-29 13:00:00,143.3501,10.9126,1.1583,0,0,0.1234
2024-06-29 14:00:00,122.1034,26.0809,2.1784,0,0,0.2986
2024-06-29 15:00:00,114.5879,61.0564,10.1992,0,1,0.7165
2024-06-29 16:00:00,103.6844,64.5989,9.7636,1,1,0.5876
2024-06-29 17:00:00,110.3086,12.8305,5.428,1,0,0.0836
2024-06-29 18:00:00,109.6507,97.8324,3.3659,0,1,0.9835
2024-06-29 19:00:00,107.2551,99.4366,14.8937,0,1,0.998
2024-06-29 20:00:00,98.7119,53.552,2.8764,1,1,0.6525
2024-06-29 21:00:00,121.9881,65.2604,1.4525,0,1,0.4827
2024-06-29 22:00:00,119.5117,59.1834,2.8396,1,1,0.5474
2024-06-29 23:00:00,142.681,24.2549,0.8635,1,0,0.2419
2024-06-30 00:00:00,92.1829,76.7527,7.6024,0,1,0.886
2024-06-30 01:00:00,117.4456,93.3925,8.9695,0,1,0.9125
2024-06-30 02:00:00,108.8319,27.3561,6.8981,0,0,0.2558
2024-06-30 03:00:00,132.6777,12.66,3.7147,1,0,0.1778
2024-06-30 04:00:00,125.0745,12.0734,1.1398,1,0,-0.0574
2024-06-30 05:00:00,142.5218,56.057,0.585,1,1,0.5212
2024-06-30 06:00:00,161.6688,23.7111,1.6928,0,0,0.1304
2024-06-30 07:00:00,126.1266,88.0187,1.6665,0,1,0.8814
2024-06-30 08:00:00,136.3685,20.331,0.9744,1,0,0.2451
2024-06-30 09:00:00,111.6104,29.5262,7.3278,1,0,0.2616
2024-06-30 10:00:00,123.6693,39.4786,3.205,0,0,0.4688
2024-06-30 11:00:00,126.6111,29.7785,7.1907,1,0,0.3841
2024-06-30 12:00:00,167.5358,75.497,0.3376,1,1,0.9337
2024-06-30 13:00:00,104.0835,94.5863,3.0296,0,1,0.8285
2024-06-30 14:00:00,123.553,34.0831,1.8063,0,0,0.2873
2024-06-30 15:00:00,126.5306,53.3417,1.27,0,1,0.6367
2024-06-30 16:00:00,111.5562,95.7906,1.1215,0,1,0.9842
2024-06-30 17:00:00,132.9897,41.3698,9.9699,1,0,0.429
2024-06-30 18:00:00,126.4464,59.6347,9.1463,1,1,0.5423
2024-06-30 19:00:00,128.4925,36.4889,16.5533,0,0,0.3992
2024-06-30 20:00:00,112.1998,77.0675,1.5711,1,1,0.727
2024-06-30 21:00:00,140.4153,54.6222,3.273,1,1,0.56
2024-06-30 22:00:00,108.1769,56.1391,2.8824,1,1,0.5927
2024-06-30 23:00:00,118.9946,45.9948,0.7164,1,0,0.5324
2024-07-01 00:00:00,142.6196,27.3749,7.5936,1,0,0.2275
2024-07-01 01:00:00,153.2897,25.5664,5.1813,1,0,0.1928
2024-07-01 02:00:00,111.688,71.8352,2.4273,1,1,0.5812
2024-07-01 03:00:00,138.2911,89.8583,21.5228,0,1,0.9264
2024-07-01 04:00:00,124.5789,35.2974,4.012,0,0,0.2992
2024-07-01 05:00:00,146.4632,45.3543,5.1346,1,0,0.3855
2024-07-01 06:00:00,128.4034,62.5283,0.7815,1,1,0.6055
2024-07-01 07:00:00,159.1304,78.9804,1.5577,1,1,0.7247
2024-07-01 08:00:00,155.9519,38.0427,2.3168,1,0,0.3346
2024-07-01 09:00:00,107.4035,81.469,1.4706,0,1,0.8971
2024-07-01 10:00:00,119.9355,95.8386,0.5203,0,1,0.6628
2024-07-01 11:00:00,111.73,53.9049,9.9026,0,1,0.3681
2024-07-01 12:00:00,124.7138,89.4572,3.6333,0,1,0.8724
2024-07-01 13:00:00,91.0657,48.1364,1.8569,1,0,0.4088
2024-07-01 14:00:00,93.8527,77.2371,2.5852,1,1,0.8651
2024-07-01 15:00:00,146.0648,83.4303,0.3252,0,1,0.8056
2024-07-01 16:00:00,132.9089,66.062,15.7507,1,1,0.7654
2024-07-01 17:00:00,140.9163,64.6566,0.5665,0,1,0.6883
2024-07-01 18:00:00,108.7779,48.6382,11.4521,0,0,0.4349
2024-07-01 19:00:00,105.9444,61.0428,1.4524,0,1,0.7493
2024-07-01 20:00:00,122.5752,43.6564,1.4005,0,0,0.2984
2024-07-01 21:00:00,153.1459,66.9429,15.8124,0,1,0.6464
2024-07-01 22:00:00,127.8022,15.784,13.3952,1,0,0.3401
2024-07-01 23:00:00,129.8944,25.0524,9.6845,1,0,0.0915
2024-07-02 00:00:00,149.1914,13.0384,4.2714,1,0,0.1626
2024-07-02 01:00:00,133.721,56.0221,12.9135,0,1,0.6985
2024-07-02 02:00:00,129.8931,62.8182,12.7442,0,1,0.6683
2024-07-02 03:00:00,134.6593,36.4126,4.9379,1,0,0.2651
2024-07-02 04:00:00,122.6774,84.4018,18.9605,0,1,0.971
2024-07-02 05:00:00,156.901,68.0588,0.0169,0,1,0.7336
2024-07-02 06:00:00,124.3636,96.8631,15.925,0,1,0.7769
2024-07-02 07:00:00,112.4166,41.7028,1.9828,0,0,0.4093
2024-07-02 08:00:00,139.6231,12.6946,5.8501,1,0,0.0698
2024-07-02 09:00:00,144.7724,26.1914,4.0358,1,0,0.1548
2024-07-02 10:00:00,117.259,39.0413,4.1961,1,0,0.394
2024-07-02 11:00:00,140.4654,81.1807,0.0073,0,1,1.0166
2024-07-02 12:00:00,147.3131,42.197,1.0748,1,0,0.4164
2024-07-02 13:00:00,61.3898,16.5376,0.5741,0,0,0.0275
2024-07-02 14:00:00,92.967,69.1259,1.8289,0,1,0.8258
2024-07-02 15:00:00,134.2146,43.4768,7.2231,0,0,0.643
2024-07-02 16:00:00,108.3877,80.1563,1.4462,0,1,0.8476
2024-07-02 17:00:00,159.186,21.0073,8.1634,1,0,0.0361
2024-07-02 18:00:00,132.75,38.673,4.4118,1,0,0.4086
2024-07-02 19:00:00,124.4937,10.9811,4.9557,1,0,0.1087
2024-07-02 20:00:00,127.671,39.5982,5.5408,1,0,0.3018
2024-07-02 21:00:00,119.1034,51.8839,16.1768,1,1,0.4333
2024-07-02 22:00:00,114.0224,81.5715,4.1645,0,1,0.9127
2024-07-02 23:00:00,128.8554,90.887,2.2072,0,1,0.9171
2024-07-03 00:00:00,145.9687,60.5477,2.3895,0,1,0.635
2024-07-03 01:00:00,96.4625,44.7032,4.8991,1,0,0.4701
2024-07-03 02:00:00,131.1836,64.1622,11.0481,0,1,0.6968
2024-07-03 03:00:00,117.783,57.4536,1.9631,1,1,0.5746
2024-07-03 04:00:00,128.1918,19.2628,9.7525,1,0,0.1701
2024-07-03 05:00:00,111.9255,35.0244,2.2071,1,0,0.1691
2024-07-03 06:00:00,129.3257,64.7114,7.1133,0,1,0.6397
2024-07-03 07:00:00,105.7132,89.5024,3.8016,0,1,0.8585
2024-07-03 08:00:00,126.1499,87.3921,3.3977,1,1,0.8164
2024-07-03 09:00:00,121.4936,16.7342,2.8178,1,0,0.175
2024-07-03 10:00:00,94.2067,90.3398,4.1327,0,1,0.9457
2024-07-03 11:00:00,134.6877,47.9575,5.8516,1,0,0.5698
2024-07-03 12:00:00,71.9392,78.0581,0.5446,0,1,0.7825
2024-07-03 13:00:00,119.2748,38.6005,11.3132,1,0,0.3589
2024-07-03 14:00:00,97.6179,38.8109,1.3153,1,0,0.2578
2024-07-03 15:00:00,131.5799,27.7411,10.0702,1,0,0.2226
2024-07-03 16:00:00,120.0619,82.2453,1.1468,0,1,0.5739
2024-07-03 17:00:00,142.474,54.8786,2.6582,0,1,0.4106
2024-07-03 18:00:00,122.6763,99.1234,27.5527,0,1,0.8941
2024-07-03 19:00:00,122.4709,47.9114,0.3769,1,0,0.4933
2024-07-03 20:00:00,148.396,21.1683,5.7122,0,0,0.2335
2024-07-03 21:00:00,117.5873,25.4026,18.6334,1,0,0.1464
2024-07-03 22:00:00,126.0509,39.4187,2.9105,1,0,0.2402
2024-07-03 23:00:00,154.3591,44.4572,0.7293,0,0,0.4752
2024-07-04 00:00:00,139.5074,61.8772,6.6975,1,1,0.6844
2024-07-04 01:00:00,165.1953,35.6533,1.2325,1,0,0.1719
2024-07-04 02:00:00,135.5771,67.93,0.5094,0,1,0.6051
2024-07-04 03:00:00,116.3602,87.0493,1.4816,0,1,0.7073
2024-07-04 04:00:00,147.5478,98.9159,12.5176,0,1,0.8392
2024-07-04 05:00:00,144.6049,92.0479,2.6309,1,1,0.9029
2024-07-04 06:00:00,121.3649,35.5929,23.7311,1,0,0.222
2024-07-04 07:00:00,137.1854,85.7479,5.1504,0,1,0.7645
2024-07-04 08:00:00,125.0851,46.253,11.0274,0,0,0.5089
2024-07-04 09:00:00,136.381,90.6247,11.1794,0,1,0.9048
2024-07-04 10:00:00,127.3343,92.6231,0.4907,0,1,0.926
2024-07-04 11:00:00,124.1791,13.5208,12.8567,1,0,0.104
2024-07-04 12:00:00,159.5621,68.0298,4.7308,0,1,0.7687
2024-07-04 13:00:00,135.5929,16.2509,0.4909,1,0,0.213
2024-07-04 14:00:00,100.84,18.5608,1.4405,1,0,0.2791
2024-07-04 15:00:00,130.7847,82.2262,4.5605,1,1,0.693
2024-07-04 16:00:00,120.9155,75.0928,6.8603,1,1,0.8716
2024-07-04 17:00:00,132.8324,34.7206,13.9251,1,0,0.3106
2024-07-04 18:00:00,131.4165,77.8323,1.3802,0,1,0.7911
2024-07-04 19:00:00,133.8808,46.031,3.2314,0,0,0.324
2024-07-04 20:00:00,93.709,60.0805,1.6223,0,1,0.5781
2024-07-04 21:00:00,96.2529,38.1857,0.9138,0,0,0.3465
2024-07-04 22:00:00,154.0303,65.1089,7.0802,0,1,0.9245
2024-07-04 23:00:00,126.2595,45.3995,6.522,1,0,0.3469
2024-07-05 00:00:00,152.8288,72.6811,13.0339,0,1,0.6504
2024-07-05 01:00:00,137.0598,50.9124,3.3623,0,1,0.5592
2024-07-05 02:00:00,116.4187,86.3805,24.3048,0,1,0.7577
2024-07-05 03:00:00,93.9315,97.0437,7.9414,0,1,0.8012
2024-07-05 04:00:00,136.7746,20.9272,10.9226,1,0,0.3405
2024-07-05 05:00:00,136.8853,43.6515,0.5273,0,0,0.38
2024-07-05 06:00:00,160.9155,65.6179,3.5029,0,1,0.6238
2024-07-05 07:00:00,122.8828,12.6359,1.3025,1,0,0.1752
2024-07-05 08:00:00,128.3144,14.3051,4.2863,0,0,0.2105
2024-07-05 09:00:00,91.6295,10.9356,0.0005,1,0,0.1213
2024-07-05 10:00:00,115.0259,19.4622,5.9599,1,0,0.2903
2024-07-05 11:00:00,131.6398,39.0573,13.6404,1,0,0.4416
2024-07-05 12:00:00,120.0239,71.8839,6.9985,1,1,0.8441
2024-07-05 13:00:00,109.84,49.2114,4.0629,1,0,0.4788
2024-07-05 14:00:00,154.483,25.3172,0.8974,1,0,0.1147
2024-07-05 15:00:00,158.0926,27.2044,6.7143,1,0,0.39
2024-07-05 16:00:00,106.0725,91.2049,19.7395,0,1,0.8816
2024-07-05 17:00:00,128.8131,43.1992,4.2397,0,0,0.2486
2024-07-05 18:00:00,118.5441,91.2593,5.5025,0,1,0.9946
2024-07-05 19:00:00,155.8267,99.0609,1.0693,0,1,1.0023
2024-07-05 20:00:00,131.5306,94.0699,8.6387,0,1,0.8462
2024-07-05 21:00:00,138.548,88.1213,1.3343,0,1,0.8263
2024-07-05 22:00:00,108.6959,33.3719,0.2313,1,0,0.4053
2024-07-05 23:00:00,152.791,80.645,0.9885,0,1,0.761
2024-07-06 00:00:00,121.102,19.9723,8.7803,1,0,0.3445
2024-07-06 01:00:00,163.2405,95.243,1.101,0,1,1.0068
2024-07-06 02:00:00,148.232,16.7538,1.7478,1,0,0.2066
2024-07-06 03:00:00,114.2582,39.6396,0.3162,1,0,0.5633
2024-07-06 04:00:00,137.2227,65.1476,2.9843,0,1,0.6453
2024-07-06 05:00:00,131.703,83.1237,4.8201,0,1,0.6996
2024-07-06 06:00:00,122.65,34.2921,0.16,1,0,0.3383
2024-07-06 07:00:00,141.5888,25.3305,6.4685,1,0,0.204
2024-07-06 08:00:00,126.4794,22.3987,6.4379,1,0,-0.0376
2024-07-06 09:00:00,127.5305,51.4624,2.2836,0,1,0.4721
2024-07-06 10:00:00,114.6742,21.366,7.065,0,0,0.177
2024-07-06 11:00:00,112.4788,87.5705,7.1584,0,1,0.8209
2024-07-06 12:00:00,128.4939,77.7731,9.0014,0,1,0.8499
2024-07-06 13:00:00,130.4904,89.9019,2.8266,0,1,1.0598
2024-07-06 14:00:00,147.9937,96.9253,5.8224,0,1,0.8073
2024-07-06 15:00:00,100.5998,47.1965,8.9674,1,0,0.4653
2024-07-06 16:00:00,129.2179,50.2102,0.8662,0,1,0.438
2024-07-06 17:00:00,158.1187,21.0136,2.3748,0,0,0.1926
2024-07-06 18:00:00,113.8102,57.483,0.9399,1,1,0.5675
2024-07-06 19:00:00,106.6874,62.0096,0.1788,1,1,0.5897
2024-07-06 20:00:00,108.9723,69.5142,0.9624,0,1,0.5882
2024-07-06 21:00:00,142.4947,97.8715,9.2546,0,1,1.032
2024-07-06 22:00:00,102.3572,38.972,2.7267,1,0,0.3277
2024-07-06 23:00:00,127.4465,75.7778,0.4432,0,1,0.6864
2024-07-07 00:00:00,114.0148,30.3247,0.8571,1,0,0.4107
2024-07-07 01:00:00,115.8488,33.7431,0.3802,1,0,0.4383
2024-07-07 02:00:00,121.107,36.6611,2.6812,1,0,0.4614
2024-07-07 03:00:00,119.7805,17.4515,2.8513,1,0,0.2283
2024-07-07 04:00:00,119.9227,60.2664,6.0147,0,1,0.5478
2024-07-07 05:00:00,126.0488,88.5585,0.9087,1,1,0.8597
2024-07-07 06:00:00,132.3574,69.3533,6.2535,0,1,0.9136
2024-07-07 07:00:00,118.2619,76.1741,6.254,0,1,0.8316
2024-07-07 08:00:00,136.3062,28.5302,10.7634,1,0,0.2044
2024-07-07 09:00:00,117.7636,17.0215,3.7843,0,0,0.2873
2024-07-07 10:00:00,118.2672,97.4589,11.5588,0,1,1.0214
2024-07-07 11:00:00,127.9552,15.424,4.4786,1,0,0.1901
2024-07-07 12:00:00,93.6363,11.1815,16.3365,0,0,0.1742
2024-07-07 13:00:00,111.1206,29.4522,4.4049,1,0,0.344
2024-07-07 14:00:00,114.1128,83.666,2.0028,0,1,0.8091
2024-07-07 15:00:00,107.1897,26.9126,3.017,1,0,0.3552
2024-07-07 16:00:00,122.6459,19.4081,8.8239,1,0,0.1425
2024-07-07 17:00:00,112.8546,28.7795,4.5103,1,0,0.319
2024-07-07 18:00:00,109.3841,63.1471,5.4017,0,1,0.5852
2024-07-07 19:00:00,147.0296,57.488,1.2141,1,1,0.389
2024-07-07 20:00:00,167.8667,87.2613,2.9806,0,1,0.8969
2024-07-07 21:00:00,146.6126,78.4439,0.9445,0,1,0.7396
2024-07-07 22:00:00,133.0273,38.0643,9.0605,0,0,0.2465
2024-07-07 23:00:00,149.167,50.862,2.9446,1,1,0.4343
2024-07-08 00:00:00,133.3539,23.8599,1.897,0,0,0.2157
2024-07-08 01:00:00,122.1289,55.406,4.6606,0,1,0.5159
2024-07-08 02:00:00,129.4068,92.2713,13.0329,0,1,0.812
2024-07-08 03:00:00,120.6715,29.6906,8.0049,0,0,0.2751
2024-07-08 04:00:00,84.1579,42.7279,9.028,1,0,0.3952
2024-07-08 05:00:00,110.8048,97.7558,1.0925,0,1,0.7806
2024-07-08 06:00:00,111.0516,88.1073,1.7516,0,1,0.9951
2024-07-08 07:00:00,136.7089,56.2118,7.4043,1,1,0.7582
2024-07-08 08:00:00,117.8629,80.2019,3.1262,1,1,0.8549
2024-07-08 09:00:00,92.0939,26.9158,0.4772,1,0,0.0318
2024-07-08 10:00:00,126.7173,35.0055,4.3542,1,0,0.464
2024-07-08 11:00:00,132.8858,24.7777,7.9629,0,0,0.333
2024-07-08 12:00:00,142.3263,37.6432,0.6778,0,0,0.4729
2024-07-08 13:00:00,134.4157,88.2848,0.2765,0,1,0.9289
2024-07-08 14:00:00,174.036,68.3545,6.6781,0,1,0.7089
2024-07-08 15:00:00,110.3475,23.2561,3.8129,1,0,0.1199
2024-07-08 16:00:00,153.0653,88.8577,9.7307,0,1,0.9019
2024-07-08 17:00:00,145.3268,77.0523,4.1056,0,1,0.7692
2024-07-08 18:00:00,114.8999,31.6506,2.5094,1,0,0.2661
2024-07-08 19:00:00,124.8252,90.4688,5.2442,0,1,0.6015
2024-07-08 20:00:00,112.7446,26.8327,6.2318,1,0,0.3116
2024-07-08 21:00:00,124.9187,12.5728,8.4833,1,0,0.1091
2024-07-08 22:00:00,118.6826,69.5697,0.2714,1,1,0.6224
2024-07-08 23:00:00,118.6527,50.7377,0.991,0,1,0.5135
2024-07-09 00:00:00,127.2574,33.9021,10.4293,1,0,0.4092
2024-07-09 01:00:00,107.1046,93.4235,8.0208,0,1,1.1089
2024-07-09 02:00:00,149.3702,17.566,1.3754,1,0,0.2944
2024-07-09 03:00:00,144.5566,48.8326,0.2605,0,0,0.2053
2024-07-09 04:00:00,113.7816,23.5558,9.7703,1,0,0.183
2024-07-09 05:00:00,144.2685,55.1971,3.9227,0,1,0.4663
2024-07-09 06:00:00,106.8243,55.7134,0.3853,1,1,0.7211
2024-07-09 07:00:00,92.4942,14.7841,3.8718,1,0,0.1826
2024-07-09 08:00:00,133.5699,34.533,0.4363,0,0,0.2128
2024-07-09 09:00:00,138.1093,18.8031,3.723,1,0,0.2534
2024-07-09 10:00:00,112.951,68.376,0.491,0,1,0.7094
2024-07-09 11:00:00,137.7241,75.8801,1.5132,1,1,0.8619
2024-07-09 12:00:00,165.8026,48.033,3.9804,1,0,0.548
2024-07-09 13:00:00,186.3993,36.4605,8.8045,0,0,0.194
2024-07-09 14:00:00,110.357,46.2423,0.2251,1,0,0.3708
2024-07-09 15:00:00,133.8442,63.4644,3.3717,0,1,0.6326
2024-07-09 16:00:00,103.4055,57.6606,9.0978,0,1,0.6772
2024-07-09 17:00:00,182.894,54.4255,0.7524,0,1,0.6103
2024-07-09 18:00:00,118.9352,49.0209,7.8039,0,0,0.5099
2024-07-09 19:00:00,144.3118,71.3044,5.9995,0,1,0.6095
2024-07-09 20:00:00,129.3295,68.171,0.4682,0,1,0.8844
2024-07-09 21:00:00,106.7877,96.3075,0.7998,0,1,0.9195
2024-07-09 22:00:00,123.4417,29.7622,2.9201,1,0,0.1673
2024-07-09 23:00:00,100.9899,14.7824,2.742,1,0,0.1654
2024-07-10 00:00:00,114.9713,13.2119,5.0236,1,0,0.0892
2024-07-10 01:00:00,122.259,33.956,0.4178,0,0,0.2325
2024-07-10 02:00:00,131.9218,15.9263,7.1385,0,0,0.1837
2024-07-10 03:00:00,83.0256,19.0929,3.0893,1,0,0.1677
2024-07-10 04:00:00,126.2429,30.3819,5.7181,1,0,0.141
2024-07-10 05:00:00,177.5446,65.8199,24.6351,0,1,0.6077
2024-07-10 06:00:00,108.8955,74.4241,2.06,0,1,0.7012
2024-07-10 07:00:00,133.9298,45.2717,0.1683,1,0,0.6353
2024-07-10 08:00:00,119.2616,19.1174,0.058,0,0,0.0777
2024-07-10 09:00:00,72.2623,76.0532,0.1385,0,1,0.7328
2024-07-10 10:00:00,108.0598,89.1575,5.4664,0,1,0.7241
2024-07-10 11:00:00,114.1772,34.144,0.1225,1,0,0.1502
2024-07-10 12:00:00,144.1736,28.5135,8.2931,0,0,0.5391
2024-07-10 13:00:00,126.8945,80.7155,0.1541,0,1,0.8811
2024-07-10 14:00:00,123.2704,41.287,1.9467,1,0,0.2393
2024-07-10 15:00:00,140.7885,35.9193,7.085,1,0,0.2018
2024-07-10 16:00:00,130.1311,63.6682,8.2506,0,1,0.6319
2024-07-10 17:00:00,124.3731,76.0494,4.4075,1,1,0.68
2024-07-10 18:00:00,140.7104,18.4818,0.4312,0,0,0.0329
2024-07-10 19:00:00,100.6395,55.2916,1.0562,1,1,0.4066
2024-07-10 20:00:00,123.5808,73.0424,15.2975,0,1,0.6454
2024-07-10 21:00:00,152.2015,52.9082,0.5171,0,1,0.7488
2024-07-10 22:00:00,85.6766,37.4792,7.6543,1,0,0.4414
2024-07-10 23:00:00,112.1397,91.6001,3.8721,0,1,0.8421
2024-07-11 00:00:00,130.713,31.4758,2.3224,1,0,0.2466
2024-07-11 01:00:00,132.1469,38.3601,7.7433,1,0,0.3566
2024-07-11 02:00:00,121.0646,16.2509,6.901,0,0,0.2259
2024-07-11 03:00:00,136.0972,26.861,4.6427,0,0,0.4863
2024-07-11 04:00:00,110.285,90.9882,6.351,0,1,0.6565
2024-07-11 05:00:00,146.888,22.765,22.285,1,0,0.247
2024-07-11 06:00:00,131.5028,11.1461,1.876,1,0,0.0163
2024-07-11 07:00:00,163.2948,52.7141,5.5764,0,1,0.5672
2024-07-11 08:00:00,144.3028,40.0649,7.9162,1,0,0.4532
2024-07-11 09:00:00,138.5226,25.9764,3.5061,1,0,0.3174
2024-07-11 10:00:00,155.489,33.7449,1.7115,1,0,0.3196
2024-07-11 11:00:00,111.9554,16.9279,1.7275,1,0,0.2431
2024-07-11 12:00:00,121.9669,71.1283,0.8675,0,1,0.9661
2024-07-11 13:00:00,93.3855,86.7781,3.9458,0,1,0.8786
2024-07-11 14:00:00,144.8127,63.4605,0.8005,1,1,0.6125
2024-07-11 15:00:00,160.1977,97.2587,5.5153,0,1,1.0502
2024-07-11 16:00:00,118.2168,62.4843,3.8828,0,1,0.5524
2024-07-11 17:00:00,103.8635,53.9477,1.6927,1,1,0.4196
2024-07-11 18:00:00,149.832,32.2759,3.693,1,0,0.3337
2024-07-11 19:00:00,113.2909,19.8447,7.3048,1,0,0.1662
2024-07-11 20:00:00,117.8672,83.7034,0.816,0,1,0.6907
2024-07-11 21:00:00,157.993,61.054,8.6965,0,1,0.497
2024-07-11 22:00:00,120.738,99.1372,1.7053,0,1,0.9596
2024-07-11 23:00:00,124.1259,85.1823,4.8597,0,1,0.792
2024-07-12 00:00:00,159.4359,57.2742,0.2169,0,1,0.6275
2024-07-12 01:00:00,139.3988,25.0574,2.3857,1,0,0.1273
2024-07-12 02:00:00,106.9128,23.1925,0.2061,1,0,0.2619
2024-07-12 03:00:00,157.3665,18.4519,2.8519,1,0,0.1377
2024-07-12 04:00:00,93.6227,37.4142,0.133,1,0,0.356
2024-07-12 05:00:00,147.606,76.2568,4.5716,1,1,0.8742
2024-07-12 06:00:00,137.4542,50.7355,0.014,0,1,0.5455
2024-07-12 07:00:00,117.555,76.1334,1.5142,0,1,0.7612
2024-07-12 08:00:00,112.5424,99.0814,1.4092,0,1,0.7818
2024-07-12 09:00:00,105.9973,33.1606,2.1183,1,0,0.2614
2024-07-12 10:00:00,161.813,53.7844,2.0889,0,1,0.5181
2024-07-12 11:00:00,130.3022,42.786,2.2429,1,0,0.4843
2024-07-12 12:00:00,115.4761,11.2205,3.6272,1,0,0.0487
2024-07-12 13:00:00,139.1446,41.7364,3.7755,0,0,0.6542
2024-07-12 14:00:00,151.5418,73.9141,2.5975,0,1,0.8231
2024-07-12 15:00:00,134.1464,90.2235,4.1391,0,1,0.8249
2024-07-12 16:00:00,141.5823,79.7074,1.3446,0,1,0.7433
2024-07-12 17:00:00,146.6394,87.1261,0.8083,0,1,0.735
2024-07-12 18:00:00,129.0545,91.195,1.5695,0,1,0.9315
2024-07-12 19:00:00,134.1273,63.6169,1.2928,0,1,0.7316
2024-07-12 20:00:00,125.6446,20.1485,1.9404,1,0,0.2437
2024-07-12 21:00:00,108.4154,71.7206,5.4136,0,1,0.5914
2024-07-12 22:00:00,103.0221,75.5394,2.2802,0,1,0.9173
2024-07-12 23:00:00,136.7869,11.8655,8.618,0,0,0.1356
2024-07-13 00:00:00,114.0116,98.0774,7.6888,0,1,0.8308
2024-07-13 01:00:00,127.5281,87.0639,2.3526,0,1,0.8992
2024-07-13 02:00:00,123.0784,69.343,0.2139,1,1,0.7589
2024-07-13 03:00:00,147.0288,22.747,6.2639,0,0,0.1769
2024-07-13 04:00:00,133.4641,54.8049,4.9044,0,1,0.5007
2024-07-13 05:00:00,133.9915,31.9931,0.2725,0,0,0.1842
2024-07-13 06:00:00,122.3385,76.6911,1.1654,1,1,0.638
2024-07-13 07:00:00,125.2644,97.5962,2.6397,0,1,0.6818
2024-07-13 08:00:00,121.3002,42.3478,9.6906,0,0,0.3362
2024-07-13 09:00:00,132.8984,76.9929,4.0852,0,1,0.8341
2024-07-13 10:00:00,94.0899,27.4458,4.8129,1,0,0.1451
2024-07-13 11:00:00,127.6136,95.9333,7.7211,0,1,0.8234
2024-07-13 12:00:00,135.2371,67.486,0.0857,0,1,0.7989
2024-07-13 13:00:00,135.7491,96.8908,4.8961,0,1,0.983
2024-07-13 14:00:00,106.8257,88.943,5.0564,0,1,0.9192
2024-07-13 15:00:00,119.7424,71.0921,13.9515,1,1,0.8581
2024-07-13 16:00:00,120.5414,90.9299,12.9275,0,1,0.8282
2024-07-13 17:00:00,117.4151,50.4342,1.0214,1,1,0.2999
2024-07-13 18:00:00,104.1034,96.2476,0.3334,0,1,0.8239
2024-07-13 19:00:00,106.6744,57.4216,1.5586,0,1,0.6095
2024-07-13 20:00:00,128.2349,33.8778,0.2406,1,0,0.3348
2024-07-13 21:00:00,135.6472,71.116,0.6529,0,1,0.695
2024-07-13 22:00:00,130.9802,89.9195,2.4852,0,1,1.0412
2024-07-13 23:00:00,110.9241,45.1924,9.006,1,0,0.1824
2024-07-14 00:00:00,135.6565,47.5565,0.6635,0,0,0.4135
2024-07-14 01:00:00,124.1736,99.4549,4.0573,0,1,0.7941
2024-07-14 02:00:00,118.339,37.8391,3.7676,1,0,0.1662
2024-07-14 03:00:00,109.8856,13.699,0.0249,0,0,0.13
2024-07-14 04:00:00,118.0778,56.807,4.9119,1,1,0.5543
2024-07-14 05:00:00,142.2237,40.8947,1.4965,1,0,0.4143
2024-07-14 06:00:00,124.4943,65.1131,9.7227,0,1,0.8223
2024-07-14 07:00:00,125.6978,49.0114,0.9767,1,0,0.387
2024-07-14 08:00:00,108.4198,50.9525,14.8256,1,1,0.5777
2024-07-14 09:00:00,183.0746,97.1338,3.4502,0,1,0.9248
2024-07-14 10:00:00,83.5431,81.3106,13.361,0,1,0.7243
2024-07-14 11:00:00,88.2143,35.9568,3.6249,0,0,0.424
2024-07-14 12:00:00,117.8168,97.2523,2.3748,1,1,0.9689
2024-07-14 13:00:00,132.0851,54.9034,7.2165,1,1,0.6803
2024-07-14 14:00:00,163.092,71.6974,3.7573,0,1,0.7741
2024-07-14 15:00:00,138.2889,51.9686,0.3316,0,1,0.5229
2024-07-14 16:00:00,134.101,23.5205,1.5585,1,0,0.2819
2024-07-14 17:00:00,146.2962,97.0004,0.8413,0,1,0.893
2024-07-14 18:00:00,130.0609,66.1416,0.3389,0,1,0.6191
2024-07-14 19:00:00,89.6806,69.7888,5.9643,1,1,0.7951
2024-07-14 20:00:00,133.2204,37.3281,4.8258,1,0,0.1431
2024-07-14 21:00:00,132.487,35.9434,1.7489,0,0,0.2141
2024-07-14 22:00:00,170.9586,81.9807,0.9369,0,1,0.7772
2024-07-14 23:00:00,114.0129,11.4033,4.2364,1,0,0.1553
2024-07-15 00:00:00,152.9993,13.6858,5.5357,1,0,0.1855
2024-07-15 01:00:00,101.4276,35.4716,6.5569,1,0,0.4063
2024-07-15 02:00:00,158.441,63.3764,2.6182,0,1,0.6725
2024-07-15 03:00:00,130.855,14.7874,0.8634,1,0,0.2445
2024-07-15 04:00:00,144.7433,37.5239,1.3901,1,0,0.3088
2024-07-15 05:00:00,142.1254,48.7291,2.7219,0,0,0.4657
2024-07-15 06:00:00,141.6196,69.4228,6.3114,0,1,0.8959
2024-07-15 07:00:00,130.1887,10.0578,2.2964,0,0,0.1938
2024-07-15 08:00:00,115.3413,32.629,6.4591,0,0,0.3088
2024-07-15 09:00:00,125.13,41.5196,3.7573,0,0,0.3316
2024-07-15 10:00:00,113.1943,35.4939,1.2032,0,0,0.2419
2024-07-15 11:00:00,126.0682,87.3109,1.8523,0,1,0.6956
2024-07-15 12:00:00,96.5757,69.8793,7.532,0,1,0.7766
2024-07-15 13:00:00,131.698,79.1997,0.4287,1,1,0.643
2024-07-15 14:00:00,147.5781,23.9533,10.3354,1,0,0.186
2024-07-15 15:00:00,152.0144,17.7403,8.6309,1,0,0.2424
2024-07-15 16:00:00,154.2285,34.3602,1.7239,1,0,0.2753
2024-07-15 17:00:00,131.333,99.6323,20.1451,0,1,0.8812
2024-07-15 18:00:00,125.2918,27.7055,2.4705,1,0,0.3521
2024-07-15 19:00:00,123.3039,62.6702,2.19,0,1,0.6547
2024-07-15 20:00:00,136.0829,17.2646,6.9373,1,0,0.2354
2024-07-15 21:00:00,142.4949,29.6972,7.087,1,0,0.4144
2024-07-15 22:00:00,135.0262,52.586,10.0598,1,1,0.524
2024-07-15 23:00:00,101.821,41.9169,0.2162,1,0,0.465
2024-07-16 00:00:00,155.5542,83.0538,2.5815,0,1,0.8909
2024-07-16 01:00:00,137.7942,67.334,1.3008,0,1,0.5634
2024-07-16 02:00:00,147.9262,48.0307,5.6312,1,0,0.4052
2024-07-16 03:00:00,129.4105,97.0216,2.0771,0,1,0.8956
2024-07-16 04:00:00,123.2421,18.8325,5.7472,1,0,0.179
2024-07-16 05:00:00,166.6316,33.5135,1.7395,1,0,0.3731
2024-07-16 06:00:00,107.2919,37.182,15.9976,0,0,0.1821
2024-07-16 07:00:00,95.0946,37.9662,12.12,1,0,0.5255
2024-07-16 08:00:00,167.805,60.7517,0.1177,0,1,0.6236
2024-07-16 09:00:00,133.1667,71.1031,0.442,0,1,0.6441
2024-07-16 10:00:00,119.9728,39.0232,2.3682,1,0,0.4288
2024-07-16 11:00:00,116.886,62.0351,2.6483,1,1,0.602
2024-07-16 12:00:00,88.84,71.4989,1.641,1,1,0.8494
2024-07-16 13:00:00,165.3078,27.9556,1.7167,1,0,0.2741
2024-07-16 14:00:00,142.3826,22.2122,4.2867,1,0,0.2651
2024-07-16 15:00:00,138.5267,59.8855,8.4295,0,1,0.4505
2024-07-16 16:00:00,144.7463,37.0956,3.5182,1,0,0.3781
2024-07-16 17:00:00,110.4099,17.7038,12.5083,0,0,0.2335
2024-07-16 18:00:00,137.5275,60.9999,7.3929,1,1,0.5431
2024-07-16 19:00:00,149.9216,66.5487,6.5611,1,1,0.6584
2024-07-16 20:00:00,84.9452,59.1248,2.2973,0,1,0.5731
2024-07-16 21:00:00,140.2637,43.8369,4.0607,1,0,0.3869
2024-07-16 22:00:00,143.2548,88.8329,3.4754,0,1,0.8647
2024-07-16 23:00:00,130.5104,49.3204,0.9828,0,0,0.5095
2024-07-17 00:00:00,111.0203,22.4749,20.1709,1,0,0.1908
2024-07-17 01:00:00,125.2477,49.7711,2.014,0,0,0.5877
2024-07-17 02:00:00,119.473,38.1934,17.9635,0,0,0.4219
2024-07-17 03:00:00,135.698,94.1392,3.1338,0,1,0.787
2024-07-17 04:00:00,118.024,74.1339,8.9116,0,1,0.6144
2024-07-17 05:00:00,143.6446,52.1541,0.3175,0,1,0.7481
2024-07-17 06:00:00,118.3067,48.4902,5.8279,1,0,0.5663
2024-07-17 07:00:00,118.2824,47.8455,0.1913,1,0,0.3598
2024-07-17 08:00:00,151.6502,46.9233,5.805,1,0,0.6285
2024-07-17 09:00:00,125.3897,12.4906,0.2962,1,0,0.0619
2024-07-17 10:00:00,139.0778,60.3018,9.5854,1,1,0.7627
2024-07-17 11:00:00,102.9373,96.1743,1.3644,0,1,0.8999
2024-07-17 12:00:00,158.6426,47.8827,12.4137,1,0,0.637
2024-07-17 13:00:00,99.8878,78.0271,1.1719,0,1,0.6472
2024-07-17 14:00:00,130.512,65.3688,7.2418,0,1,0.7943
2024-07-17 15:00:00,124.1634,37.2151,2.193,0,0,0.1787
2024-07-17 16:00:00,113.5239,31.8381,8.8166,1,0,0.2882
2024-07-17 17:00:00,123.1896,56.0986,1.4901,0,1,0.6812
2024-07-17 18:00:00,153.0384,21.4547,1.8922,1,0,0.3613
2024-07-17 19:00:00,163.0067,58.8943,6.1701,0,1,0.4943
2024-07-17 20:00:00,123.9531,60.9017,2.5103,0,1,0.5545
2024-07-17 21:00:00,121.5698,36.4009,1.2544,1,0,0.3782
2024-07-17 22:00:00,91.5097,77.9802,0.7624,0,1,0.7822
2024-07-17 23:00:00,162.5664,45.3393,0.5389,0,0,0.4824
2024-07-18 00:00:00,107.5733,46.2648,0.4968,1,0,0.5193
2024-07-18 01:00:00,110.6666,10.5358,4.5796,1,0,0.0443
2024-07-18 02:00:00,130.7409,82.6733,3.735,0,1,0.943
2024-07-18 03:00:00,143.1929,88.742,6.3872,0,1,0.9048
2024-07-18 04:00:00,158.8101,51.4199,7.7411,1,1,0.5572
2024-07-18 05:00:00,171.702,14.8912,3.9305,1,0,0.0323
2024-07-18 06:00:00,143.6044,14.9223,4.6628,1,0,0.3169
2024-07-18 07:00:00,119.199,84.6905,1.1071,0,1,0.8548
2024-07-18 08:00:00,115.7098,68.4892,4.4986,0,1,0.7431
2024-07-18 09:00:00,125.1784,40.0135,4.9831,1,0,0.2906
2024-07-18 10:00:00,144.6328,18.7659,1.1032,1,0,0.2515
2024-07-18 11:00:00,147.6164,36.1519,1.2217,1,0,0.4236
2024-07-18 12:00:00,140.9357,53.3321,2.5959,1,1,0.3172
2024-07-18 13:00:00,91.2447,39.8177,1.9506,0,0,0.4401
2024-07-18 14:00:00,117.5356,15.4778,1.2791,1,0,0.3145
2024-07-18 15:00:00,157.5753,76.6426,10.7016,0,1,0.7767
2024-07-18 16:00:00,118.2011,70.6972,9.6487,0,1,0.6599
2024-07-18 17:00:00,127.1679,76.5427,6.4252,0,1,0.7255
2024-07-18 18:00:00,182.7383,14.7718,15.6418,1,0,-0.0375
2024-07-18 19:00:00,127.3065,28.4558,12.5131,1,0,0.4329
2024-07-18 20:00:00,156.9543,22.9737,4.7321,1,0,0.0851
2024-07-18 21:00:00,165.183,76.6382,3.5148,0,1,0.8482
2024-07-18 22:00:00,143.7984,54.5774,7.1023,0,1,0.4978
2024-07-18 23:00:00,120.1833,30.1189,1.9833,1,0,0.2204
2024-07-19 00:00:00,83.6555,70.8113,2.4661,0,1,0.8935
2024-07-19 01:00:00,111.7982,86.703,3.0968,0,1,0.8784
2024-07-19 02:00:00,141.5509,37.0803,3.4726,1,0,0.1549
2024-07-19 03:00:00,140.5406,37.9802,2.6145,0,0,0.4057
2024-07-19 04:00:00,152.0396,99.0243,4.021,0,1,0.7938
2024-07-19 05:00:00,106.9284,10.5806,9.9761,1,0,-0.036
2024-07-19 06:00:00,132.7863,53.646,11.12,0,1,0.6167
2024-07-19 07:00:00,88.2355,71.8997,0.0536,0,1,0.6701
2024-07-19 08:00:00,111.3613,20.3238,1.0218,1,0,0.3683
2024-07-19 09:00:00,139.339,10.0032,8.5837,1,0,0.1807
2024-07-19 10:00:00,85.6297,64.3412,29.5047,0,1,0.5138
2024-07-19 11:00:00,145.0458,20.8931,0.1492,0,0,0.0384
2024-07-19 12:00:00,165.1407,18.7177,0.5644,0,0,0.3978
2024-07-19 13:00:00,100.4248,28.3864,7.5397,0,0,0.3784
2024-07-19 14:00:00,123.7547,52.6368,0.594,1,1,0.5596
2024-07-19 15:00:00,162.9415,84.9454,0.6843,1,1,0.9704
2024-07-19 16:00:00,138.8166,49.9434,4.5465,0,0,0.5695
2024-07-19 17:00:00,136.776,15.0088,12.9066,1,0,-0.0873
2024-07-19 18:00:00,131.0386,20.963,1.4011,1,0,0.289
2024-07-19 19:00:00,101.7262,46.4102,2.3684,0,0,0.4103
2024-07-19 20:00:00,126.2079,98.4427,3.1959,0,1,0.8592
2024-07-19 21:00:00,154.429,83.8244,6.0674,0,1,0.9422
2024-07-19 22:00:00,130.656,85.7549,1.5319,0,1,0.7896
2024-07-19 23:00:00,143.2441,59.2047,1.6679,0,1,0.6957
2024-07-20 00:00:00,121.7728,83.9518,19.3166,0,1,0.7786
2024-07-20 01:00:00,111.6737,71.3188,0.6375,0,1,0.8731
2024-07-20 02:00:00,120.4067,87.3382,6.4509,0,1,1.0091
2024-07-20 03:00:00,108.0835,65.5443,2.6851,0,1,0.7598
2024-07-20 04:00:00,101.9561,48.9118,0.0154,0,0,0.4686
2024-07-20 05:00:00,128.5794,67.2577,4.8519,0,1,0.7127
2024-07-20 06:00:00,124.4434,26.6327,1.2021,1,0,0.3329
2024-07-20 07:00:00,110.337,83.6695,2.2936,0,1,0.9093
2024-07-20 08:00:00,142.7964,69.1719,7.8531,0,1,0.6889
2024-07-20 09:00:00,110.5218,25.3698,0.7189,1,0,0.35
2024-07-20 10:00:00,137.4451,76.7498,0.2985,0,1,0.7815
2024-07-20 11:00:00,138.8954,59.2013,1.8642,1,1,0.5508
2024-07-20 12:00:00,162.062,52.8543,0.3678,0,1,0.5211
2024-07-20 13:00:00,135.8073,36.1033,0.6572,0,0,0.3996
2024-07-20 14:00:00,144.6919,70.0782,3.7323,0,1,0.866
2024-07-20 15:00:00,130.5162,96.3182,7.3891,0,1,0.8807
2024-07-20 16:00:00,101.1214,54.3668,1.6902,0,1,0.4861
2024-07-20 17:00:00,146.0244,70.093,3.8743,0,1,0.6498
2024-07-20 18:00:00,162.3744,45.207,1.2799,1,0,0.4211
2024-07-20 19:00:00,126.5919,72.7887,2.5292,1,1,0.7555
2024-07-20 20:00:00,170.6129,19.6602,3.2442,1,0,0.4058
2024-07-20 21:00:00,147.404,47.5207,9.1028,1,0,0.4353
2024-07-20 22:00:00,168.7875,48.235,4.4162,1,0,0.3795
2024-07-20 23:00:00,125.4859,12.5174,7.0636,1,0,0.3288
2024-07-21 00:00:00,111.5291,51.1374,2.6152,0,1,0.4079
2024-07-21 01:00:00,130.2051,60.7788,0.9353,0,1,0.4933
2024-07-21 02:00:00,114.6842,10.9918,6.4179,1,0,-0.0071
2024-07-21 03:00:00,133.0455,37.2485,14.2022,1,0,0.431
2024-07-21 04:00:00,124.315,68.0598,4.6642,0,1,0.7299
2024-07-21 05:00:00,132.3841,90.3899,3.5246,0,1,0.813
2024-07-21 06:00:00,127.3362,65.7889,0.3817,0,1,0.6708
2024-07-21 07:00:00,109.7862,13.8369,3.0009,0,0,0.1663
2024-07-21 08:00:00,118.6241,91.6353,2.0413,0,1,0.9645
2024-07-21 09:00:00,154.343,96.6517,2.7087,0,1,0.7632
2024-07-21 10:00:00,127.887,52.1116,0.4838,0,1,0.5208
2024-07-21 11:00:00,102.5265,75.0759,13.5737,1,1,0.8403
2024-07-21 12:00:00,89.1063,34.9214,5.9441,1,0,0.2841
2024-07-21 13:00:00,122.7623,98.3578,9.7343,0,1,0.9037
2024-07-21 14:00:00,134.7095,42.1973,1.7403,0,0,0.4645
2024-07-21 15:00:00,105.7353,87.0256,3.6665,0,1,0.7561
2024-07-21 16:00:00,93.6806,55.2885,2.6149,0,1,0.61
2024-07-21 17:00:00,140.3306,41.3951,6.8747,1,0,0.4721
2024-07-21 18:00:00,192.6502,73.5602,8.8475,0,1,0.6849
2024-07-21 19:00:00,146.526,45.1562,4.9777,1,0,0.468
2024-07-21 20:00:00,109.4073,15.6489,7.5258,1,0,0.2038
2024-07-21 21:00:00,126.8763,69.0327,2.0586,0,1,0.7324
2024-07-21 22:00:00,126.8585,41.668,3.3901,1,0,0.5844
2024-07-21 23:00:00,103.9545,74.7288,2.5167,0,1,0.8432
2024-07-22 00:00:00,101.3288,40.5362,2.8579,1,0,0.4627
2024-07-22 01:00:00,126.4008,74.3664,7.8207,0,1,0.6755
2024-07-22 02:00:00,144.9477,80.8027,0.2373,0,1,1.08
2024-07-22 03:00:00,134.276,35.0506,5.9157,0,0,0.0527
2024-07-22 04:00:00,115.6748,78.6347,0.6194,0,1,0.7519
2024-07-22 05:00:00,139.3877,37.2637,0.6893,1,0,0.3729
2024-07-22 06:00:00,139.6296,45.4536,7.5776,1,0,0.3089
2024-07-22 07:00:00,109.7393,92.4544,0.0907,1,1,1.0252
2024-07-22 08:00:00,105.0696,68.0621,0.2154,0,1,0.5357
2024-07-22 09:00:00,142.1128,43.887,1.0718,1,0,0.4085
2024-07-22 10:00:00,151.8823,52.4577,23.1567,0,1,0.4143
2024-07-22 11:00:00,137.3588,69.3075,3.6725,1,1,0.6015
2024-07-22 12:00:00,152.7518,61.8435,1.1356,0,1,0.6444
2024-07-22 13:00:00,158.4812,93.4671,2.4763,0,1,1.0421
2024-07-22 14:00:00,98.9233,79.7858,10.7941,0,1,0.6648
2024-07-22 15:00:00,138.8404,57.2891,0.4627,1,1,0.5155
2024-07-22 16:00:00,155.4999,21.648,10.2488,1,0,0.0882
2024-07-22 17:00:00,151.8797,39.1669,0.1382,1,0,0.4383
2024-07-22 18:00:00,157.7274,95.9675,0.8361,0,1,1.0022
2024-07-22 19:00:00,117.6585,41.3286,3.0406,0,0,0.4248
2024-07-22 20:00:00,142.913,65.5728,1.9311,0,1,0.6442
2024-07-22 21:00:00,144.8006,46.3396,6.8356,0,0,0.5377
2024-07-22 22:00:00,117.464,14.0436,0.5265,1,0,0.3322
2024-07-22 23:00:00,133.1636,86.6828,0.9649,0,1,0.885
2024-07-23 00:00:00,102.8802,24.3262,1.2334,1,0,0.2572
2024-07-23 01:00:00,112.4926,18.6886,11.3892,1,0,0.1784
2024-07-23 02:00:00,135.906,19.5598,2.1987,1,0,0.1887
2024-07-23 03:00:00,150.3161,94.0811,8.5022,0,1,0.7935
2024-07-23 04:00:00,129.3842,52.8772,3.5573,0,1,0.4163
2024-07-23 05:00:00,159.9362,78.3918,1.0131,0,1,0.7414
2024-07-23 06:00:00,159.0525,98.3196,4.2436,0,1,1.0746
2024-07-23 07:00:00,109.8567,82.77,3.3217,0,1,0.9287
2024-07-23 08:00:00,127.4062,75.9382,9.4007,0,1,0.782
2024-07-23 09:00:00,119.4089,31.2955,2.7624,1,0,0.2774
2024-07-23 10:00:00,145.8237,90.9815,4.1205,0,1,0.8245
2024-07-23 11:00:00,143.7383,25.6598,11.6353,1,0,0.4451
2024-07-23 12:00:00,113.6469,90.3226,4.8535,1,1,0.9184
2024-07-23 13:00:00,147.8516,78.0232,20.6509,0,1,0.7588
2024-07-23 14:00:00,103.1656,47.8051,8.9009,0,0,0.5787
2024-07-23 15:00:00,152.9181,15.7933,1.7153,1,0,0.0375
2024-07-23 16:00:00,80.9032,65.0713,16.5017,0,1,0.562
2024-07-23 17:00:00,125.9112,20.3026,0.6155,1,0,0.2153
2024-07-23 18:00:00,115.3865,86.2122,1.8121,0,1,0.8612
2024-07-23 19:00:00,142.9511,16.5594,4.0431,1,0,0.1266
2024-07-23 20:00:00,134.5258,78.7017,7.8948,0,1,0.8265
2024-07-23 21:00:00,85.8533,64.588,21.0477,0,1,0.7618
2024-07-23 22:00:00,102.7102,85.6611,7.5762,0,1,1.0018
2024-07-23 23:00:00,117.8186,93.1196,2.0974,0,1,1.0883
2024-07-24 00:00:00,153.1008,38.9043,1.3553,1,0,0.3636
2024-07-24 01:00:00,162.0224,72.8853,9.9328,0,1,0.6888
2024-07-24 02:00:00,143.1189,43.9866,12.1934,1,0,0.3983
2024-07-24 03:00:00,157.8874,98.9984,6.6715,0,1,0.9972
2024-07-24 04:00:00,114.5391,61.6402,3.7603,1,1,0.5882
2024-07-24 05:00:00,137.8509,27.9761,2.6167,1,0,0.1936
2024-07-24 06:00:00,132.0862,32.7245,1.191,1,0,0.1618
2024-07-24 07:00:00,108.0446,49.3763,5.1801,0,0,0.4849
2024-07-24 08:00:00,122.5854,35.748,4.7662,0,0,0.3262
2024-07-24 09:00:00,122.4624,28.1073,0.6627,1,0,0.0915
2024-07-24 10:00:00,138.6698,24.5881,0.5406,1,0,0.2327
2024-07-24 11:00:00,139.4597,83.2454,2.3146,0,1,0.9639
2024-07-24 12:00:00,118.6605,82.7805,5.8738,0,1,0.8112
2024-07-24 13:00:00,118.9961,27.3066,0.0911,1,0,0.1925
2024-07-24 14:00:00,91.7169,62.3897,8.6371,0,1,0.6687
2024-07-24 15:00:00,139.6834,66.6204,3.5403,0,1,0.8026
2024-07-24 16:00:00,127.5544,70.1792,24.9472,0,1,0.6325
2024-07-24 17:00:00,129.044,28.3186,4.3476,1,0,0.3065
2024-07-24 18:00:00,140.5103,82.9008,0.3352,0,1,0.9563
2024-07-24 19:00:00,119.7567,90.3962,1.7079,0,1,0.7024
2024-07-24 20:00:00,110.4212,42.3605,4.2676,0,0,0.3388
2024-07-24 21:00:00,117.6406,46.7225,13.6639,1,0,0.4815
2024-07-24 22:00:00,122.7987,59.1923,6.2702,0,1,0.6903
2024-07-24 23:00:00,133.9983,16.4769,3.0175,1,0,0.234
2024-07-25 00:00:00,117.5811,26.6774,1.4735,1,0,0.22
2024-07-25 01:00:00,120.879,75.6979,8.2337,0,1,0.8757
2024-07-25 02:00:00,103.156,91.989,2.578,0,1,0.7882
2024-07-25 03:00:00,121.5519,67.8009,4.5547,1,1,0.7342
2024-07-25 04:00:00,94.8377,54.6558,4.2524,0,1,0.4627
2024-07-25 05:00:00,116.5123,84.9163,14.2878,0,1,0.664
2024-07-25 06:00:00,140.4723,61.3333,2.73,1,1,0.4553
2024-07-25 07:00:00,133.1256,52.636,4.8973,0,1,0.6877
2024-07-25 08:00:00,126.5956,41.6895,8.2531,1,0,0.3161
2024-07-25 09:00:00,125.2373,65.6631,10.185,0,1,0.716
2024-07-25 10:00:00,147.6882,60.2828,5.3468,1,1,0.7592
2024-07-25 11:00:00,106.2144,22.4086,8.8681,1,0,0.2364
2024-07-25 12:00:00,138.5614,16.0439,5.1326,1,0,0.3418
2024-07-25 13:00:00,115.4435,48.4761,7.1251,0,0,0.3614
2024-07-25 14:00:00,135.3011,43.8506,6.8525,1,0,0.2792
2024-07-25 15:00:00,126.7185,16.3781,5.6336,1,0,0.0442
2024-07-25 16:00:00,118.9172,17.0329,7.1582,1,0,0.1503
2024-07-25 17:00:00,136.0001,80.4149,9.6277,0,1,0.9372
2024-07-25 18:00:00,116.8722,36.8404,0.4697,1,0,0.3554
2024-07-25 19:00:00,105.5641,20.6135,3.6929,1,0,0.0912
2024-07-25 20:00:00,120.141,30.7516,0.7843,1,0,0.2647
2024-07-25 21:00:00,104.7399,64.1341,7.6515,0,1,0.7511
2024-07-25 22:00:00,132.6944,39.7828,4.3289,1,0,0.3804
2024-07-25 23:00:00,117.664,30.1619,5.0637,1,0,0.3523
2024-07-26 00:00:00,104.5709,94.6556,4.2055,0,1,0.813
2024-07-26 01:00:00,137.0884,93.0046,0.7946,1,1,0.8943
2024-07-26 02:00:00,137.8441,32.6244,4.166,1,0,0.1298
2024-07-26 03:00:00,126.1407,73.2946,1.7436,0,1,0.6608
2024-07-26 04:00:00,123.9946,16.1158,7.3986,1,0,0.0506
2024-07-26 05:00:00,148.0792,88.4326,10.9168,0,1,0.9092
2024-07-26 06:00:00,124.4277,97.1303,4.2138,0,1,0.909
2024-07-26 07:00:00,135.0049,16.7299,7.8583,1,0,0.3462
2024-07-26 08:00:00,107.1834,61.782,9.7188,0,1,0.808
2024-07-26 09:00:00,141.0009,86.7876,15.3188,0,1,0.8916
2024-07-26 10:00:00,127.0124,93.8628,11.061,0,1,0.9059
2024-07-26 11:00:00,140.2279,55.0042,0.5734,1,1,0.6613
2024-07-26 12:00:00,124.423,45.9298,9.1375,1,0,0.3498
2024-07-26 13:00:00,114.8409,15.0983,8.2273,1,0,0.2035
2024-07-26 14:00:00,105.8734,72.7766,1.2618,0,1,0.9578
2024-07-26 15:00:00,125.7754,19.9787,7.5827,0,0,0.214
2024-07-26 16:00:00,120.7234,52.3881,7.4865,0,1,0.7285
2024-07-26 17:00:00,103.9854,92.5652,2.8095,0,1,0.9219
2024-07-26 18:00:00,154.9164,33.6748,4.1496,1,0,0.2242
2024-07-26 19:00:00,150.4212,12.698,16.1735,1,0,0.1786
2024-07-26 20:00:00,89.2599,40.4241,0.2816,0,0,0.3438
2024-07-26 21:00:00,87.1779,33.4793,4.8672,1,0,0.4059
2024-07-26 22:00:00,99.5631,40.1087,0.1161,0,0,0.3922
2024-07-26 23:00:00,133.0753,78.8262,4.0812,0,1,0.8495
2024-07-27 00:00:00,183.5247,22.536,0.8421,1,0,0.1559
2024-07-27 01:00:00,106.3295,59.2379,5.1116,1,1,0.7165
2024-07-27 02:00:00,123.6212,76.0485,3.0549,1,1,0.8317
2024-07-27 03:00:00,156.6216,93.1757,2.7039,0,1,1.0636
2024-07-27 04:00:00,120.0715,69.7003,11.11,0,1,0.8522
2024-07-27 05:00:00,152.2962,89.0443,5.1352,0,1,0.9243
2024-07-27 06:00:00,148.6688,31.2055,0.9553,0,0,0.3156
2024-07-27 07:00:00,129.4098,16.5621,1.2161,1,0,0.0188
