review_id,text,sentiment,rating,product_category,verified_purchase
1,Se rompió a los pocos días. El envío tardó demasiado.,negative,1,Books,True
2,El mejor que he probado. El mejor de su categoría.,positive,4,Home & Kitchen,False
3,Lo recomiendo ampliamente. Muy práctico y fácil de usar.,positive,4,Grocery,True
4,Pésima calidad. Tuve que devolverlo.,negative,2,Jewelry,False
5,Mala calidad de materiales. No coincide con la descripción.,negative,1,Office Products,False
6,Cumple con todo lo prometido. Mi familia quedó encantada.,positive,4,Home & Kitchen,True
7,De los mejores productos que he comprado. Mi familia quedó encantada.,positive,5,Jewelry,False
8,No vale la pena. La atención al cliente fue pésima.,negative,2,Office Products,True
9,Horrible experiencia de compra. Se rompió después de una semana.,negative,2,Home & Kitchen,True
10,Muy decepcionado con la compra. Se rompió después de una semana.,negative,2,Home & Kitchen,False
11,Producto de gran calidad. Mi familia quedó encantada.,positive,5,Sports & Outdoors,True
12,Horrible experiencia de compra. No coincide con la descripción.,negative,1,Grocery,True
13,Perfecto para lo que necesitaba. El mejor de su categoría.,positive,5,Books,False
14,Pésima calidad. El producto llegó roto.,negative,1,Sports & Outdoors,False
15,Increíble calidad por este precio. Lo volvería a comprar sin dudarlo.,positive,4,Sports & Outdoors,True
16,Decepción total. Tuve que devolverlo.,negative,2,Fashion,False
17,"Sin quejas, todo perfecto. Lo volvería a comprar sin dudarlo.",positive,5,Office Products,False
18,Producto tal como se describe. Resistente y duradero.,positive,4,Home & Kitchen,True
19,Nada especial pero funciona. Cumple sin brillar.,neutral,3,Fashion,False
20,Llegó dañado y no me reembolsaron. No lo recomendaría a nadie.,negative,2,Pet Supplies,False
21,Producto regular. Cumple sin brillar.,neutral,3,Home & Kitchen,False
22,Muy decepcionado con la compra. El envío tardó demasiado.,negative,2,Office Products,True
23,Producto tal como se describe. El envío fue rápido y el empaque perfecto.,positive,5,Grocery,True
24,No es malo ni bueno. Cumple sin brillar.,neutral,3,Grocery,True
25,Producto tal como se describe. El mejor de su categoría.,positive,4,Electronics,False
26,Increíble calidad por este precio. Mi familia quedó encantada.,positive,4,Toys & Games,True
27,Muy satisfecho con la compra. Resistente y duradero.,positive,4,Home & Kitchen,True
28,Producto tal como se describe. El envío fue rápido y el empaque perfecto.,positive,5,Toys & Games,False
29,Es aceptable por el precio. Cumple sin brillar.,neutral,3,Toys & Games,False
30,Promedio. Es lo que esperaba por ese precio.,neutral,3,Grocery,False
31,Muy satisfecho con la compra. Mi familia quedó encantada.,positive,4,Electronics,True
32,Muy decepcionado con la compra. El producto llegó roto.,negative,1,Books,True
33,Promedio. No destaca en nada.,neutral,3,Grocery,True
34,Lo recomiendo ampliamente. El mejor de su categoría.,positive,5,Fashion,False
35,Cumple con todo lo prometido. Lo compré para un regalo y fue un éxito.,positive,5,Books,True
36,Gran relación calidad-precio. Lo compré para un regalo y fue un éxito.,positive,5,Office Products,False
37,Producto regular. Cumple sin brillar.,neutral,3,Travel,True
38,Cumple con todo lo prometido. Lo uso a diario y funciona perfecto.,positive,5,Books,True
39,Producto de gran calidad. Lo compré para un regalo y fue un éxito.,positive,5,Fashion,False
40,Excedió todas mis expectativas. El mejor de su categoría.,positive,4,Home & Kitchen,True
41,Muy decepcionado con la compra. Se rompió después de una semana.,negative,1,Fashion,False
42,De los mejores productos que he comprado. Lo compré para un regalo y fue un éxito.,positive,4,Electronics,True
43,Perfecto para lo que necesitaba. Resistente y duradero.,positive,5,Toys & Games,False
44,No funciona como se anuncia. Se rompió después de una semana.,negative,2,Toys & Games,True
45,Producto regular. Cumple sin brillar.,neutral,3,Sports & Outdoors,True
46,Producto tal como se describe. El mejor de su categoría.,positive,5,Fashion,True
47,Cumple lo básico. Hay mejores opciones en el mercado.,neutral,3,Home & Kitchen,True
48,Llegó dañado y no me reembolsaron. La atención al cliente fue pésima.,negative,1,Jewelry,True
49,Horrible experiencia de compra. La atención al cliente fue pésima.,negative,1,Office Products,False
50,Es aceptable por el precio. Cumple sin brillar.,neutral,3,Sports & Outdoors,True
51,El mejor que he probado. El diseño es moderno y elegante.,positive,4,Pet Supplies,False
52,Cumple lo básico. No destaca en nada.,neutral,3,Pet Supplies,True
53,Producto tal como se describe. El diseño es moderno y elegante.,positive,4,Fashion,False
54,Es aceptable por el precio. Para uso ocasional está bien.,neutral,3,Toys & Games,True
55,Muy buena compra. El mejor de su categoría.,positive,5,Electronics,False
56,Cumple lo básico. Hay mejores opciones en el mercado.,neutral,3,Toys & Games,True
57,Nada especial pero funciona. Para uso ocasional está bien.,neutral,3,Toys & Games,True
58,Producto diferente al publicado. El envío tardó demasiado.,negative,1,Grocery,False
59,Muy satisfecho con la compra. Lo compré para un regalo y fue un éxito.,positive,4,Toys & Games,True
60,El mejor que he probado. El diseño es moderno y elegante.,positive,4,Fashion,False
61,No vale la pena. El producto llegó roto.,negative,2,Home & Kitchen,True
62,Nada especial pero funciona. Nada excepcional.,neutral,3,Electronics,False
63,Llegó dañado y no me reembolsaron. No coincide con la descripción.,negative,1,Electronics,False
64,Increíble calidad por este precio. Mi familia quedó encantada.,positive,4,Books,True
65,Mala calidad de materiales. Es una pérdida de dinero.,negative,2,Office Products,True
66,Es aceptable por el precio. Hay mejores opciones en el mercado.,neutral,3,Fashion,False
67,Cumple con todo lo prometido. Lo compré para un regalo y fue un éxito.,positive,5,Travel,True
68,Me encanta este producto. La calidad es increíble y llegó antes de lo esperado.,positive,4,Pet Supplies,True
69,Gran relación calidad-precio. El diseño es moderno y elegante.,positive,5,Books,True
70,Me encanta este producto. Mi familia quedó encantada.,positive,4,Toys & Games,True
71,No es malo ni bueno. Para uso ocasional está bien.,neutral,3,Travel,False
72,Producto defectuoso. La atención al cliente fue pésima.,negative,2,Toys & Games,True
73,Producto defectuoso. La atención al cliente fue pésima.,negative,2,Jewelry,False
74,Me encanta este producto. Lo volvería a comprar sin dudarlo.,positive,5,Grocery,True
75,Perfecto para lo que necesitaba. La calidad es increíble y llegó antes de lo esperado.,positive,4,Office Products,True
76,Una estafa total. El material es de mala calidad.,negative,1,Home & Kitchen,False
77,Se rompió a los pocos días. El envío tardó demasiado.,negative,1,Grocery,False
78,Llegó dañado y no me reembolsaron. El envío tardó demasiado.,negative,2,Grocery,True
79,El mejor que he probado. El envío fue rápido y el empaque perfecto.,positive,5,Jewelry,False
80,Perfecto para lo que necesitaba. El diseño es moderno y elegante.,positive,4,Books,False
81,El peor producto que he comprado. Tuve que devolverlo.,negative,2,Pet Supplies,True
82,Producto diferente al publicado. La atención al cliente fue pésima.,negative,1,Toys & Games,False
83,El mejor que he probado. El diseño es moderno y elegante.,positive,4,Books,True
84,Lo recomiendo ampliamente. Resistente y duradero.,positive,4,Jewelry,True
85,"Sin quejas, todo perfecto. Lo compré para un regalo y fue un éxito.",positive,4,Pet Supplies,False
86,Increíble calidad por este precio. Lo uso a diario y funciona perfecto.,positive,4,Office Products,True
87,"Excelente producto, superó mis expectativas. El mejor de su categoría.",positive,5,Books,True
88,El mejor que he probado. El mejor de su categoría.,positive,5,Grocery,False
89,Para el precio está bien. Nada excepcional.,neutral,3,Grocery,False
90,Decepción total. No coincide con la descripción.,negative,2,Pet Supplies,False
91,De los mejores productos que he comprado. El diseño es moderno y elegante.,positive,4,Grocery,False
92,El peor producto que he comprado. La atención al cliente fue pésima.,negative,2,Toys & Games,True
93,Increíble calidad por este precio. El mejor de su categoría.,positive,5,Home & Kitchen,True
94,"Sin quejas, todo perfecto. El envío fue rápido y el empaque perfecto.",positive,5,Books,True
95,Producto tal como se describe. Resistente y duradero.,positive,5,Office Products,True
96,Me encanta este producto. Lo volvería a comprar sin dudarlo.,positive,5,Electronics,False
97,Perfecto para lo que necesitaba. Lo compré para un regalo y fue un éxito.,positive,5,Office Products,True
98,Me encanta este producto. Resistente y duradero.,positive,5,Electronics,False
99,"Sin quejas, todo perfecto. El envío fue rápido y el empaque perfecto.",positive,5,Pet Supplies,True
100,Producto regular. Es lo que esperaba por ese precio.,neutral,3,Jewelry,True
101,Producto de gran calidad. Resistente y duradero.,positive,5,Fashion,True
102,Lo recomiendo ampliamente. Resistente y duradero.,positive,5,Sports & Outdoors,False
103,No lo recomiendo. El material es de mala calidad.,negative,2,Toys & Games,True
104,Gran relación calidad-precio. Muy práctico y fácil de usar.,positive,4,Travel,True
105,Mala calidad de materiales. El producto llegó roto.,negative,1,Books,True
106,Pésima calidad. No coincide con la descripción.,negative,1,Pet Supplies,True
107,El peor producto que he comprado. El envío tardó demasiado.,negative,1,Sports & Outdoors,True
108,Mala calidad de materiales. No coincide con la descripción.,negative,1,Toys & Games,True
109,Horrible experiencia de compra. El material es de mala calidad.,negative,2,Office Products,True
110,Muy satisfecho con la compra. El diseño es moderno y elegante.,positive,4,Travel,True
111,Una estafa total. Es una pérdida de dinero.,negative,1,Office Products,False
112,"Excelente producto, superó mis expectativas. Lo compré para un regalo y fue un éxito.",positive,5,Pet Supplies,True
113,El mejor que he probado. Resistente y duradero.,positive,5,Fashion,False
114,Muy buena compra. El mejor de su categoría.,positive,5,Pet Supplies,False
115,Gran relación calidad-precio. Muy práctico y fácil de usar.,positive,5,Home & Kitchen,False
116,Es aceptable por el precio. Es lo que esperaba por ese precio.,neutral,3,Jewelry,False
117,De los mejores productos que he comprado. Mi familia quedó encantada.,positive,5,Fashion,False
118,Gran relación calidad-precio. El diseño es moderno y elegante.,positive,5,Jewelry,False
119,Muy decepcionado con la compra. Se rompió después de una semana.,negative,1,Office Products,False
120,Se rompió a los pocos días. Tuve que devolverlo.,negative,1,Travel,False
121,Muy satisfecho con la compra. El diseño es moderno y elegante.,positive,4,Books,False
122,Producto diferente al publicado. No lo recomendaría a nadie.,negative,2,Sports & Outdoors,False
123,Llegó dañado y no me reembolsaron. Es una pérdida de dinero.,negative,2,Sports & Outdoors,False
124,No lo recomiendo. El envío tardó demasiado.,negative,2,Books,True
125,Muy decepcionado con la compra. Es una pérdida de dinero.,negative,2,Fashion,True
126,Perfecto para lo que necesitaba. Lo volvería a comprar sin dudarlo.,positive,5,Grocery,False
127,Es aceptable por el precio. Para uso ocasional está bien.,neutral,3,Books,False
128,"Sin quejas, todo perfecto. El mejor de su categoría.",positive,4,Fashion,False
129,Producto tal como se describe. El diseño es moderno y elegante.,positive,4,Fashion,False
130,Muy buena compra. El diseño es moderno y elegante.,positive,4,Pet Supplies,False
131,"Excelente producto, superó mis expectativas. El diseño es moderno y elegante.",positive,4,Pet Supplies,True
132,El peor producto que he comprado. La atención al cliente fue pésima.,negative,2,Jewelry,True
133,Muy satisfecho con la compra. Muy práctico y fácil de usar.,positive,5,Home & Kitchen,False
134,Mala calidad de materiales. Es una pérdida de dinero.,negative,1,Office Products,False
135,No es malo ni bueno. Nada excepcional.,neutral,3,Office Products,False
136,Horrible experiencia de compra. La atención al cliente fue pésima.,negative,1,Books,True
137,Producto de gran calidad. Muy práctico y fácil de usar.,positive,4,Fashion,True
138,Excedió todas mis expectativas. Lo volvería a comprar sin dudarlo.,positive,5,Pet Supplies,False
139,"Sin quejas, todo perfecto. El diseño es moderno y elegante.",positive,5,Pet Supplies,True
140,Mala calidad de materiales. No lo recomendaría a nadie.,negative,2,Travel,True
141,El mejor que he probado. El envío fue rápido y el empaque perfecto.,positive,4,Toys & Games,True
142,Cumple con todo lo prometido. El diseño es moderno y elegante.,positive,4,Jewelry,False
143,"Sin quejas, todo perfecto. El diseño es moderno y elegante.",positive,5,Office Products,False
144,El peor producto que he comprado. La atención al cliente fue pésima.,negative,2,Jewelry,True
145,Promedio. Nada excepcional.,neutral,3,Toys & Games,True
146,Cumple con todo lo prometido. El diseño es moderno y elegante.,positive,4,Jewelry,True
147,El peor producto que he comprado. Es una pérdida de dinero.,negative,1,Travel,False
148,Nada especial pero funciona. Nada excepcional.,neutral,3,Office Products,False
149,Para el precio está bien. Para uso ocasional está bien.,neutral,3,Office Products,False
150,De los mejores productos que he comprado. El envío fue rápido y el empaque perfecto.,positive,4,Sports & Outdoors,False
151,Producto diferente al publicado. El material es de mala calidad.,negative,2,Grocery,True
152,Perfecto para lo que necesitaba. Mi familia quedó encantada.,positive,5,Home & Kitchen,False
153,Producto regular. Cumple sin brillar.,neutral,3,Grocery,False
154,Producto tal como se describe. Mi familia quedó encantada.,positive,4,Jewelry,False
155,Pésima calidad. El envío tardó demasiado.,negative,1,Grocery,True
156,Para el precio está bien. Cumple sin brillar.,neutral,3,Pet Supplies,True
157,"Sin quejas, todo perfecto. El envío fue rápido y el empaque perfecto.",positive,4,Toys & Games,True
158,Pésima calidad. La atención al cliente fue pésima.,negative,1,Pet Supplies,True
159,El peor producto que he comprado. El envío tardó demasiado.,negative,1,Grocery,False
160,Excedió todas mis expectativas. Muy práctico y fácil de usar.,positive,5,Pet Supplies,True
161,De los mejores productos que he comprado. Lo uso a diario y funciona perfecto.,positive,4,Toys & Games,False
162,De los mejores productos que he comprado. La calidad es increíble y llegó antes de lo esperado.,positive,5,Toys & Games,False
163,No funciona para nada. No coincide con la descripción.,negative,2,Pet Supplies,False
164,Excedió todas mis expectativas. Mi familia quedó encantada.,positive,5,Books,True
165,No funciona para nada. El material es de mala calidad.,negative,1,Electronics,False
166,Llegó dañado y no me reembolsaron. No coincide con la descripción.,negative,2,Pet Supplies,True
167,De los mejores productos que he comprado. Lo uso a diario y funciona perfecto.,positive,5,Pet Supplies,True
168,Producto defectuoso. No coincide con la descripción.,negative,2,Office Products,True
169,Gran relación calidad-precio. Lo volvería a comprar sin dudarlo.,positive,5,Office Products,True
170,Funciona pero nada extraordinario. Para uso ocasional está bien.,neutral,3,Travel,False
171,Producto regular. Nada excepcional.,neutral,3,Home & Kitchen,True
172,Pésima calidad. La atención al cliente fue pésima.,negative,2,Office Products,True
173,El peor producto que he comprado. No coincide con la descripción.,negative,1,Toys & Games,True
174,Perfecto para lo que necesitaba. Mi familia quedó encantada.,positive,4,Sports & Outdoors,False
175,Muy buena compra. El envío fue rápido y el empaque perfecto.,positive,5,Fashion,True
176,Muy buena compra. Muy práctico y fácil de usar.,positive,5,Pet Supplies,True
177,Excedió todas mis expectativas. El diseño es moderno y elegante.,positive,5,Travel,True
178,Para el precio está bien. Para uso ocasional está bien.,neutral,3,Travel,True
179,Muy buena compra. El diseño es moderno y elegante.,positive,5,Travel,False
180,No funciona para nada. El envío tardó demasiado.,negative,2,Books,False
181,Cumple lo básico. Hay mejores opciones en el mercado.,neutral,3,Office Products,False
182,Producto defectuoso. El material es de mala calidad.,negative,2,Toys & Games,True
183,Decepción total. No lo recomendaría a nadie.,negative,1,Pet Supplies,False
184,Horrible experiencia de compra. No funciona como se prometía.,negative,1,Books,True
185,Producto diferente al publicado. La atención al cliente fue pésima.,negative,1,Travel,True
186,"Excelente producto, superó mis expectativas. Lo volvería a comprar sin dudarlo.",positive,5,Sports & Outdoors,True
187,Gran relación calidad-precio. Lo compré para un regalo y fue un éxito.,positive,5,Fashion,True
188,Producto tal como se describe. El mejor de su categoría.,positive,5,Toys & Games,True
189,Cumple con todo lo prometido. El diseño es moderno y elegante.,positive,5,Sports & Outdoors,True
190,Producto de gran calidad. Muy práctico y fácil de usar.,positive,4,Travel,False
191,Promedio. No destaca en nada.,neutral,3,Office Products,True
192,Excedió todas mis expectativas. Mi familia quedó encantada.,positive,4,Travel,False
193,Muy decepcionado con la compra. Se rompió después de una semana.,negative,2,Pet Supplies,True
194,Decepción total. No lo recomendaría a nadie.,negative,2,Books,True
195,Decepción total. El envío tardó demasiado.,negative,2,Travel,False
196,"Excelente producto, superó mis expectativas. El diseño es moderno y elegante.",positive,4,Pet Supplies,True
197,Me encanta este producto. Resistente y duradero.,positive,4,Sports & Outdoors,False
198,Decepción total. El material es de mala calidad.,negative,1,Travel,True
199,No lo recomiendo. El producto llegó roto.,negative,2,Sports & Outdoors,True
200,De los mejores productos que he comprado. Mi familia quedó encantada.,positive,4,Home & Kitchen,False
201,Producto defectuoso. El material es de mala calidad.,negative,2,Toys & Games,True
202,Para el precio está bien. No destaca en nada.,neutral,3,Travel,True
203,Producto defectuoso. No funciona como se prometía.,negative,1,Books,True
204,Muy decepcionado con la compra. Es una pérdida de dinero.,negative,1,Books,True
205,Una estafa total. No coincide con la descripción.,negative,1,Jewelry,True
206,Producto de gran calidad. El mejor de su categoría.,positive,4,Toys & Games,True
207,Producto de gran calidad. La calidad es increíble y llegó antes de lo esperado.,positive,4,Sports & Outdoors,True
208,No funciona como se anuncia. El envío tardó demasiado.,negative,1,Electronics,True
209,Se rompió a los pocos días. La atención al cliente fue pésima.,negative,1,Pet Supplies,False
210,El peor producto que he comprado. Es una pérdida de dinero.,negative,1,Books,True
211,El peor producto que he comprado. El producto llegó roto.,negative,2,Electronics,False
212,Producto diferente al publicado. La atención al cliente fue pésima.,negative,2,Pet Supplies,False
213,Gran relación calidad-precio. Lo volvería a comprar sin dudarlo.,positive,4,Fashion,True
214,Me encanta este producto. Lo volvería a comprar sin dudarlo.,positive,5,Grocery,False
215,Muy satisfecho con la compra. Lo uso a diario y funciona perfecto.,positive,5,Travel,True
216,Me encanta este producto. Mi familia quedó encantada.,positive,4,Pet Supplies,False
217,Gran relación calidad-precio. Lo compré para un regalo y fue un éxito.,positive,4,Sports & Outdoors,False
218,El mejor que he probado. Resistente y duradero.,positive,4,Home & Kitchen,True
219,Llegó dañado y no me reembolsaron. La atención al cliente fue pésima.,negative,1,Sports & Outdoors,True
220,Producto diferente al publicado. La atención al cliente fue pésima.,negative,2,Office Products,False
221,Funciona pero nada extraordinario. Cumple sin brillar.,neutral,3,Electronics,False
222,Muy decepcionado con la compra. No lo recomendaría a nadie.,negative,2,Grocery,True
223,Lo recomiendo ampliamente. Lo uso a diario y funciona perfecto.,positive,5,Sports & Outdoors,False
224,Muy buena compra. Muy práctico y fácil de usar.,positive,5,Office Products,True
225,Producto defectuoso. No coincide con la descripción.,negative,2,Toys & Games,False
226,Promedio. No destaca en nada.,neutral,3,Fashion,True
227,Muy decepcionado con la compra. No coincide con la descripción.,negative,2,Travel,True
228,Me encanta este producto. Lo compré para un regalo y fue un éxito.,positive,4,Pet Supplies,False
229,"Sin quejas, todo perfecto. Mi familia quedó encantada.",positive,5,Jewelry,True
230,Nada especial pero funciona. Hay mejores opciones en el mercado.,neutral,3,Jewelry,True
231,El peor producto que he comprado. El material es de mala calidad.,negative,2,Pet Supplies,False
232,Cumple con todo lo prometido. El mejor de su categoría.,positive,4,Home & Kitchen,False
233,El mejor que he probado. Lo volvería a comprar sin dudarlo.,positive,5,Pet Supplies,False
234,Muy buena compra. La calidad es increíble y llegó antes de lo esperado.,positive,5,Electronics,True
235,Cumple con todo lo prometido. El envío fue rápido y el empaque perfecto.,positive,4,Toys & Games,False
236,Excedió todas mis expectativas. Lo compré para un regalo y fue un éxito.,positive,4,Fashion,True
237,Producto tal como se describe. El mejor de su categoría.,positive,4,Travel,False
238,Me encanta este producto. La calidad es increíble y llegó antes de lo esperado.,positive,4,Pet Supplies,True
239,Funciona pero nada extraordinario. Nada excepcional.,neutral,3,Office Products,False
240,"Excelente producto, superó mis expectativas. Mi familia quedó encantada.",positive,5,Fashion,False
241,Muy decepcionado con la compra. El material es de mala calidad.,negative,2,Home & Kitchen,True
242,Producto tal como se describe. Lo uso a diario y funciona perfecto.,positive,5,Office Products,False
243,Una estafa total. No coincide con la descripción.,negative,1,Home & Kitchen,True
244,Decepción total. No funciona como se prometía.,negative,1,Sports & Outdoors,True
245,Perfecto para lo que necesitaba. Muy práctico y fácil de usar.,positive,4,Fashion,True
246,No funciona como se anuncia. Tuve que devolverlo.,negative,1,Pet Supplies,False
247,No funciona para nada. No funciona como se prometía.,negative,2,Fashion,False
248,El mejor que he probado. El diseño es moderno y elegante.,positive,5,Toys & Games,True
249,Perfecto para lo que necesitaba. Resistente y duradero.,positive,4,Pet Supplies,True
250,Muy satisfecho con la compra. Lo uso a diario y funciona perfecto.,positive,5,Jewelry,False
251,Excedió todas mis expectativas. Lo volvería a comprar sin dudarlo.,positive,4,Travel,True
252,Producto tal como se describe. El envío fue rápido y el empaque perfecto.,positive,5,Electronics,False
253,"Sin quejas, todo perfecto. Lo uso a diario y funciona perfecto.",positive,5,Grocery,True
254,Excedió todas mis expectativas. El mejor de su categoría.,positive,5,Grocery,True
255,Me encanta este producto. Lo compré para un regalo y fue un éxito.,positive,5,Sports & Outdoors,True
256,Muy decepcionado con la compra. No funciona como se prometía.,negative,2,Home & Kitchen,False
257,Gran relación calidad-precio. Lo uso a diario y funciona perfecto.,positive,4,Jewelry,True
258,No es malo ni bueno. Cumple sin brillar.,neutral,3,Travel,False
259,Perfecto para lo que necesitaba. El mejor de su categoría.,positive,4,Office Products,False
260,Producto diferente al publicado. El material es de mala calidad.,negative,1,Grocery,False
261,Producto de gran calidad. Muy práctico y fácil de usar.,positive,5,Sports & Outdoors,False
262,Producto de gran calidad. Lo uso a diario y funciona perfecto.,positive,4,Toys & Games,True
263,Producto diferente al publicado. No funciona como se prometía.,negative,1,Jewelry,True
264,No funciona como se anuncia. No coincide con la descripción.,negative,1,Jewelry,True
265,Llegó dañado y no me reembolsaron. No funciona como se prometía.,negative,1,Travel,True
266,No es malo ni bueno. Cumple sin brillar.,neutral,3,Pet Supplies,True
267,Mala calidad de materiales. Tuve que devolverlo.,negative,2,Books,False
268,El peor producto que he comprado. El envío tardó demasiado.,negative,2,Office Products,False
269,Es aceptable por el precio. Nada excepcional.,neutral,3,Fashion,False
270,De los mejores productos que he comprado. Mi familia quedó encantada.,positive,5,Grocery,True
271,No lo recomiendo. La atención al cliente fue pésima.,negative,1,Fashion,False
272,De los mejores productos que he comprado. Lo compré para un regalo y fue un éxito.,positive,4,Home & Kitchen,True
273,Decepción total. El producto llegó roto.,negative,2,Office Products,True
274,Lo recomiendo ampliamente. Lo compré para un regalo y fue un éxito.,positive,5,Home & Kitchen,False
275,Increíble calidad por este precio. Lo uso a diario y funciona perfecto.,positive,5,Travel,False
276,Producto defectuoso. El envío tardó demasiado.,negative,1,Pet Supplies,True
277,El peor producto que he comprado. No lo recomendaría a nadie.,negative,2,Electronics,True
278,De los mejores productos que he comprado. El envío fue rápido y el empaque perfecto.,positive,4,Grocery,False
279,Lo recomiendo ampliamente. El diseño es moderno y elegante.,positive,5,Home & Kitchen,True
280,Muy satisfecho con la compra. Lo uso a diario y funciona perfecto.,positive,5,Pet Supplies,True
281,Se rompió a los pocos días. No coincide con la descripción.,negative,1,Toys & Games,False
282,Lo recomiendo ampliamente. Lo volvería a comprar sin dudarlo.,positive,5,Office Products,True
283,No vale la pena. No funciona como se prometía.,negative,1,Home & Kitchen,True
284,"Excelente producto, superó mis expectativas. Lo compré para un regalo y fue un éxito.",positive,5,Sports & Outdoors,False
285,Mala calidad de materiales. La atención al cliente fue pésima.,negative,2,Sports & Outdoors,True
286,Mala calidad de materiales. No lo recomendaría a nadie.,negative,1,Sports & Outdoors,True
287,De los mejores productos que he comprado. El envío fue rápido y el empaque perfecto.,positive,5,Travel,False
288,Para el precio está bien. Cumple sin brillar.,neutral,3,Fashion,True
289,"Excelente producto, superó mis expectativas. El diseño es moderno y elegante.",positive,5,Books,True
290,Una estafa total. El envío tardó demasiado.,negative,1,Grocery,False
291,Para el precio está bien. Para uso ocasional está bien.,neutral,3,Electronics,True
292,De los mejores productos que he comprado. Mi familia quedó encantada.,positive,4,Toys & Games,True
293,Decepción total. El material es de mala calidad.,negative,2,Pet Supplies,False
294,Excedió todas mis expectativas. Resistente y duradero.,positive,4,Sports & Outdoors,False
295,Muy decepcionado con la compra. El material es de mala calidad.,negative,2,Jewelry,True
296,Muy decepcionado con la compra. La atención al cliente fue pésima.,negative,2,Sports & Outdoors,False
297,Producto de gran calidad. Resistente y duradero.,positive,5,Sports & Outdoors,False
298,Muy buena compra. Lo compré para un regalo y fue un éxito.,positive,5,Toys & Games,True
299,Gran relación calidad-precio. El mejor de su categoría.,positive,5,Travel,True
300,Nada especial pero funciona. Nada excepcional.,neutral,3,Travel,False
301,Lo recomiendo ampliamente. Mi familia quedó encantada.,positive,4,Sports & Outdoors,False
302,Producto regular. Nada excepcional.,neutral,3,Fashion,False
303,Promedio. Es lo que esperaba por ese precio.,neutral,3,Home & Kitchen,True
304,Una estafa total. El envío tardó demasiado.,negative,2,Books,True
305,Excedió todas mis expectativas. El mejor de su categoría.,positive,4,Office Products,True
306,"Sin quejas, todo perfecto. Resistente y duradero.",positive,5,Books,False
307,Pésima calidad. La atención al cliente fue pésima.,negative,2,Fashion,True
308,Muy satisfecho con la compra. Mi familia quedó encantada.,positive,5,Travel,False
309,Decepción total. El envío tardó demasiado.,negative,2,Fashion,True
310,Muy decepcionado con la compra. Se rompió después de una semana.,negative,1,Fashion,True
311,Una estafa total. Es una pérdida de dinero.,negative,1,Jewelry,False
312,Muy buena compra. Lo uso a diario y funciona perfecto.,positive,4,Home & Kitchen,False
313,Producto tal como se describe. Lo compré para un regalo y fue un éxito.,positive,5,Office Products,True
314,El mejor que he probado. Lo uso a diario y funciona perfecto.,positive,5,Pet Supplies,False
315,No funciona como se anuncia. Es una pérdida de dinero.,negative,2,Travel,True
316,Llegó dañado y no me reembolsaron. Es una pérdida de dinero.,negative,1,Electronics,True
317,No funciona como se anuncia. No coincide con la descripción.,negative,2,Sports & Outdoors,True
318,De los mejores productos que he comprado. Lo uso a diario y funciona perfecto.,positive,5,Toys & Games,True
319,No funciona como se anuncia. El envío tardó demasiado.,negative,2,Jewelry,True
320,Horrible experiencia de compra. No lo recomendaría a nadie.,negative,1,Fashion,True
321,No funciona para nada. No lo recomendaría a nadie.,negative,2,Electronics,True
322,El mejor que he probado. Muy práctico y fácil de usar.,positive,5,Jewelry,False
323,El peor producto que he comprado. Es una pérdida de dinero.,negative,1,Toys & Games,False
324,Perfecto para lo que necesitaba. Resistente y duradero.,positive,5,Home & Kitchen,True
325,Excedió todas mis expectativas. Resistente y duradero.,positive,5,Books,False
326,No funciona para nada. No funciona como se prometía.,negative,2,Sports & Outdoors,False
327,Producto tal como se describe. El mejor de su categoría.,positive,5,Home & Kitchen,False
328,Perfecto para lo que necesitaba. Resistente y duradero.,positive,4,Books,True
329,Me encanta este producto. Lo volvería a comprar sin dudarlo.,positive,5,Office Products,True
330,Nada especial pero funciona. Para uso ocasional está bien.,neutral,3,Jewelry,False
331,Excedió todas mis expectativas. El mejor de su categoría.,positive,4,Pet Supplies,False
332,Para el precio está bien. No destaca en nada.,neutral,3,Home & Kitchen,False
333,Pésima calidad. No lo recomendaría a nadie.,negative,1,Sports & Outdoors,True
334,Muy buena compra. Resistente y duradero.,positive,5,Toys & Games,True
335,No funciona como se anuncia. El envío tardó demasiado.,negative,2,Sports & Outdoors,False
336,"Excelente producto, superó mis expectativas. Lo volvería a comprar sin dudarlo.",positive,5,Grocery,True
337,Muy satisfecho con la compra. Lo compré para un regalo y fue un éxito.,positive,5,Grocery,False
338,No funciona para nada. No lo recomendaría a nadie.,negative,2,Travel,True
339,Me encanta este producto. Mi familia quedó encantada.,positive,4,Sports & Outdoors,False
340,Horrible experiencia de compra. Es una pérdida de dinero.,negative,1,Office Products,True
341,"Sin quejas, todo perfecto. Mi familia quedó encantada.",positive,4,Pet Supplies,False
342,Gran relación calidad-precio. Lo volvería a comprar sin dudarlo.,positive,4,Sports & Outdoors,True
343,Muy buena compra. Mi familia quedó encantada.,positive,5,Grocery,False
344,El peor producto que he comprado. El producto llegó roto.,negative,2,Sports & Outdoors,False
345,Horrible experiencia de compra. El envío tardó demasiado.,negative,2,Travel,True
346,Producto diferente al publicado. No lo recomendaría a nadie.,negative,2,Jewelry,True
347,No funciona como se anuncia. Es una pérdida de dinero.,negative,2,Travel,False
348,"Excelente producto, superó mis expectativas. Lo volvería a comprar sin dudarlo.",positive,4,Home & Kitchen,True
349,Me encanta este producto. El envío fue rápido y el empaque perfecto.,positive,5,Office Products,True
350,De los mejores productos que he comprado. La calidad es increíble y llegó antes de lo esperado.,positive,5,Fashion,True
351,No vale la pena. El material es de mala calidad.,negative,2,Sports & Outdoors,True
352,Producto tal como se describe. Mi familia quedó encantada.,positive,5,Travel,False
353,Pésima calidad. El envío tardó demasiado.,negative,1,Grocery,False
354,Cumple con todo lo prometido. El diseño es moderno y elegante.,positive,5,Books,False
355,Producto tal como se describe. El diseño es moderno y elegante.,positive,5,Toys & Games,True
356,Decepción total. El material es de mala calidad.,negative,2,Sports & Outdoors,True
357,"Sin quejas, todo perfecto. Lo uso a diario y funciona perfecto.",positive,5,Sports & Outdoors,False
358,Pésima calidad. Se rompió después de una semana.,negative,2,Grocery,False
359,No es malo ni bueno. Hay mejores opciones en el mercado.,neutral,3,Home & Kitchen,True
360,El mejor que he probado. Muy práctico y fácil de usar.,positive,4,Electronics,True
361,Muy satisfecho con la compra. El envío fue rápido y el empaque perfecto.,positive,5,Electronics,True
362,Excedió todas mis expectativas. Muy práctico y fácil de usar.,positive,5,Toys & Games,False
363,Increíble calidad por este precio. Lo uso a diario y funciona perfecto.,positive,4,Travel,True
364,Decepción total. No coincide con la descripción.,negative,1,Office Products,True
365,Producto regular. Es lo que esperaba por ese precio.,neutral,3,Pet Supplies,True
366,No es malo ni bueno. No destaca en nada.,neutral,3,Electronics,False
367,Decepción total. No funciona como se prometía.,negative,1,Toys & Games,False
368,Para el precio está bien. Hay mejores opciones en el mercado.,neutral,3,Grocery,False
369,Gran relación calidad-precio. El envío fue rápido y el empaque perfecto.,positive,4,Pet Supplies,False
370,Se rompió a los pocos días. No funciona como se prometía.,negative,1,Toys & Games,True
371,De los mejores productos que he comprado. Lo compré para un regalo y fue un éxito.,positive,5,Grocery,False
372,Producto de gran calidad. El envío fue rápido y el empaque perfecto.,positive,4,Pet Supplies,False
373,Producto regular. Para uso ocasional está bien.,neutral,3,Office Products,True
374,Gran relación calidad-precio. El diseño es moderno y elegante.,positive,5,Jewelry,True
375,"Sin quejas, todo perfecto. Muy práctico y fácil de usar.",positive,5,Electronics,True
376,Me encanta este producto. El mejor de su categoría.,positive,4,Toys & Games,True
377,Una estafa total. No lo recomendaría a nadie.,negative,2,Books,True
378,Para el precio está bien. Hay mejores opciones en el mercado.,neutral,3,Pet Supplies,False
379,Cumple con todo lo prometido. El mejor de su categoría.,positive,5,Travel,True
380,No vale la pena. Tuve que devolverlo.,negative,1,Grocery,False
381,"Excelente producto, superó mis expectativas. El mejor de su categoría.",positive,4,Grocery,True
382,No funciona como se anuncia. No funciona como se prometía.,negative,1,Grocery,False
383,"Sin quejas, todo perfecto. Lo volvería a comprar sin dudarlo.",positive,4,Pet Supplies,True
384,Para el precio está bien. No destaca en nada.,neutral,3,Pet Supplies,True
385,Horrible experiencia de compra. El producto llegó roto.,negative,2,Grocery,False
386,Se rompió a los pocos días. El producto llegó roto.,negative,2,Office Products,False
387,Horrible experiencia de compra. La atención al cliente fue pésima.,negative,1,Electronics,False
388,Producto tal como se describe. La calidad es increíble y llegó antes de lo esperado.,positive,4,Home & Kitchen,False
389,Producto de gran calidad. El envío fue rápido y el empaque perfecto.,positive,5,Travel,False
390,Excedió todas mis expectativas. Lo compré para un regalo y fue un éxito.,positive,5,Office Products,True
391,Producto diferente al publicado. No funciona como se prometía.,negative,1,Home & Kitchen,True
392,Funciona pero nada extraordinario. Nada excepcional.,neutral,3,Fashion,True
393,No lo recomiendo. Tuve que devolverlo.,negative,1,Travel,False
394,Pésima calidad. Tuve que devolverlo.,negative,1,Sports & Outdoors,True
395,"Excelente producto, superó mis expectativas. Lo compré para un regalo y fue un éxito.",positive,4,Jewelry,True
396,Muy satisfecho con la compra. Lo volvería a comprar sin dudarlo.,positive,4,Electronics,False
397,Pésima calidad. El producto llegó roto.,negative,1,Office Products,False
398,Cumple con todo lo prometido. La calidad es increíble y llegó antes de lo esperado.,positive,4,Fashion,False
399,Muy buena compra. Lo volvería a comprar sin dudarlo.,positive,5,Travel,False
400,El mejor que he probado. El mejor de su categoría.,positive,4,Books,False
401,Producto tal como se describe. Lo volvería a comprar sin dudarlo.,positive,4,Fashion,False
402,Una estafa total. El material es de mala calidad.,negative,1,Grocery,False
403,No funciona como se anuncia. El envío tardó demasiado.,negative,2,Office Products,True
404,Pésima calidad. Se rompió después de una semana.,negative,2,Toys & Games,True
405,No vale la pena. El material es de mala calidad.,negative,1,Office Products,True
406,Lo recomiendo ampliamente. Mi familia quedó encantada.,positive,5,Travel,True
407,Promedio. No destaca en nada.,neutral,3,Grocery,True
408,El mejor que he probado. Lo volvería a comprar sin dudarlo.,positive,5,Jewelry,True
409,Es aceptable por el precio. Nada excepcional.,neutral,3,Travel,True
410,Perfecto para lo que necesitaba. La calidad es increíble y llegó antes de lo esperado.,positive,5,Books,True
411,Cumple lo básico. Cumple sin brillar.,neutral,3,Pet Supplies,True
412,Llegó dañado y no me reembolsaron. Se rompió después de una semana.,negative,1,Grocery,False
413,El peor producto que he comprado. Es una pérdida de dinero.,negative,2,Travel,False
414,Producto tal como se describe. Resistente y duradero.,positive,5,Pet Supplies,True
415,Mala calidad de materiales. No funciona como se prometía.,negative,2,Books,False
416,Muy buena compra. Muy práctico y fácil de usar.,positive,4,Fashion,True
417,Perfecto para lo que necesitaba. El envío fue rápido y el empaque perfecto.,positive,5,Books,False
418,Excedió todas mis expectativas. El mejor de su categoría.,positive,4,Travel,False
419,"Sin quejas, todo perfecto. Resistente y duradero.",positive,5,Pet Supplies,True
420,No funciona como se anuncia. No coincide con la descripción.,negative,2,Grocery,False
421,Producto tal como se describe. La calidad es increíble y llegó antes de lo esperado.,positive,4,Home & Kitchen,True
422,No funciona como se anuncia. Se rompió después de una semana.,negative,2,Home & Kitchen,True
423,Gran relación calidad-precio. La calidad es increíble y llegó antes de lo esperado.,positive,5,Jewelry,False
424,Producto defectuoso. Es una pérdida de dinero.,negative,1,Grocery,False
425,Producto tal como se describe. El diseño es moderno y elegante.,positive,5,Electronics,False
426,Muy decepcionado con la compra. La atención al cliente fue pésima.,negative,1,Grocery,True
427,De los mejores productos que he comprado. Mi familia quedó encantada.,positive,5,Toys & Games,False
428,Excedió todas mis expectativas. Lo volvería a comprar sin dudarlo.,positive,5,Books,True
429,El mejor que he probado. La calidad es increíble y llegó antes de lo esperado.,positive,4,Home & Kitchen,False
430,"Excelente producto, superó mis expectativas. La calidad es increíble y llegó antes de lo esperado.",positive,5,Fashion,True
431,El mejor que he probado. Mi familia quedó encantada.,positive,5,Jewelry,True
432,Producto regular. Hay mejores opciones en el mercado.,neutral,3,Books,False
433,El mejor que he probado. El diseño es moderno y elegante.,positive,4,Grocery,True
434,"Excelente producto, superó mis expectativas. Muy práctico y fácil de usar.",positive,5,Jewelry,True
435,Decepción total. La atención al cliente fue pésima.,negative,2,Toys & Games,True
436,Producto diferente al publicado. Es una pérdida de dinero.,negative,2,Sports & Outdoors,False
437,Mala calidad de materiales. La atención al cliente fue pésima.,negative,1,Grocery,False
438,Lo recomiendo ampliamente. Lo uso a diario y funciona perfecto.,positive,5,Sports & Outdoors,False
439,Promedio. No destaca en nada.,neutral,3,Travel,False
440,El peor producto que he comprado. Se rompió después de una semana.,negative,2,Sports & Outdoors,False
441,Muy satisfecho con la compra. Lo volvería a comprar sin dudarlo.,positive,5,Toys & Games,True
442,No lo recomiendo. No coincide con la descripción.,negative,1,Office Products,True
443,Una estafa total. La atención al cliente fue pésima.,negative,2,Home & Kitchen,True
444,Para el precio está bien. Para uso ocasional está bien.,neutral,3,Toys & Games,True
445,Me encanta este producto. Resistente y duradero.,positive,4,Grocery,False
446,Gran relación calidad-precio. El mejor de su categoría.,positive,4,Home & Kitchen,False
447,Producto regular. Para uso ocasional está bien.,neutral,3,Office Products,False
448,Horrible experiencia de compra. Es una pérdida de dinero.,negative,1,Fashion,False
449,Perfecto para lo que necesitaba. El diseño es moderno y elegante.,positive,5,Pet Supplies,True
450,Perfecto para lo que necesitaba. Lo compré para un regalo y fue un éxito.,positive,5,Toys & Games,False
451,No lo recomiendo. Se rompió después de una semana.,negative,2,Travel,False
452,El peor producto que he comprado. La atención al cliente fue pésima.,negative,1,Fashion,False
453,Gran relación calidad-precio. Lo volvería a comprar sin dudarlo.,positive,5,Office Products,False
454,De los mejores productos que he comprado. Lo volvería a comprar sin dudarlo.,positive,5,Fashion,False
455,Excedió todas mis expectativas. Mi familia quedó encantada.,positive,4,Fashion,False
456,No es malo ni bueno. Cumple sin brillar.,neutral,3,Travel,False
457,Es aceptable por el precio. Para uso ocasional está bien.,neutral,3,Office Products,False
458,Una estafa total. La atención al cliente fue pésima.,negative,2,Jewelry,True
459,Producto diferente al publicado. Es una pérdida de dinero.,negative,1,Electronics,False
460,Es aceptable por el precio. Es lo que esperaba por ese precio.,neutral,3,Toys & Games,True
461,Producto diferente al publicado. Tuve que devolverlo.,negative,2,Fashion,False
462,"Sin quejas, todo perfecto. Lo compré para un regalo y fue un éxito.",positive,4,Office Products,True
463,Muy buena compra. Lo compré para un regalo y fue un éxito.,positive,5,Grocery,False
464,Se rompió a los pocos días. Es una pérdida de dinero.,negative,2,Jewelry,True
465,El mejor que he probado. Mi familia quedó encantada.,positive,4,Fashion,True
466,Mala calidad de materiales. No funciona como se prometía.,negative,2,Office Products,True
467,Lo recomiendo ampliamente. El mejor de su categoría.,positive,5,Grocery,True
468,Excedió todas mis expectativas. Lo volvería a comprar sin dudarlo.,positive,5,Grocery,True
469,Excedió todas mis expectativas. Lo uso a diario y funciona perfecto.,positive,4,Toys & Games,False
470,Cumple lo básico. No destaca en nada.,neutral,3,Fashion,False
471,Cumple con todo lo prometido. Muy práctico y fácil de usar.,positive,5,Grocery,False
472,Excedió todas mis expectativas. Resistente y duradero.,positive,4,Sports & Outdoors,True
473,"Excelente producto, superó mis expectativas. Mi familia quedó encantada.",positive,4,Travel,True
474,Decepción total. Se rompió después de una semana.,negative,1,Grocery,True
475,No vale la pena. El material es de mala calidad.,negative,2,Pet Supplies,True
476,No funciona como se anuncia. El material es de mala calidad.,negative,1,Office Products,True
477,El peor producto que he comprado. No lo recomendaría a nadie.,negative,1,Office Products,False
478,Lo recomiendo ampliamente. El diseño es moderno y elegante.,positive,4,Home & Kitchen,True
479,Una estafa total. No funciona como se prometía.,negative,1,Books,False
480,Producto tal como se describe. Mi familia quedó encantada.,positive,5,Jewelry,False
481,Una estafa total. No funciona como se prometía.,negative,1,Pet Supplies,True
482,Decepción total. No lo recomendaría a nadie.,negative,2,Jewelry,True
483,Muy decepcionado con la compra. Se rompió después de una semana.,negative,2,Toys & Games,True
484,Producto tal como se describe. Lo compré para un regalo y fue un éxito.,positive,4,Office Products,True
485,No funciona como se anuncia. Tuve que devolverlo.,negative,2,Travel,True
486,No lo recomiendo. No coincide con la descripción.,negative,2,Fashion,False
487,No funciona para nada. No funciona como se prometía.,negative,1,Electronics,False
488,Producto tal como se describe. El mejor de su categoría.,positive,5,Travel,False
489,Me encanta este producto. Resistente y duradero.,positive,5,Pet Supplies,True
490,Cumple con todo lo prometido. Muy práctico y fácil de usar.,positive,4,Toys & Games,True
491,Producto de gran calidad. Resistente y duradero.,positive,5,Jewelry,False
492,Horrible experiencia de compra. La atención al cliente fue pésima.,negative,1,Toys & Games,False
493,Mala calidad de materiales. Tuve que devolverlo.,negative,1,Grocery,True
494,Cumple lo básico. Cumple sin brillar.,neutral,3,Travel,True
495,Excedió todas mis expectativas. El diseño es moderno y elegante.,positive,4,Sports & Outdoors,True
496,Cumple con todo lo prometido. Muy práctico y fácil de usar.,positive,4,Books,False
497,Funciona pero nada extraordinario. Hay mejores opciones en el mercado.,neutral,3,Jewelry,True
498,Mala calidad de materiales. El producto llegó roto.,negative,1,Jewelry,False
499,Una estafa total. El envío tardó demasiado.,negative,1,Toys & Games,False
500,Cumple lo básico. Hay mejores opciones en el mercado.,neutral,3,Office Products,True
501,Nada especial pero funciona. Cumple sin brillar.,neutral,3,Fashion,True
502,De los mejores productos que he comprado. Muy práctico y fácil de usar.,positive,5,Travel,False
503,El mejor que he probado. Lo compré para un regalo y fue un éxito.,positive,5,Office Products,False
504,Me encanta este producto. El mejor de su categoría.,positive,4,Toys & Games,False
505,Gran relación calidad-precio. Lo volvería a comprar sin dudarlo.,positive,5,Electronics,True
506,Producto diferente al publicado. No funciona como se prometía.,negative,2,Home & Kitchen,False
507,De los mejores productos que he comprado. Muy práctico y fácil de usar.,positive,5,Pet Supplies,False
508,Gran relación calidad-precio. El mejor de su categoría.,positive,5,Jewelry,True
509,Mala calidad de materiales. No funciona como se prometía.,negative,2,Travel,True
510,"Excelente producto, superó mis expectativas. Lo uso a diario y funciona perfecto.",positive,5,Fashion,False
511,Lo recomiendo ampliamente. El envío fue rápido y el empaque perfecto.,positive,5,Travel,False
512,Muy satisfecho con la compra. Mi familia quedó encantada.,positive,5,Toys & Games,True
513,"Excelente producto, superó mis expectativas. Lo compré para un regalo y fue un éxito.",positive,4,Travel,False
514,Llegó dañado y no me reembolsaron. La atención al cliente fue pésima.,negative,1,Home & Kitchen,True
515,Producto de gran calidad. Lo volvería a comprar sin dudarlo.,positive,4,Books,False
516,De los mejores productos que he comprado. Lo uso a diario y funciona perfecto.,positive,5,Office Products,True
517,Me encanta este producto. Lo uso a diario y funciona perfecto.,positive,4,Home & Kitchen,True
518,Producto de gran calidad. Lo compré para un regalo y fue un éxito.,positive,5,Fashion,True
519,Muy buena compra. El envío fue rápido y el empaque perfecto.,positive,4,Pet Supplies,False
520,Decepción total. El material es de mala calidad.,negative,1,Jewelry,False
521,Cumple lo básico. No destaca en nada.,neutral,3,Fashion,True
522,Una estafa total. El material es de mala calidad.,negative,2,Sports & Outdoors,True
523,Lo recomiendo ampliamente. El mejor de su categoría.,positive,4,Jewelry,False
524,No funciona para nada. El envío tardó demasiado.,negative,1,Books,True
525,Producto diferente al publicado. El producto llegó roto.,negative,2,Books,False
526,Excedió todas mis expectativas. Lo volvería a comprar sin dudarlo.,positive,4,Home & Kitchen,True
527,Promedio. Hay mejores opciones en el mercado.,neutral,3,Office Products,False
528,Cumple con todo lo prometido. Resistente y duradero.,positive,4,Home & Kitchen,True
529,No lo recomiendo. Se rompió después de una semana.,negative,1,Electronics,True
530,Funciona pero nada extraordinario. Nada excepcional.,neutral,3,Toys & Games,False
531,Muy satisfecho con la compra. El mejor de su categoría.,positive,5,Grocery,True
532,Muy satisfecho con la compra. El mejor de su categoría.,positive,5,Books,True
533,Horrible experiencia de compra. La atención al cliente fue pésima.,negative,2,Toys & Games,False
534,Producto defectuoso. Se rompió después de una semana.,negative,1,Home & Kitchen,False
535,Perfecto para lo que necesitaba. El envío fue rápido y el empaque perfecto.,positive,4,Home & Kitchen,True
536,No funciona como se anuncia. Tuve que devolverlo.,negative,1,Sports & Outdoors,False
537,"Sin quejas, todo perfecto. El diseño es moderno y elegante.",positive,4,Home & Kitchen,True
538,Perfecto para lo que necesitaba. El mejor de su categoría.,positive,5,Home & Kitchen,False
539,El peor producto que he comprado. Tuve que devolverlo.,negative,1,Grocery,False
540,Gran relación calidad-precio. El envío fue rápido y el empaque perfecto.,positive,4,Toys & Games,True
541,Cumple lo básico. Hay mejores opciones en el mercado.,neutral,3,Grocery,True
542,Lo recomiendo ampliamente. La calidad es increíble y llegó antes de lo esperado.,positive,4,Pet Supplies,False
543,Producto de gran calidad. La calidad es increíble y llegó antes de lo esperado.,positive,4,Grocery,False
544,Me encanta este producto. Mi familia quedó encantada.,positive,4,Toys & Games,True
545,No vale la pena. El producto llegó roto.,negative,1,Fashion,True
546,Llegó dañado y no me reembolsaron. La atención al cliente fue pésima.,negative,1,Pet Supplies,False
547,Una estafa total. La atención al cliente fue pésima.,negative,2,Grocery,False
548,Perfecto para lo que necesitaba. Lo volvería a comprar sin dudarlo.,positive,4,Toys & Games,True
549,Cumple con todo lo prometido. Muy práctico y fácil de usar.,positive,5,Grocery,True
550,"Excelente producto, superó mis expectativas. Muy práctico y fácil de usar.",positive,5,Grocery,False
551,Una estafa total. El producto llegó roto.,negative,1,Travel,False
552,Muy decepcionado con la compra. Se rompió después de una semana.,negative,2,Grocery,True
553,Producto de gran calidad. El diseño es moderno y elegante.,positive,4,Home & Kitchen,True
554,Funciona pero nada extraordinario. Cumple sin brillar.,neutral,3,Sports & Outdoors,False
555,Cumple lo básico. Nada excepcional.,neutral,3,Home & Kitchen,True
556,Muy decepcionado con la compra. No lo recomendaría a nadie.,negative,2,Jewelry,True
557,Lo recomiendo ampliamente. El diseño es moderno y elegante.,positive,4,Toys & Games,False
558,Funciona pero nada extraordinario. Cumple sin brillar.,neutral,3,Sports & Outdoors,False
559,Muy satisfecho con la compra. Muy práctico y fácil de usar.,positive,4,Fashion,True
560,Excedió todas mis expectativas. Resistente y duradero.,positive,4,Sports & Outdoors,False
561,Cumple con todo lo prometido. Muy práctico y fácil de usar.,positive,5,Pet Supplies,False
562,Muy satisfecho con la compra. El envío fue rápido y el empaque perfecto.,positive,4,Travel,False
563,Pésima calidad. No funciona como se prometía.,negative,1,Fashion,True
564,Llegó dañado y no me reembolsaron. Es una pérdida de dinero.,negative,2,Electronics,False
565,"Excelente producto, superó mis expectativas. Lo compré para un regalo y fue un éxito.",positive,4,Pet Supplies,True
566,Cumple con todo lo prometido. El envío fue rápido y el empaque perfecto.,positive,4,Home & Kitchen,True
567,Producto de gran calidad. Muy práctico y fácil de usar.,positive,4,Office Products,False
568,Horrible experiencia de compra. No lo recomendaría a nadie.,negative,1,Toys & Games,True
569,Lo recomiendo ampliamente. Resistente y duradero.,positive,4,Fashion,True
570,Promedio. No destaca en nada.,neutral,3,Electronics,False
571,De los mejores productos que he comprado. Lo compré para un regalo y fue un éxito.,positive,5,Pet Supplies,True
572,Producto de gran calidad. Mi familia quedó encantada.,positive,5,Books,True
573,Increíble calidad por este precio. El envío fue rápido y el empaque perfecto.,positive,5,Electronics,True
574,Llegó dañado y no me reembolsaron. Es una pérdida de dinero.,negative,2,Pet Supplies,True
575,Producto de gran calidad. Lo compré para un regalo y fue un éxito.,positive,5,Books,True
576,Llegó dañado y no me reembolsaron. No funciona como se prometía.,negative,1,Pet Supplies,False
577,Me encanta este producto. El diseño es moderno y elegante.,positive,5,Fashion,True
578,"Excelente producto, superó mis expectativas. El diseño es moderno y elegante.",positive,4,Electronics,False
579,No funciona como se anuncia. La atención al cliente fue pésima.,negative,1,Books,True
580,Cumple con todo lo prometido. Muy práctico y fácil de usar.,positive,4,Jewelry,False
581,Producto de gran calidad. Muy práctico y fácil de usar.,positive,4,Jewelry,False
582,Decepción total. No lo recomendaría a nadie.,negative,2,Electronics,False
583,Nada especial pero funciona. Nada excepcional.,neutral,3,Books,False
584,El peor producto que he comprado. El producto llegó roto.,negative,1,Home & Kitchen,True
585,"Excelente producto, superó mis expectativas. El mejor de su categoría.",positive,4,Pet Supplies,True
586,Cumple con todo lo prometido. El envío fue rápido y el empaque perfecto.,positive,4,Sports & Outdoors,True
587,Promedio. No destaca en nada.,neutral,3,Electronics,True
588,Mala calidad de materiales. La atención al cliente fue pésima.,negative,1,Grocery,False
589,Promedio. Cumple sin brillar.,neutral,3,Travel,False
590,No lo recomiendo. No funciona como se prometía.,negative,2,Fashion,True
591,Mala calidad de materiales. Tuve que devolverlo.,negative,2,Travel,False
592,Lo recomiendo ampliamente. Lo volvería a comprar sin dudarlo.,positive,5,Fashion,False
593,Producto de gran calidad. El envío fue rápido y el empaque perfecto.,positive,5,Electronics,False
594,Producto regular. Hay mejores opciones en el mercado.,neutral,3,Jewelry,False
595,Es aceptable por el precio. Cumple sin brillar.,neutral,3,Jewelry,True
596,Nada especial pero funciona. Para uso ocasional está bien.,neutral,3,Home & Kitchen,True
597,Producto de gran calidad. Lo uso a diario y funciona perfecto.,positive,5,Travel,False
598,Lo recomiendo ampliamente. Muy práctico y fácil de usar.,positive,5,Home & Kitchen,False
599,"Sin quejas, todo perfecto. La calidad es increíble y llegó antes de lo esperado.",positive,4,Electronics,False
600,Producto de gran calidad. Lo compré para un regalo y fue un éxito.,positive,5,Pet Supplies,False
601,Muy satisfecho con la compra. Resistente y duradero.,positive,5,Jewelry,True
602,Cumple con todo lo prometido. La calidad es increíble y llegó antes de lo esperado.,positive,4,Toys & Games,True
603,Muy satisfecho con la compra. Mi familia quedó encantada.,positive,4,Fashion,False
604,Producto tal como se describe. Lo uso a diario y funciona perfecto.,positive,4,Sports & Outdoors,False
605,Producto diferente al publicado. No coincide con la descripción.,negative,2,Jewelry,False
606,Gran relación calidad-precio. Muy práctico y fácil de usar.,positive,4,Books,False
607,Producto diferente al publicado. El envío tardó demasiado.,negative,2,Toys & Games,True
608,Muy buena compra. El mejor de su categoría.,positive,5,Pet Supplies,True
609,Me encanta este producto. Lo uso a diario y funciona perfecto.,positive,4,Toys & Games,False
610,Lo recomiendo ampliamente. El envío fue rápido y el empaque perfecto.,positive,4,Travel,False
611,Para el precio está bien. No destaca en nada.,neutral,3,Toys & Games,False
612,Muy satisfecho con la compra. El mejor de su categoría.,positive,5,Office Products,True
613,Gran relación calidad-precio. El envío fue rápido y el empaque perfecto.,positive,5,Pet Supplies,True
614,Perfecto para lo que necesitaba. Muy práctico y fácil de usar.,positive,5,Toys & Games,True
615,Muy satisfecho con la compra. Mi familia quedó encantada.,positive,4,Grocery,False
616,Es aceptable por el precio. Nada excepcional.,neutral,3,Electronics,False
617,No vale la pena. Tuve que devolverlo.,negative,2,Jewelry,True
618,Me encanta este producto. La calidad es increíble y llegó antes de lo esperado.,positive,4,Grocery,True
619,Producto de gran calidad. El envío fue rápido y el empaque perfecto.,positive,5,Books,True
620,Muy satisfecho con la compra. Lo compré para un regalo y fue un éxito.,positive,5,Books,True
621,Una estafa total. La atención al cliente fue pésima.,negative,2,Home & Kitchen,False
622,No funciona para nada. El envío tardó demasiado.,negative,2,Grocery,False
623,Producto regular. Cumple sin brillar.,neutral,3,Jewelry,False
624,Producto de gran calidad. Lo volvería a comprar sin dudarlo.,positive,4,Jewelry,True
625,Cumple lo básico. Para uso ocasional está bien.,neutral,3,Grocery,False
626,No es malo ni bueno. Es lo que esperaba por ese precio.,neutral,3,Travel,False
627,Producto defectuoso. No coincide con la descripción.,negative,2,Toys & Games,False
628,"Excelente producto, superó mis expectativas. Lo compré para un regalo y fue un éxito.",positive,5,Sports & Outdoors,True
629,Increíble calidad por este precio. El diseño es moderno y elegante.,positive,5,Sports & Outdoors,True
630,Perfecto para lo que necesitaba. El diseño es moderno y elegante.,positive,5,Pet Supplies,True
631,Es aceptable por el precio. Hay mejores opciones en el mercado.,neutral,3,Toys & Games,False
632,No lo recomiendo. El material es de mala calidad.,negative,2,Jewelry,True
633,Increíble calidad por este precio. Lo compré para un regalo y fue un éxito.,positive,4,Pet Supplies,False
634,Muy decepcionado con la compra. El envío tardó demasiado.,negative,1,Grocery,False
635,Producto de gran calidad. Muy práctico y fácil de usar.,positive,4,Books,True
636,"Excelente producto, superó mis expectativas. Mi familia quedó encantada.",positive,5,Books,False
637,Producto tal como se describe. Lo compré para un regalo y fue un éxito.,positive,5,Travel,True
638,Una estafa total. Tuve que devolverlo.,negative,1,Jewelry,False
639,Muy buena compra. El mejor de su categoría.,positive,5,Sports & Outdoors,False
640,"Sin quejas, todo perfecto. Lo uso a diario y funciona perfecto.",positive,5,Toys & Games,True
641,De los mejores productos que he comprado. Lo volvería a comprar sin dudarlo.,positive,4,Books,True
642,No lo recomiendo. El material es de mala calidad.,negative,1,Grocery,True
643,Producto regular. Es lo que esperaba por ese precio.,neutral,3,Fashion,True
644,Pésima calidad. El envío tardó demasiado.,negative,1,Jewelry,False
645,Llegó dañado y no me reembolsaron. El material es de mala calidad.,negative,2,Sports & Outdoors,False
646,Perfecto para lo que necesitaba. El mejor de su categoría.,positive,5,Jewelry,False
647,No vale la pena. No funciona como se prometía.,negative,1,Grocery,False
648,Excedió todas mis expectativas. Lo uso a diario y funciona perfecto.,positive,4,Sports & Outdoors,False
649,No lo recomiendo. El envío tardó demasiado.,negative,2,Books,True
650,Decepción total. El producto llegó roto.,negative,1,Jewelry,False
651,Se rompió a los pocos días. El producto llegó roto.,negative,1,Travel,False
652,No es malo ni bueno. Es lo que esperaba por ese precio.,neutral,3,Office Products,False
653,Una estafa total. Se rompió después de una semana.,negative,1,Travel,False
654,Promedio. Nada excepcional.,neutral,3,Toys & Games,True
655,No lo recomiendo. La atención al cliente fue pésima.,negative,1,Pet Supplies,True
656,Producto diferente al publicado. No funciona como se prometía.,negative,1,Travel,True
657,"Sin quejas, todo perfecto. El diseño es moderno y elegante.",positive,4,Office Products,False
658,Excedió todas mis expectativas. Lo uso a diario y funciona perfecto.,positive,5,Pet Supplies,True
659,Cumple lo básico. Es lo que esperaba por ese precio.,neutral,3,Books,True
660,Funciona pero nada extraordinario. Nada excepcional.,neutral,3,Toys & Games,False
661,Producto de gran calidad. Muy práctico y fácil de usar.,positive,4,Sports & Outdoors,False
662,Para el precio está bien. Hay mejores opciones en el mercado.,neutral,3,Sports & Outdoors,True
663,Una estafa total. No coincide con la descripción.,negative,2,Sports & Outdoors,True
664,Lo recomiendo ampliamente. El envío fue rápido y el empaque perfecto.,positive,5,Jewelry,True
665,Producto de gran calidad. Lo volvería a comprar sin dudarlo.,positive,4,Office Products,False
666,Me encanta este producto. La calidad es increíble y llegó antes de lo esperado.,positive,5,Electronics,True
667,Decepción total. No funciona como se prometía.,negative,1,Grocery,True
668,El mejor que he probado. Muy práctico y fácil de usar.,positive,4,Books,False
669,Me encanta este producto. El mejor de su categoría.,positive,4,Jewelry,False
670,Perfecto para lo que necesitaba. El diseño es moderno y elegante.,positive,4,Pet Supplies,False
671,Gran relación calidad-precio. Resistente y duradero.,positive,4,Sports & Outdoors,True
672,"Excelente producto, superó mis expectativas. Muy práctico y fácil de usar.",positive,5,Books,True
673,Muy buena compra. El mejor de su categoría.,positive,4,Fashion,True
674,Me encanta este producto. El diseño es moderno y elegante.,positive,4,Grocery,True
675,Producto diferente al publicado. La atención al cliente fue pésima.,negative,1,Travel,True
676,Me encanta este producto. Resistente y duradero.,positive,4,Office Products,True
677,Se rompió a los pocos días. No coincide con la descripción.,negative,2,Books,True
678,El mejor que he probado. El mejor de su categoría.,positive,4,Toys & Games,True
679,Producto tal como se describe. Lo volvería a comprar sin dudarlo.,positive,4,Home & Kitchen,False
680,Excedió todas mis expectativas. Muy práctico y fácil de usar.,positive,4,Jewelry,True
681,Una estafa total. El material es de mala calidad.,negative,1,Toys & Games,True
682,Increíble calidad por este precio. Muy práctico y fácil de usar.,positive,5,Pet Supplies,False
683,El mejor que he probado. Lo uso a diario y funciona perfecto.,positive,4,Home & Kitchen,False
684,Cumple con todo lo prometido. El mejor de su categoría.,positive,4,Home & Kitchen,True
685,Es aceptable por el precio. Es lo que esperaba por ese precio.,neutral,3,Toys & Games,False
686,De los mejores productos que he comprado. El envío fue rápido y el empaque perfecto.,positive,4,Electronics,False
687,Me encanta este producto. Lo uso a diario y funciona perfecto.,positive,5,Home & Kitchen,True
688,El mejor que he probado. El envío fue rápido y el empaque perfecto.,positive,4,Sports & Outdoors,False
689,No es malo ni bueno. Cumple sin brillar.,neutral,3,Home & Kitchen,False
690,Muy decepcionado con la compra. El material es de mala calidad.,negative,1,Office Products,False
691,"Sin quejas, todo perfecto. Resistente y duradero.",positive,5,Office Products,True
692,De los mejores productos que he comprado. El envío fue rápido y el empaque perfecto.,positive,4,Home & Kitchen,False
693,Para el precio está bien. Nada excepcional.,neutral,3,Travel,False
694,Cumple con todo lo prometido. Mi familia quedó encantada.,positive,5,Jewelry,True
695,Nada especial pero funciona. Es lo que esperaba por ese precio.,neutral,3,Pet Supplies,True
696,Para el precio está bien. No destaca en nada.,neutral,3,Home & Kitchen,False
697,Se rompió a los pocos días. Es una pérdida de dinero.,negative,1,Jewelry,True
698,Promedio. Nada excepcional.,neutral,3,Grocery,True
699,Excedió todas mis expectativas. Mi familia quedó encantada.,positive,4,Travel,False
700,"Excelente producto, superó mis expectativas. El envío fue rápido y el empaque perfecto.",positive,4,Grocery,False
701,Nada especial pero funciona. No destaca en nada.,neutral,3,Pet Supplies,False
702,"Excelente producto, superó mis expectativas. El mejor de su categoría.",positive,5,Books,False
703,Muy satisfecho con la compra. Resistente y duradero.,positive,4,Pet Supplies,False
704,Excedió todas mis expectativas. Mi familia quedó encantada.,positive,5,Home & Kitchen,False
705,Muy decepcionado con la compra. El material es de mala calidad.,negative,1,Office Products,True
706,No funciona para nada. La atención al cliente fue pésima.,negative,1,Jewelry,False
707,Es aceptable por el precio. Cumple sin brillar.,neutral,3,Travel,False
708,Promedio. No destaca en nada.,neutral,3,Books,False
709,"Sin quejas, todo perfecto. Mi familia quedó encantada.",positive,5,Pet Supplies,True
710,"Excelente producto, superó mis expectativas. Mi familia quedó encantada.",positive,4,Sports & Outdoors,False
711,Se rompió a los pocos días. La atención al cliente fue pésima.,negative,2,Electronics,True
712,Muy satisfecho con la compra. El diseño es moderno y elegante.,positive,5,Jewelry,True
713,Lo recomiendo ampliamente. Resistente y duradero.,positive,5,Books,False
714,"Excelente producto, superó mis expectativas. Lo volvería a comprar sin dudarlo.",positive,5,Home & Kitchen,False
715,Excedió todas mis expectativas. La calidad es increíble y llegó antes de lo esperado.,positive,4,Grocery,True
716,No funciona para nada. No lo recomendaría a nadie.,negative,2,Pet Supplies,True
717,Se rompió a los pocos días. No coincide con la descripción.,negative,1,Home & Kitchen,False
718,No vale la pena. El material es de mala calidad.,negative,2,Office Products,True
719,Perfecto para lo que necesitaba. Resistente y duradero.,positive,5,Fashion,True
720,De los mejores productos que he comprado. El mejor de su categoría.,positive,5,Sports & Outdoors,True
721,El mejor que he probado. Mi familia quedó encantada.,positive,5,Travel,True
722,Nada especial pero funciona. Nada excepcional.,neutral,3,Grocery,False
723,No vale la pena. Tuve que devolverlo.,negative,2,Jewelry,False
724,Decepción total. El material es de mala calidad.,negative,2,Electronics,True
725,"Excelente producto, superó mis expectativas. La calidad es increíble y llegó antes de lo esperado.",positive,4,Books,False
726,No lo recomiendo. El envío tardó demasiado.,negative,1,Fashion,True
727,Pésima calidad. Es una pérdida de dinero.,negative,2,Electronics,False
728,Horrible experiencia de compra. Es una pérdida de dinero.,negative,1,Books,False
729,"Sin quejas, todo perfecto. La calidad es increíble y llegó antes de lo esperado.",positive,5,Office Products,False
730,Producto tal como se describe. La calidad es increíble y llegó antes de lo esperado.,positive,5,Electronics,False
731,De los mejores productos que he comprado. Muy práctico y fácil de usar.,positive,5,Travel,False
732,Mala calidad de materiales. Se rompió después de una semana.,negative,1,Toys & Games,False
733,Producto de gran calidad. El envío fue rápido y el empaque perfecto.,positive,4,Grocery,True
734,Perfecto para lo que necesitaba. El mejor de su categoría.,positive,5,Toys & Games,True
735,"Excelente producto, superó mis expectativas. Mi familia quedó encantada.",positive,5,Pet Supplies,True
736,Muy buena compra. La calidad es increíble y llegó antes de lo esperado.,positive,5,Travel,False
737,Muy satisfecho con la compra. Mi familia quedó encantada.,positive,5,Grocery,True
738,Cumple lo básico. Nada excepcional.,neutral,3,Fashion,False
739,Muy decepcionado con la compra. No funciona como se prometía.,negative,2,Books,True
740,Una estafa total. El envío tardó demasiado.,negative,2,Books,False
741,Producto regular. No destaca en nada.,neutral,3,Travel,False
742,"Excelente producto, superó mis expectativas. Mi familia quedó encantada.",positive,4,Office Products,True
743,"Excelente producto, superó mis expectativas. El mejor de su categoría.",positive,5,Sports & Outdoors,False
744,Increíble calidad por este precio. Muy práctico y fácil de usar.,positive,5,Sports & Outdoors,True
745,Nada especial pero funciona. Nada excepcional.,neutral,3,Grocery,True
746,Producto diferente al publicado. Se rompió después de una semana.,negative,1,Travel,False
747,No vale la pena. El material es de mala calidad.,negative,1,Travel,True
748,Producto defectuoso. Tuve que devolverlo.,negative,1,Sports & Outdoors,True
749,Producto de gran calidad. El diseño es moderno y elegante.,positive,4,Grocery,True
750,Decepción total. El envío tardó demasiado.,negative,1,Office Products,False
751,Me encanta este producto. Mi familia quedó encantada.,positive,5,Electronics,False
752,Producto diferente al publicado. No lo recomendaría a nadie.,negative,1,Home & Kitchen,True
753,Una estafa total. Es una pérdida de dinero.,negative,1,Home & Kitchen,False
754,Horrible experiencia de compra. La atención al cliente fue pésima.,negative,2,Toys & Games,False
755,Excedió todas mis expectativas. El envío fue rápido y el empaque perfecto.,positive,4,Grocery,True
756,Cumple con todo lo prometido. El mejor de su categoría.,positive,5,Toys & Games,True
757,"Excelente producto, superó mis expectativas. El mejor de su categoría.",positive,5,Grocery,True
758,Muy buena compra. Lo volvería a comprar sin dudarlo.,positive,4,Office Products,True
759,Lo recomiendo ampliamente. Lo compré para un regalo y fue un éxito.,positive,5,Travel,True
760,Muy buena compra. El diseño es moderno y elegante.,positive,4,Books,True
761,De los mejores productos que he comprado. El mejor de su categoría.,positive,4,Pet Supplies,True
762,Perfecto para lo que necesitaba. Lo uso a diario y funciona perfecto.,positive,4,Books,False
763,Promedio. Hay mejores opciones en el mercado.,neutral,3,Travel,True
764,Increíble calidad por este precio. Muy práctico y fácil de usar.,positive,4,Sports & Outdoors,False
765,"Sin quejas, todo perfecto. Lo volvería a comprar sin dudarlo.",positive,5,Fashion,False
766,No funciona como se anuncia. El producto llegó roto.,negative,2,Sports & Outdoors,True
767,No lo recomiendo. No funciona como se prometía.,negative,2,Fashion,False
768,Para el precio está bien. Es lo que esperaba por ese precio.,neutral,3,Sports & Outdoors,False
769,Producto de gran calidad. Lo volvería a comprar sin dudarlo.,positive,4,Home & Kitchen,False
770,Nada especial pero funciona. Nada excepcional.,neutral,3,Books,False
771,Se rompió a los pocos días. La atención al cliente fue pésima.,negative,1,Electronics,True
772,Mala calidad de materiales. No lo recomendaría a nadie.,negative,2,Books,True
773,Producto diferente al publicado. No coincide con la descripción.,negative,2,Sports & Outdoors,False
774,Producto de gran calidad. Resistente y duradero.,positive,5,Grocery,True
775,El mejor que he probado. Muy práctico y fácil de usar.,positive,4,Jewelry,True
776,El peor producto que he comprado. No coincide con la descripción.,negative,1,Fashion,True
777,Una estafa total. El producto llegó roto.,negative,2,Books,False
778,Gran relación calidad-precio. Muy práctico y fácil de usar.,positive,5,Electronics,True
779,Llegó dañado y no me reembolsaron. Tuve que devolverlo.,negative,2,Pet Supplies,True
780,Muy satisfecho con la compra. El mejor de su categoría.,positive,5,Travel,False
781,Horrible experiencia de compra. Es una pérdida de dinero.,negative,2,Jewelry,True
782,Gran relación calidad-precio. Lo volvería a comprar sin dudarlo.,positive,5,Travel,True
783,Decepción total. Se rompió después de una semana.,negative,2,Grocery,False
784,Excedió todas mis expectativas. Resistente y duradero.,positive,5,Jewelry,True
785,El peor producto que he comprado. No coincide con la descripción.,negative,1,Books,True
786,Pésima calidad. No coincide con la descripción.,negative,2,Fashion,True
787,El mejor que he probado. Muy práctico y fácil de usar.,positive,4,Office Products,False
788,Producto diferente al publicado. Tuve que devolverlo.,negative,2,Pet Supplies,True
789,Producto defectuoso. Se rompió después de una semana.,negative,2,Electronics,True
790,No funciona como se anuncia. Es una pérdida de dinero.,negative,1,Electronics,True
791,Increíble calidad por este precio. El envío fue rápido y el empaque perfecto.,positive,5,Grocery,False
792,Decepción total. El envío tardó demasiado.,negative,1,Home & Kitchen,True
793,De los mejores productos que he comprado. Resistente y duradero.,positive,5,Fashion,True
794,Mala calidad de materiales. No lo recomendaría a nadie.,negative,1,Fashion,False
795,Increíble calidad por este precio. Resistente y duradero.,positive,5,Jewelry,True
796,Producto de gran calidad. Lo uso a diario y funciona perfecto.,positive,5,Electronics,True
797,No funciona para nada. No coincide con la descripción.,negative,2,Jewelry,True
798,Increíble calidad por este precio. El mejor de su categoría.,positive,4,Grocery,True
799,Increíble calidad por este precio. Lo volvería a comprar sin dudarlo.,positive,4,Grocery,True
800,Funciona pero nada extraordinario. Nada excepcional.,neutral,3,Office Products,False
801,Funciona pero nada extraordinario. Hay mejores opciones en el mercado.,neutral,3,Pet Supplies,False
802,Me encanta este producto. El envío fue rápido y el empaque perfecto.,positive,4,Toys & Games,False
803,No lo recomiendo. No lo recomendaría a nadie.,negative,1,Grocery,False
804,"Sin quejas, todo perfecto. La calidad es increíble y llegó antes de lo esperado.",positive,4,Jewelry,True
805,Producto diferente al publicado. Se rompió después de una semana.,negative,2,Sports & Outdoors,False
806,Me encanta este producto. Lo volvería a comprar sin dudarlo.,positive,4,Toys & Games,False
807,Funciona pero nada extraordinario. Nada excepcional.,neutral,3,Sports & Outdoors,False
808,Funciona pero nada extraordinario. Hay mejores opciones en el mercado.,neutral,3,Office Products,False
809,Perfecto para lo que necesitaba. El diseño es moderno y elegante.,positive,5,Jewelry,False
810,Se rompió a los pocos días. No coincide con la descripción.,negative,2,Travel,True
811,Mala calidad de materiales. No coincide con la descripción.,negative,2,Home & Kitchen,True
812,Mala calidad de materiales. Es una pérdida de dinero.,negative,2,Jewelry,True
813,Cumple con todo lo prometido. Lo uso a diario y funciona perfecto.,positive,4,Fashion,False
814,Funciona pero nada extraordinario. No destaca en nada.,neutral,3,Home & Kitchen,False
815,Muy buena compra. La calidad es increíble y llegó antes de lo esperado.,positive,4,Office Products,False
816,Se rompió a los pocos días. No lo recomendaría a nadie.,negative,2,Electronics,True
817,Producto defectuoso. Se rompió después de una semana.,negative,2,Travel,False
818,Muy buena compra. El envío fue rápido y el empaque perfecto.,positive,4,Travel,True
819,Producto de gran calidad. Lo uso a diario y funciona perfecto.,positive,4,Toys & Games,False
820,Me encanta este producto. Lo volvería a comprar sin dudarlo.,positive,5,Books,True
821,Decepción total. La atención al cliente fue pésima.,negative,1,Grocery,False
822,Una estafa total. El envío tardó demasiado.,negative,2,Books,True
823,Muy buena compra. La calidad es increíble y llegó antes de lo esperado.,positive,5,Toys & Games,True
824,Producto tal como se describe. Lo uso a diario y funciona perfecto.,positive,4,Grocery,False
825,Cumple con todo lo prometido. El mejor de su categoría.,positive,4,Toys & Games,False
826,Horrible experiencia de compra. Tuve que devolverlo.,negative,2,Books,False
827,Para el precio está bien. Cumple sin brillar.,neutral,3,Pet Supplies,True
828,Muy satisfecho con la compra. Lo compré para un regalo y fue un éxito.,positive,5,Travel,True
829,Mala calidad de materiales. No funciona como se prometía.,negative,1,Office Products,False
830,Se rompió a los pocos días. El envío tardó demasiado.,negative,1,Books,False
831,Muy satisfecho con la compra. El mejor de su categoría.,positive,5,Fashion,False
832,Increíble calidad por este precio. Lo volvería a comprar sin dudarlo.,positive,4,Toys & Games,True
833,Es aceptable por el precio. Es lo que esperaba por ese precio.,neutral,3,Books,True
834,Pésima calidad. Se rompió después de una semana.,negative,2,Books,True
835,No funciona como se anuncia. La atención al cliente fue pésima.,negative,2,Home & Kitchen,True
836,Horrible experiencia de compra. El producto llegó roto.,negative,2,Grocery,True
837,Horrible experiencia de compra. No funciona como se prometía.,negative,2,Pet Supplies,False
838,Me encanta este producto. Muy práctico y fácil de usar.,positive,5,Jewelry,True
839,Excedió todas mis expectativas. El mejor de su categoría.,positive,5,Electronics,False
840,Excedió todas mis expectativas. Lo uso a diario y funciona perfecto.,positive,4,Grocery,False
841,"Excelente producto, superó mis expectativas. Muy práctico y fácil de usar.",positive,4,Office Products,True
842,Producto de gran calidad. El mejor de su categoría.,positive,5,Toys & Games,True
843,Gran relación calidad-precio. El envío fue rápido y el empaque perfecto.,positive,5,Pet Supplies,False
844,Gran relación calidad-precio. Lo compré para un regalo y fue un éxito.,positive,5,Toys & Games,False
845,Muy buena compra. Muy práctico y fácil de usar.,positive,4,Home & Kitchen,False
846,No funciona para nada. El material es de mala calidad.,negative,2,Books,True
847,El peor producto que he comprado. El producto llegó roto.,negative,1,Fashion,False
848,Cumple con todo lo prometido. Resistente y duradero.,positive,5,Toys & Games,False
849,Llegó dañado y no me reembolsaron. La atención al cliente fue pésima.,negative,1,Fashion,True
850,Excedió todas mis expectativas. Lo uso a diario y funciona perfecto.,positive,5,Pet Supplies,False
851,Producto tal como se describe. El mejor de su categoría.,positive,5,Toys & Games,False
852,Gran relación calidad-precio. Lo volvería a comprar sin dudarlo.,positive,4,Books,True
853,No es malo ni bueno. Para uso ocasional está bien.,neutral,3,Sports & Outdoors,False
854,Decepción total. La atención al cliente fue pésima.,negative,2,Office Products,False
855,De los mejores productos que he comprado. El envío fue rápido y el empaque perfecto.,positive,4,Travel,False
856,De los mejores productos que he comprado. Lo uso a diario y funciona perfecto.,positive,5,Home & Kitchen,True
857,Gran relación calidad-precio. El diseño es moderno y elegante.,positive,5,Toys & Games,False
858,Cumple con todo lo prometido. Mi familia quedó encantada.,positive,5,Jewelry,False
859,De los mejores productos que he comprado. La calidad es increíble y llegó antes de lo esperado.,positive,4,Fashion,True
860,Pésima calidad. No coincide con la descripción.,negative,1,Office Products,True
861,Producto tal como se describe. La calidad es increíble y llegó antes de lo esperado.,positive,5,Electronics,False
862,Muy decepcionado con la compra. El envío tardó demasiado.,negative,1,Jewelry,True
863,Perfecto para lo que necesitaba. Muy práctico y fácil de usar.,positive,5,Books,False
864,Producto de gran calidad. El mejor de su categoría.,positive,4,Fashion,True
865,De los mejores productos que he comprado. Mi familia quedó encantada.,positive,5,Pet Supplies,False
866,No es malo ni bueno. Nada excepcional.,neutral,3,Pet Supplies,True
867,Nada especial pero funciona. Nada excepcional.,neutral,3,Jewelry,False
868,No vale la pena. Es una pérdida de dinero.,negative,2,Toys & Games,False
869,Cumple con todo lo prometido. Lo uso a diario y funciona perfecto.,positive,4,Pet Supplies,False
870,Producto de gran calidad. El diseño es moderno y elegante.,positive,5,Electronics,True
871,Una estafa total. El envío tardó demasiado.,negative,1,Pet Supplies,True
872,Mala calidad de materiales. Tuve que devolverlo.,negative,2,Toys & Games,True
873,Horrible experiencia de compra. Se rompió después de una semana.,negative,2,Electronics,False
874,Me encanta este producto. Muy práctico y fácil de usar.,positive,5,Fashion,False
875,No lo recomiendo. La atención al cliente fue pésima.,negative,1,Office Products,True
876,No lo recomiendo. Es una pérdida de dinero.,negative,2,Toys & Games,False
877,Producto de gran calidad. El envío fue rápido y el empaque perfecto.,positive,4,Toys & Games,True
878,No lo recomiendo. No lo recomendaría a nadie.,negative,2,Pet Supplies,True
879,"Excelente producto, superó mis expectativas. El mejor de su categoría.",positive,4,Electronics,True
880,No es malo ni bueno. Para uso ocasional está bien.,neutral,3,Fashion,False
881,Muy decepcionado con la compra. No coincide con la descripción.,negative,1,Electronics,False
882,Perfecto para lo que necesitaba. Resistente y duradero.,positive,5,Sports & Outdoors,False
883,Una estafa total. La atención al cliente fue pésima.,negative,1,Fashion,True
884,Muy satisfecho con la compra. El mejor de su categoría.,positive,5,Pet Supplies,True
885,De los mejores productos que he comprado. Lo compré para un regalo y fue un éxito.,positive,5,Electronics,True
886,Es aceptable por el precio. Es lo que esperaba por ese precio.,neutral,3,Pet Supplies,True
887,Pésima calidad. Tuve que devolverlo.,negative,1,Home & Kitchen,True
888,Increíble calidad por este precio. Mi familia quedó encantada.,positive,5,Fashion,True
889,No lo recomiendo. Tuve que devolverlo.,negative,1,Travel,False
890,De los mejores productos que he comprado. Muy práctico y fácil de usar.,positive,4,Home & Kitchen,True
891,Producto defectuoso. No coincide con la descripción.,negative,2,Toys & Games,True
892,"Excelente producto, superó mis expectativas. La calidad es increíble y llegó antes de lo esperado.",positive,4,Jewelry,False
893,Una estafa total. La atención al cliente fue pésima.,negative,1,Books,True
894,Increíble calidad por este precio. La calidad es increíble y llegó antes de lo esperado.,positive,5,Electronics,False
895,No funciona como se anuncia. Tuve que devolverlo.,negative,1,Books,False
896,Promedio. Es lo que esperaba por ese precio.,neutral,3,Books,True
897,Se rompió a los pocos días. No coincide con la descripción.,negative,2,Toys & Games,True
898,Producto tal como se describe. El diseño es moderno y elegante.,positive,5,Grocery,False
899,Producto tal como se describe. Mi familia quedó encantada.,positive,4,Sports & Outdoors,False
900,Muy satisfecho con la compra. El mejor de su categoría.,positive,4,Fashion,False
901,Producto tal como se describe. Mi familia quedó encantada.,positive,5,Pet Supplies,True
902,Se rompió a los pocos días. No coincide con la descripción.,negative,2,Electronics,False
903,Una estafa total. La atención al cliente fue pésima.,negative,1,Travel,False
904,Cumple con todo lo prometido. El mejor de su categoría.,positive,5,Fashion,False
905,Muy satisfecho con la compra. Lo uso a diario y funciona perfecto.,positive,5,Grocery,True
906,Producto de gran calidad. La calidad es increíble y llegó antes de lo esperado.,positive,4,Books,True
907,"Excelente producto, superó mis expectativas. Lo volvería a comprar sin dudarlo.",positive,4,Travel,False
908,Producto defectuoso. No funciona como se prometía.,negative,2,Books,True
909,El mejor que he probado. Resistente y duradero.,positive,4,Home & Kitchen,False
910,Una estafa total. Es una pérdida de dinero.,negative,1,Office Products,False
911,No funciona para nada. No lo recomendaría a nadie.,negative,1,Toys & Games,True
912,Muy decepcionado con la compra. Se rompió después de una semana.,negative,2,Grocery,True
913,Producto tal como se describe. Lo compré para un regalo y fue un éxito.,positive,4,Books,True
914,Horrible experiencia de compra. No coincide con la descripción.,negative,1,Grocery,False
915,Producto diferente al publicado. Tuve que devolverlo.,negative,2,Travel,False
916,Nada especial pero funciona. Hay mejores opciones en el mercado.,neutral,3,Grocery,False
917,No vale la pena. No lo recomendaría a nadie.,negative,1,Pet Supplies,False
918,Promedio. Para uso ocasional está bien.,neutral,3,Office Products,False
919,Horrible experiencia de compra. Se rompió después de una semana.,negative,2,Jewelry,True
920,Gran relación calidad-precio. Resistente y duradero.,positive,5,Pet Supplies,False
921,Perfecto para lo que necesitaba. Lo volvería a comprar sin dudarlo.,positive,4,Electronics,True
922,No es malo ni bueno. No destaca en nada.,neutral,3,Toys & Games,True
923,"Excelente producto, superó mis expectativas. El diseño es moderno y elegante.",positive,5,Grocery,True
924,Gran relación calidad-precio. El envío fue rápido y el empaque perfecto.,positive,5,Fashion,False
925,Lo recomiendo ampliamente. El diseño es moderno y elegante.,positive,4,Toys & Games,True
926,Se rompió a los pocos días. La atención al cliente fue pésima.,negative,1,Sports & Outdoors,False
927,Muy buena compra. El diseño es moderno y elegante.,positive,4,Electronics,False
928,Increíble calidad por este precio. Mi familia quedó encantada.,positive,4,Sports & Outdoors,False
929,De los mejores productos que he comprado. Muy práctico y fácil de usar.,positive,4,Travel,True
930,Producto defectuoso. El envío tardó demasiado.,negative,2,Grocery,True
931,Gran relación calidad-precio. El mejor de su categoría.,positive,4,Books,True
932,Excedió todas mis expectativas. Lo volvería a comprar sin dudarlo.,positive,5,Jewelry,True
933,Cumple con todo lo prometido. Lo compré para un regalo y fue un éxito.,positive,5,Fashion,True
934,Muy buena compra. La calidad es increíble y llegó antes de lo esperado.,positive,5,Grocery,False
935,Producto tal como se describe. Lo compré para un regalo y fue un éxito.,positive,5,Fashion,True
936,Excedió todas mis expectativas. Lo compré para un regalo y fue un éxito.,positive,4,Travel,True
937,Pésima calidad. La atención al cliente fue pésima.,negative,1,Toys & Games,False
938,Muy satisfecho con la compra. Lo compré para un regalo y fue un éxito.,positive,4,Office Products,False
939,Gran relación calidad-precio. Lo volvería a comprar sin dudarlo.,positive,5,Travel,True
940,Una estafa total. No lo recomendaría a nadie.,negative,1,Pet Supplies,True
941,Lo recomiendo ampliamente. Mi familia quedó encantada.,positive,4,Fashion,True
942,Lo recomiendo ampliamente. Lo volvería a comprar sin dudarlo.,positive,4,Fashion,False
943,Perfecto para lo que necesitaba. Resistente y duradero.,positive,4,Pet Supplies,True
944,Lo recomiendo ampliamente. El mejor de su categoría.,positive,4,Grocery,False
945,Se rompió a los pocos días. El producto llegó roto.,negative,1,Office Products,True
946,Perfecto para lo que necesitaba. Muy práctico y fácil de usar.,positive,4,Jewelry,False
947,Muy satisfecho con la compra. Lo compré para un regalo y fue un éxito.,positive,4,Travel,False
948,No funciona para nada. La atención al cliente fue pésima.,negative,2,Electronics,False
949,Funciona pero nada extraordinario. Hay mejores opciones en el mercado.,neutral,3,Office Products,True
950,Para el precio está bien. Nada excepcional.,neutral,3,Grocery,True
951,Producto tal como se describe. La calidad es increíble y llegó antes de lo esperado.,positive,5,Electronics,True
952,No es malo ni bueno. Para uso ocasional está bien.,neutral,3,Pet Supplies,False
953,Una estafa total. No funciona como se prometía.,negative,1,Sports & Outdoors,False
954,Cumple con todo lo prometido. La calidad es increíble y llegó antes de lo esperado.,positive,5,Travel,False
955,Producto regular. Nada excepcional.,neutral,3,Toys & Games,True
956,El mejor que he probado. El envío fue rápido y el empaque perfecto.,positive,5,Home & Kitchen,False
957,Llegó dañado y no me reembolsaron. Se rompió después de una semana.,negative,1,Jewelry,True
958,Increíble calidad por este precio. Lo volvería a comprar sin dudarlo.,positive,5,Sports & Outdoors,False
959,Producto diferente al publicado. No coincide con la descripción.,negative,1,Jewelry,True
960,No es malo ni bueno. Cumple sin brillar.,neutral,3,Grocery,True
961,El mejor que he probado. Lo volvería a comprar sin dudarlo.,positive,4,Fashion,False
962,Producto de gran calidad. Mi familia quedó encantada.,positive,4,Fashion,True
963,Llegó dañado y no me reembolsaron. El envío tardó demasiado.,negative,2,Pet Supplies,False
964,Muy satisfecho con la compra. El envío fue rápido y el empaque perfecto.,positive,4,Fashion,True
965,Horrible experiencia de compra. No lo recomendaría a nadie.,negative,2,Jewelry,True
966,Producto diferente al publicado. El producto llegó roto.,negative,1,Sports & Outdoors,True
967,No funciona como se anuncia. Es una pérdida de dinero.,negative,2,Jewelry,False
968,No funciona como se anuncia. El material es de mala calidad.,negative,2,Pet Supplies,False
969,Lo recomiendo ampliamente. La calidad es increíble y llegó antes de lo esperado.,positive,4,Office Products,True
970,Funciona pero nada extraordinario. Hay mejores opciones en el mercado.,neutral,3,Travel,True
971,No funciona como se anuncia. Tuve que devolverlo.,negative,1,Jewelry,False
972,Decepción total. Se rompió después de una semana.,negative,2,Office Products,False
973,Se rompió a los pocos días. No funciona como se prometía.,negative,2,Office Products,True
974,El peor producto que he comprado. El producto llegó roto.,negative,2,Books,False
975,Producto regular. Nada excepcional.,neutral,3,Office Products,True
976,Me encanta este producto. El diseño es moderno y elegante.,positive,5,Toys & Games,False
977,Muy buena compra. La calidad es increíble y llegó antes de lo esperado.,positive,5,Grocery,True
978,Muy satisfecho con la compra. El mejor de su categoría.,positive,5,Home & Kitchen,True
979,Llegó dañado y no me reembolsaron. El material es de mala calidad.,negative,1,Sports & Outdoors,False
980,Muy buena compra. Muy práctico y fácil de usar.,positive,5,Pet Supplies,True
981,"Sin quejas, todo perfecto. Lo uso a diario y funciona perfecto.",positive,4,Home & Kitchen,True
982,Muy decepcionado con la compra. Es una pérdida de dinero.,negative,2,Office Products,True
983,"Excelente producto, superó mis expectativas. El envío fue rápido y el empaque perfecto.",positive,5,Sports & Outdoors,True
984,Producto de gran calidad. La calidad es increíble y llegó antes de lo esperado.,positive,4,Office Products,False
985,Perfecto para lo que necesitaba. El envío fue rápido y el empaque perfecto.,positive,5,Home & Kitchen,True
986,Producto regular. Nada excepcional.,neutral,3,Toys & Games,True
987,Producto tal como se describe. La calidad es increíble y llegó antes de lo esperado.,positive,5,Jewelry,False
988,Excedió todas mis expectativas. Lo compré para un regalo y fue un éxito.,positive,5,Pet Supplies,True
989,Pésima calidad. Es una pérdida de dinero.,negative,1,Toys & Games,True
990,"Excelente producto, superó mis expectativas. Mi familia quedó encantada.",positive,4,Electronics,True
991,No es malo ni bueno. Para uso ocasional está bien.,neutral,3,Home & Kitchen,True
992,Producto de gran calidad. El diseño es moderno y elegante.,positive,4,Jewelry,True
993,Promedio. No destaca en nada.,neutral,3,Home & Kitchen,False
994,De los mejores productos que he comprado. Lo uso a diario y funciona perfecto.,positive,5,Office Products,True
995,Muy satisfecho con la compra. El diseño es moderno y elegante.,positive,4,Sports & Outdoors,False
996,Horrible experiencia de compra. El producto llegó roto.,negative,1,Home & Kitchen,True
997,Me encanta este producto. Lo volvería a comprar sin dudarlo.,positive,5,Sports & Outdoors,False
998,Decepción total. No coincide con la descripción.,negative,2,Jewelry,False
999,El peor producto que he comprado. No coincide con la descripción.,negative,2,Jewelry,True
1000,Producto defectuoso. La atención al cliente fue pésima.,negative,1,Electronics,False
1001,Se rompió a los pocos días. Se rompió después de una semana.,negative,1,Jewelry,False
1002,Gran relación calidad-precio. El mejor de su categoría.,positive,5,Travel,True
1003,"Sin quejas, todo perfecto. El diseño es moderno y elegante.",positive,4,Toys & Games,True
1004,Cumple con todo lo prometido. La calidad es increíble y llegó antes de lo esperado.,positive,5,Home & Kitchen,False
1005,De los mejores productos que he comprado. El envío fue rápido y el empaque perfecto.,positive,4,Books,False
1006,Decepción total. Tuve que devolverlo.,negative,2,Electronics,True
1007,Increíble calidad por este precio. El mejor de su categoría.,positive,5,Sports & Outdoors,False
1008,Decepción total. El producto llegó roto.,negative,2,Grocery,False
1009,No vale la pena. Es una pérdida de dinero.,negative,2,Electronics,True
1010,Mala calidad de materiales. No funciona como se prometía.,negative,2,Home & Kitchen,True
1011,Gran relación calidad-precio. Lo compré para un regalo y fue un éxito.,positive,4,Travel,True
1012,No funciona como se anuncia. No lo recomendaría a nadie.,negative,2,Home & Kitchen,False
1013,Se rompió a los pocos días. El producto llegó roto.,negative,2,Toys & Games,False
1014,Gran relación calidad-precio. Resistente y duradero.,positive,4,Toys & Games,True
1015,Muy decepcionado con la compra. No funciona como se prometía.,negative,1,Electronics,True
1016,Para el precio está bien. Nada excepcional.,neutral,3,Electronics,False
1017,Nada especial pero funciona. Hay mejores opciones en el mercado.,neutral,3,Sports & Outdoors,False
1018,Mala calidad de materiales. No funciona como se prometía.,negative,2,Fashion,True
1019,Pésima calidad. El producto llegó roto.,negative,1,Pet Supplies,False
1020,Producto defectuoso. El envío tardó demasiado.,negative,1,Electronics,True
1021,Muy satisfecho con la compra. El mejor de su categoría.,positive,4,Travel,False
1022,El mejor que he probado. Muy práctico y fácil de usar.,positive,5,Sports & Outdoors,True
1023,Producto tal como se describe. Mi familia quedó encantada.,positive,5,Pet Supplies,True
1024,Perfecto para lo que necesitaba. Lo uso a diario y funciona perfecto.,positive,4,Electronics,True
1025,Producto tal como se describe. Mi familia quedó encantada.,positive,5,Toys & Games,True
1026,No es malo ni bueno. Nada excepcional.,neutral,3,Books,True
1027,Producto tal como se describe. Resistente y duradero.,positive,5,Electronics,True
1028,Muy satisfecho con la compra. Lo compré para un regalo y fue un éxito.,positive,4,Electronics,True
1029,"Sin quejas, todo perfecto. Lo volvería a comprar sin dudarlo.",positive,4,Jewelry,False
1030,Una estafa total. Se rompió después de una semana.,negative,2,Travel,True
1031,Para el precio está bien. Nada excepcional.,neutral,3,Fashion,True
1032,Muy decepcionado con la compra. Tuve que devolverlo.,negative,2,Toys & Games,False
1033,Producto de gran calidad. Lo volvería a comprar sin dudarlo.,positive,4,Toys & Games,False
1034,Cumple con todo lo prometido. Mi familia quedó encantada.,positive,5,Pet Supplies,False
1035,Muy satisfecho con la compra. Mi familia quedó encantada.,positive,5,Pet Supplies,False
1036,Mala calidad de materiales. No funciona como se prometía.,negative,2,Jewelry,True
1037,No funciona para nada. La atención al cliente fue pésima.,negative,2,Sports & Outdoors,True
1038,Llegó dañado y no me reembolsaron. No lo recomendaría a nadie.,negative,2,Office Products,True
1039,El peor producto que he comprado. El material es de mala calidad.,negative,1,Home & Kitchen,False
1040,Cumple con todo lo prometido. Lo compré para un regalo y fue un éxito.,positive,5,Jewelry,False
1041,No funciona como se anuncia. La atención al cliente fue pésima.,negative,1,Jewelry,False
1042,Gran relación calidad-precio. El mejor de su categoría.,positive,5,Home & Kitchen,False
1043,Muy satisfecho con la compra. Lo volvería a comprar sin dudarlo.,positive,5,Home & Kitchen,False
1044,Muy satisfecho con la compra. Muy práctico y fácil de usar.,positive,4,Fashion,True
1045,El peor producto que he comprado. Es una pérdida de dinero.,negative,1,Toys & Games,False
1046,Pésima calidad. Se rompió después de una semana.,negative,2,Travel,False
1047,Increíble calidad por este precio. Lo compré para un regalo y fue un éxito.,positive,5,Sports & Outdoors,True
1048,No funciona para nada. No coincide con la descripción.,negative,2,Toys & Games,True
1049,"Excelente producto, superó mis expectativas. El mejor de su categoría.",positive,4,Sports & Outdoors,True
1050,Producto regular. Hay mejores opciones en el mercado.,neutral,3,Office Products,False
1051,Llegó dañado y no me reembolsaron. El material es de mala calidad.,negative,2,Office Products,True
1052,No funciona como se anuncia. Se rompió después de una semana.,negative,2,Grocery,False
1053,No funciona para nada. El material es de mala calidad.,negative,2,Fashion,False
1054,Nada especial pero funciona. Hay mejores opciones en el mercado.,neutral,3,Electronics,True
1055,Se rompió a los pocos días. Tuve que devolverlo.,negative,1,Travel,False
1056,Nada especial pero funciona. No destaca en nada.,neutral,3,Fashion,False
1057,Funciona pero nada extraordinario. Nada excepcional.,neutral,3,Fashion,False
1058,Llegó dañado y no me reembolsaron. No funciona como se prometía.,negative,2,Books,True
1059,Muy buena compra. Resistente y duradero.,positive,4,Books,False
1060,"Excelente producto, superó mis expectativas. La calidad es increíble y llegó antes de lo esperado.",positive,5,Jewelry,False
1061,Horrible experiencia de compra. Tuve que devolverlo.,negative,1,Home & Kitchen,True
1062,El peor producto que he comprado. Es una pérdida de dinero.,negative,2,Home & Kitchen,True
1063,El mejor que he probado. El mejor de su categoría.,positive,4,Jewelry,False
1064,No vale la pena. El producto llegó roto.,negative,2,Pet Supplies,False
1065,Horrible experiencia de compra. No funciona como se prometía.,negative,2,Office Products,False
1066,No es malo ni bueno. Para uso ocasional está bien.,neutral,3,Fashion,True
1067,Se rompió a los pocos días. No lo recomendaría a nadie.,negative,2,Toys & Games,True
1068,Horrible experiencia de compra. El producto llegó roto.,negative,1,Travel,False
1069,No lo recomiendo. Tuve que devolverlo.,negative,1,Home & Kitchen,True
1070,No lo recomiendo. No coincide con la descripción.,negative,2,Jewelry,False
1071,"Excelente producto, superó mis expectativas. Lo uso a diario y funciona perfecto.",positive,5,Jewelry,True
1072,Nada especial pero funciona. Cumple sin brillar.,neutral,3,Pet Supplies,False
1073,Mala calidad de materiales. Se rompió después de una semana.,negative,2,Pet Supplies,True
1074,Una estafa total. La atención al cliente fue pésima.,negative,1,Fashion,True
1075,Mala calidad de materiales. El material es de mala calidad.,negative,2,Books,False
1076,Pésima calidad. No lo recomendaría a nadie.,negative,1,Sports & Outdoors,True
1077,Producto defectuoso. No coincide con la descripción.,negative,1,Pet Supplies,False
1078,"Sin quejas, todo perfecto. El mejor de su categoría.",positive,5,Books,False
1079,El peor producto que he comprado. El envío tardó demasiado.,negative,2,Fashion,False
1080,Me encanta este producto. Mi familia quedó encantada.,positive,5,Grocery,True
1081,De los mejores productos que he comprado. Lo compré para un regalo y fue un éxito.,positive,5,Jewelry,False
1082,Cumple con todo lo prometido. Lo uso a diario y funciona perfecto.,positive,5,Toys & Games,False
1083,"Sin quejas, todo perfecto. Lo volvería a comprar sin dudarlo.",positive,4,Books,False
1084,Una estafa total. Es una pérdida de dinero.,negative,1,Electronics,True
1085,Llegó dañado y no me reembolsaron. La atención al cliente fue pésima.,negative,1,Grocery,True
1086,Pésima calidad. El envío tardó demasiado.,negative,2,Toys & Games,True
1087,"Excelente producto, superó mis expectativas. Lo volvería a comprar sin dudarlo.",positive,4,Travel,True
1088,Cumple lo básico. Cumple sin brillar.,neutral,3,Home & Kitchen,True
1089,Nada especial pero funciona. Es lo que esperaba por ese precio.,neutral,3,Travel,True
1090,Nada especial pero funciona. Para uso ocasional está bien.,neutral,3,Toys & Games,False
1091,Producto diferente al publicado. Tuve que devolverlo.,negative,1,Toys & Games,False
1092,No lo recomiendo. No coincide con la descripción.,negative,2,Home & Kitchen,False
1093,Llegó dañado y no me reembolsaron. No funciona como se prometía.,negative,2,Electronics,False
1094,No es malo ni bueno. Hay mejores opciones en el mercado.,neutral,3,Pet Supplies,True
1095,Muy buena compra. Lo compré para un regalo y fue un éxito.,positive,4,Fashion,False
1096,Lo recomiendo ampliamente. Lo volvería a comprar sin dudarlo.,positive,5,Travel,True
1097,No es malo ni bueno. No destaca en nada.,neutral,3,Electronics,True
1098,Cumple con todo lo prometido. Resistente y duradero.,positive,5,Electronics,False
1099,Increíble calidad por este precio. La calidad es increíble y llegó antes de lo esperado.,positive,4,Travel,False
1100,Increíble calidad por este precio. Lo compré para un regalo y fue un éxito.,positive,5,Jewelry,True
1101,El peor producto que he comprado. El material es de mala calidad.,negative,2,Office Products,True
1102,Llegó dañado y no me reembolsaron. Tuve que devolverlo.,negative,1,Home & Kitchen,False
1103,Me encanta este producto. La calidad es increíble y llegó antes de lo esperado.,positive,5,Travel,True
1104,Muy satisfecho con la compra. Resistente y duradero.,positive,5,Toys & Games,True
1105,Me encanta este producto. Muy práctico y fácil de usar.,positive,4,Toys & Games,False
1106,Promedio. Es lo que esperaba por ese precio.,neutral,3,Home & Kitchen,False
1107,Producto defectuoso. Se rompió después de una semana.,negative,1,Electronics,True
1108,Cumple con todo lo prometido. El mejor de su categoría.,positive,4,Travel,False
1109,"Excelente producto, superó mis expectativas. La calidad es increíble y llegó antes de lo esperado.",positive,5,Sports & Outdoors,True
1110,Me encanta este producto. Lo uso a diario y funciona perfecto.,positive,4,Books,False
1111,Nada especial pero funciona. Cumple sin brillar.,neutral,3,Jewelry,True
1112,Producto regular. Cumple sin brillar.,neutral,3,Fashion,False
1113,Decepción total. No lo recomendaría a nadie.,negative,2,Electronics,True
1114,Producto defectuoso. No coincide con la descripción.,negative,1,Travel,True
1115,Cumple lo básico. Es lo que esperaba por ese precio.,neutral,3,Jewelry,True
1116,No funciona para nada. La atención al cliente fue pésima.,negative,1,Home & Kitchen,False
1117,Muy decepcionado con la compra. Se rompió después de una semana.,negative,1,Office Products,False
1118,Una estafa total. La atención al cliente fue pésima.,negative,2,Travel,True
1119,Cumple con todo lo prometido. La calidad es increíble y llegó antes de lo esperado.,positive,4,Jewelry,True
1120,Perfecto para lo que necesitaba. El envío fue rápido y el empaque perfecto.,positive,4,Office Products,True
1121,El peor producto que he comprado. Se rompió después de una semana.,negative,1,Jewelry,True
1122,Cumple con todo lo prometido. El envío fue rápido y el empaque perfecto.,positive,5,Electronics,False
1123,Producto de gran calidad. Lo uso a diario y funciona perfecto.,positive,4,Travel,False
1124,"Sin quejas, todo perfecto. El envío fue rápido y el empaque perfecto.",positive,5,Books,True
1125,Llegó dañado y no me reembolsaron. Se rompió después de una semana.,negative,2,Fashion,True
1126,Horrible experiencia de compra. La atención al cliente fue pésima.,negative,2,Travel,False
1127,Producto tal como se describe. Muy práctico y fácil de usar.,positive,4,Books,True
1128,Cumple lo básico. Nada excepcional.,neutral,3,Sports & Outdoors,True
1129,Perfecto para lo que necesitaba. La calidad es increíble y llegó antes de lo esperado.,positive,4,Books,True
1130,El peor producto que he comprado. No coincide con la descripción.,negative,2,Fashion,True
1131,Perfecto para lo que necesitaba. Muy práctico y fácil de usar.,positive,5,Office Products,False
1132,"Excelente producto, superó mis expectativas. Lo uso a diario y funciona perfecto.",positive,5,Electronics,True
1133,Excedió todas mis expectativas. El mejor de su categoría.,positive,4,Home & Kitchen,True
1134,Para el precio está bien. Nada excepcional.,neutral,3,Jewelry,False
1135,Lo recomiendo ampliamente. Lo uso a diario y funciona perfecto.,positive,5,Sports & Outdoors,True
1136,De los mejores productos que he comprado. Muy práctico y fácil de usar.,positive,5,Office Products,True
1137,"Excelente producto, superó mis expectativas. Lo compré para un regalo y fue un éxito.",positive,5,Fashion,True
1138,Para el precio está bien. Hay mejores opciones en el mercado.,neutral,3,Office Products,False
1139,El mejor que he probado. Mi familia quedó encantada.,positive,4,Toys & Games,True
1140,"Sin quejas, todo perfecto. Lo volvería a comprar sin dudarlo.",positive,4,Electronics,False
1141,Excedió todas mis expectativas. Lo compré para un regalo y fue un éxito.,positive,5,Fashion,False
1142,Muy buena compra. El envío fue rápido y el empaque perfecto.,positive,5,Travel,True
1143,Muy decepcionado con la compra. El material es de mala calidad.,negative,1,Grocery,False
1144,Es aceptable por el precio. Nada excepcional.,neutral,3,Pet Supplies,False
1145,"Sin quejas, todo perfecto. Muy práctico y fácil de usar.",positive,5,Books,False
1146,Increíble calidad por este precio. Lo volvería a comprar sin dudarlo.,positive,4,Fashion,True
1147,"Excelente producto, superó mis expectativas. Resistente y duradero.",positive,4,Grocery,True
1148,Excedió todas mis expectativas. Lo uso a diario y funciona perfecto.,positive,5,Pet Supplies,False
1149,"Sin quejas, todo perfecto. Lo compré para un regalo y fue un éxito.",positive,4,Books,True
1150,El mejor que he probado. Lo uso a diario y funciona perfecto.,positive,4,Electronics,False
1151,Se rompió a los pocos días. Tuve que devolverlo.,negative,1,Jewelry,True
1152,Para el precio está bien. Hay mejores opciones en el mercado.,neutral,3,Office Products,True
1153,Producto diferente al publicado. Tuve que devolverlo.,negative,2,Travel,True
1154,Cumple lo básico. Es lo que esperaba por ese precio.,neutral,3,Sports & Outdoors,True
1155,"Sin quejas, todo perfecto. Lo volvería a comprar sin dudarlo.",positive,5,Grocery,True
1156,Horrible experiencia de compra. No funciona como se prometía.,negative,1,Electronics,False
1157,Cumple lo básico. Es lo que esperaba por ese precio.,neutral,3,Sports & Outdoors,False
1158,Una estafa total. No coincide con la descripción.,negative,2,Travel,True
1159,No funciona como se anuncia. No funciona como se prometía.,negative,1,Books,True
1160,Mala calidad de materiales. Se rompió después de una semana.,negative,1,Sports & Outdoors,False
1161,Funciona pero nada extraordinario. Para uso ocasional está bien.,neutral,3,Electronics,True
1162,Excedió todas mis expectativas. El mejor de su categoría.,positive,5,Grocery,True
1163,Excedió todas mis expectativas. Lo volvería a comprar sin dudarlo.,positive,5,Sports & Outdoors,True
1164,Muy satisfecho con la compra. Lo uso a diario y funciona perfecto.,positive,5,Office Products,True
1165,Muy satisfecho con la compra. El envío fue rápido y el empaque perfecto.,positive,4,Toys & Games,True
1166,No funciona como se anuncia. Se rompió después de una semana.,negative,2,Grocery,True
1167,Excedió todas mis expectativas. Mi familia quedó encantada.,positive,4,Office Products,False
1168,No lo recomiendo. Se rompió después de una semana.,negative,1,Home & Kitchen,True
1169,Es aceptable por el precio. Nada excepcional.,neutral,3,Travel,False
1170,El mejor que he probado. Mi familia quedó encantada.,positive,5,Pet Supplies,False
1171,Increíble calidad por este precio. El diseño es moderno y elegante.,positive,4,Fashion,False
1172,Perfecto para lo que necesitaba. La calidad es increíble y llegó antes de lo esperado.,positive,5,Fashion,False
1173,Muy buena compra. El envío fue rápido y el empaque perfecto.,positive,4,Grocery,False
1174,De los mejores productos que he comprado. El envío fue rápido y el empaque perfecto.,positive,4,Fashion,True
1175,Muy buena compra. El envío fue rápido y el empaque perfecto.,positive,5,Pet Supplies,False
1176,Producto tal como se describe. La calidad es increíble y llegó antes de lo esperado.,positive,4,Travel,False
1177,Nada especial pero funciona. Para uso ocasional está bien.,neutral,3,Pet Supplies,True
1178,Decepción total. El producto llegó roto.,negative,1,Office Products,False
1179,Decepción total. No funciona como se prometía.,negative,2,Fashion,True
1180,Promedio. Cumple sin brillar.,neutral,3,Toys & Games,False
1181,Nada especial pero funciona. Nada excepcional.,neutral,3,Pet Supplies,False
1182,Decepción total. El producto llegó roto.,negative,2,Fashion,True
1183,Muy buena compra. Muy práctico y fácil de usar.,positive,5,Pet Supplies,False
1184,Muy buena compra. Muy práctico y fácil de usar.,positive,4,Jewelry,True
1185,Pésima calidad. El producto llegó roto.,negative,2,Home & Kitchen,False
1186,No vale la pena. El material es de mala calidad.,negative,1,Books,False
1187,Increíble calidad por este precio. Mi familia quedó encantada.,positive,4,Office Products,True
1188,Una estafa total. El material es de mala calidad.,negative,2,Sports & Outdoors,True
1189,Perfecto para lo que necesitaba. Resistente y duradero.,positive,5,Grocery,True
1190,"Sin quejas, todo perfecto. Lo compré para un regalo y fue un éxito.",positive,5,Pet Supplies,False
1191,"Sin quejas, todo perfecto. Lo compré para un regalo y fue un éxito.",positive,5,Fashion,True
1192,Excedió todas mis expectativas. El mejor de su categoría.,positive,5,Sports & Outdoors,True
1193,Funciona pero nada extraordinario. No destaca en nada.,neutral,3,Electronics,False
1194,Llegó dañado y no me reembolsaron. No coincide con la descripción.,negative,2,Grocery,False
1195,Pésima calidad. No coincide con la descripción.,negative,1,Office Products,False
1196,No funciona para nada. El envío tardó demasiado.,negative,1,Jewelry,False
1197,Lo recomiendo ampliamente. La calidad es increíble y llegó antes de lo esperado.,positive,5,Electronics,True
1198,Muy satisfecho con la compra. El diseño es moderno y elegante.,positive,5,Office Products,True
1199,"Excelente producto, superó mis expectativas. Lo uso a diario y funciona perfecto.",positive,4,Toys & Games,False
1200,Cumple lo básico. Nada excepcional.,neutral,3,Sports & Outdoors,False
1201,Producto diferente al publicado. Tuve que devolverlo.,negative,2,Home & Kitchen,False
1202,No funciona para nada. El envío tardó demasiado.,negative,1,Fashion,True
1203,Increíble calidad por este precio. El envío fue rápido y el empaque perfecto.,positive,5,Sports & Outdoors,True
1204,Me encanta este producto. Mi familia quedó encantada.,positive,5,Electronics,False
1205,Producto tal como se describe. Muy práctico y fácil de usar.,positive,4,Travel,True
1206,No vale la pena. No funciona como se prometía.,negative,1,Sports & Outdoors,False
1207,Muy satisfecho con la compra. El mejor de su categoría.,positive,5,Jewelry,False
1208,No funciona como se anuncia. Es una pérdida de dinero.,negative,1,Toys & Games,False
1209,Una estafa total. No coincide con la descripción.,negative,2,Home & Kitchen,True
1210,De los mejores productos que he comprado. Muy práctico y fácil de usar.,positive,4,Grocery,True
1211,Muy satisfecho con la compra. El envío fue rápido y el empaque perfecto.,positive,4,Electronics,False
1212,Producto de gran calidad. Resistente y duradero.,positive,5,Jewelry,False
1213,"Excelente producto, superó mis expectativas. Lo uso a diario y funciona perfecto.",positive,5,Books,True
1214,Nada especial pero funciona. Cumple sin brillar.,neutral,3,Books,False
1215,Muy satisfecho con la compra. Lo compré para un regalo y fue un éxito.,positive,4,Home & Kitchen,True
1216,Cumple con todo lo prometido. Lo compré para un regalo y fue un éxito.,positive,5,Electronics,True
1217,Excedió todas mis expectativas. Lo uso a diario y funciona perfecto.,positive,4,Toys & Games,True
1218,Cumple con todo lo prometido. Lo uso a diario y funciona perfecto.,positive,4,Home & Kitchen,True
1219,No funciona como se anuncia. No funciona como se prometía.,negative,1,Electronics,True
1220,Muy buena compra. Mi familia quedó encantada.,positive,5,Sports & Outdoors,True
1221,Es aceptable por el precio. Nada excepcional.,neutral,3,Jewelry,True
1222,Producto tal como se describe. Muy práctico y fácil de usar.,positive,4,Books,False
1223,"Sin quejas, todo perfecto. Lo uso a diario y funciona perfecto.",positive,4,Books,False
1224,Excedió todas mis expectativas. Lo uso a diario y funciona perfecto.,positive,4,Fashion,False
1225,Funciona pero nada extraordinario. Hay mejores opciones en el mercado.,neutral,3,Grocery,True
1226,Muy satisfecho con la compra. Resistente y duradero.,positive,5,Home & Kitchen,True
1227,"Sin quejas, todo perfecto. El diseño es moderno y elegante.",positive,5,Grocery,True
1228,Muy satisfecho con la compra. Lo compré para un regalo y fue un éxito.,positive,5,Toys & Games,False
1229,Producto diferente al publicado. Tuve que devolverlo.,negative,2,Books,False
1230,Lo recomiendo ampliamente. Lo uso a diario y funciona perfecto.,positive,5,Pet Supplies,False
1231,El mejor que he probado. Lo uso a diario y funciona perfecto.,positive,5,Office Products,False
1232,Muy decepcionado con la compra. No coincide con la descripción.,negative,1,Office Products,False
1233,Se rompió a los pocos días. No coincide con la descripción.,negative,1,Home & Kitchen,False
1234,Promedio. Hay mejores opciones en el mercado.,neutral,3,Jewelry,False
1235,"Sin quejas, todo perfecto. Resistente y duradero.",positive,5,Toys & Games,False
1236,Una estafa total. Tuve que devolverlo.,negative,2,Travel,False
1237,No es malo ni bueno. Hay mejores opciones en el mercado.,neutral,3,Pet Supplies,True
1238,Excedió todas mis expectativas. Muy práctico y fácil de usar.,positive,5,Travel,True
1239,De los mejores productos que he comprado. Lo uso a diario y funciona perfecto.,positive,4,Pet Supplies,True
1240,Funciona pero nada extraordinario. Nada excepcional.,neutral,3,Travel,False
1241,Cumple con todo lo prometido. Lo uso a diario y funciona perfecto.,positive,4,Travel,False
1242,No lo recomiendo. Tuve que devolverlo.,negative,1,Pet Supplies,False
1243,Mala calidad de materiales. El producto llegó roto.,negative,1,Office Products,True
1244,De los mejores productos que he comprado. Lo compré para un regalo y fue un éxito.,positive,5,Pet Supplies,False
1245,Producto tal como se describe. El diseño es moderno y elegante.,positive,4,Fashion,False
1246,"Sin quejas, todo perfecto. Lo compré para un regalo y fue un éxito.",positive,5,Pet Supplies,True
1247,Producto diferente al publicado. Es una pérdida de dinero.,negative,2,Travel,False
1248,Producto tal como se describe. La calidad es increíble y llegó antes de lo esperado.,positive,4,Office Products,False
1249,Muy buena compra. Mi familia quedó encantada.,positive,5,Toys & Games,False
1250,Producto de gran calidad. Mi familia quedó encantada.,positive,4,Sports & Outdoors,True
1251,Llegó dañado y no me reembolsaron. La atención al cliente fue pésima.,negative,2,Office Products,False
1252,Funciona pero nada extraordinario. Para uso ocasional está bien.,neutral,3,Electronics,True
1253,Muy buena compra. Lo uso a diario y funciona perfecto.,positive,5,Home & Kitchen,False
1254,"Excelente producto, superó mis expectativas. El mejor de su categoría.",positive,4,Sports & Outdoors,True
1255,Muy buena compra. El mejor de su categoría.,positive,5,Office Products,False
1256,Muy buena compra. La calidad es increíble y llegó antes de lo esperado.,positive,5,Sports & Outdoors,False
1257,Horrible experiencia de compra. La atención al cliente fue pésima.,negative,2,Pet Supplies,True
1258,Una estafa total. Tuve que devolverlo.,negative,1,Grocery,False
1259,Gran relación calidad-precio. Lo compré para un regalo y fue un éxito.,positive,5,Books,False
1260,No funciona para nada. Es una pérdida de dinero.,negative,1,Books,False
1261,Muy buena compra. Lo compré para un regalo y fue un éxito.,positive,5,Books,True
1262,Horrible experiencia de compra. No funciona como se prometía.,negative,1,Toys & Games,True
1263,Llegó dañado y no me reembolsaron. Se rompió después de una semana.,negative,2,Sports & Outdoors,True
1264,No vale la pena. El envío tardó demasiado.,negative,2,Office Products,False
1265,Perfecto para lo que necesitaba. Lo volvería a comprar sin dudarlo.,positive,5,Grocery,False
1266,Decepción total. El producto llegó roto.,negative,1,Travel,True
1267,Producto diferente al publicado. Tuve que devolverlo.,negative,1,Toys & Games,False
1268,Producto regular. Nada excepcional.,neutral,3,Books,False
1269,Producto de gran calidad. El diseño es moderno y elegante.,positive,4,Office Products,False
1270,El mejor que he probado. Muy práctico y fácil de usar.,positive,4,Office Products,False
1271,No lo recomiendo. No lo recomendaría a nadie.,negative,1,Books,False
1272,Lo recomiendo ampliamente. La calidad es increíble y llegó antes de lo esperado.,positive,4,Books,False
1273,Me encanta este producto. La calidad es increíble y llegó antes de lo esperado.,positive,5,Books,True
1274,Perfecto para lo que necesitaba. El diseño es moderno y elegante.,positive,4,Travel,True
1275,Se rompió a los pocos días. Tuve que devolverlo.,negative,1,Electronics,True
1276,Cumple lo básico. Para uso ocasional está bien.,neutral,3,Jewelry,False
1277,Funciona pero nada extraordinario. Para uso ocasional está bien.,neutral,3,Travel,True
1278,Lo recomiendo ampliamente. Lo uso a diario y funciona perfecto.,positive,4,Jewelry,True
1279,El peor producto que he comprado. La atención al cliente fue pésima.,negative,2,Books,True
1280,Una estafa total. No lo recomendaría a nadie.,negative,2,Office Products,True
1281,Es aceptable por el precio. Hay mejores opciones en el mercado.,neutral,3,Home & Kitchen,True
1282,Excedió todas mis expectativas. Lo compré para un regalo y fue un éxito.,positive,5,Toys & Games,True
1283,"Sin quejas, todo perfecto. Lo uso a diario y funciona perfecto.",positive,5,Sports & Outdoors,False
1284,Perfecto para lo que necesitaba. El envío fue rápido y el empaque perfecto.,positive,4,Sports & Outdoors,False
1285,Producto defectuoso. No lo recomendaría a nadie.,negative,2,Electronics,True
1286,No lo recomiendo. Es una pérdida de dinero.,negative,1,Office Products,False
1287,Decepción total. La atención al cliente fue pésima.,negative,2,Grocery,True
1288,Funciona pero nada extraordinario. No destaca en nada.,neutral,3,Office Products,False
1289,Perfecto para lo que necesitaba. Muy práctico y fácil de usar.,positive,4,Fashion,False
1290,Mala calidad de materiales. El producto llegó roto.,negative,2,Toys & Games,True
1291,El peor producto que he comprado. El material es de mala calidad.,negative,2,Sports & Outdoors,False
1292,Cumple lo básico. Hay mejores opciones en el mercado.,neutral,3,Toys & Games,True
1293,Excedió todas mis expectativas. La calidad es increíble y llegó antes de lo esperado.,positive,5,Electronics,True
1294,Producto defectuoso. El material es de mala calidad.,negative,1,Books,False
1295,Muy satisfecho con la compra. El envío fue rápido y el empaque perfecto.,positive,4,Books,True
1296,Mala calidad de materiales. No funciona como se prometía.,negative,2,Pet Supplies,False
1297,Nada especial pero funciona. Para uso ocasional está bien.,neutral,3,Fashion,False
1298,Muy decepcionado con la compra. El material es de mala calidad.,negative,1,Sports & Outdoors,True
1299,De los mejores productos que he comprado. Lo volvería a comprar sin dudarlo.,positive,5,Books,True
1300,Es aceptable por el precio. No destaca en nada.,neutral,3,Pet Supplies,True
1301,"Excelente producto, superó mis expectativas. Lo compré para un regalo y fue un éxito.",positive,4,Jewelry,False
1302,Muy decepcionado con la compra. No funciona como se prometía.,negative,1,Fashion,True
1303,Cumple con todo lo prometido. Resistente y duradero.,positive,5,Travel,False
1304,Lo recomiendo ampliamente. El diseño es moderno y elegante.,positive,4,Toys & Games,False
1305,De los mejores productos que he comprado. Muy práctico y fácil de usar.,positive,5,Jewelry,True
1306,No es malo ni bueno. Cumple sin brillar.,neutral,3,Travel,True
1307,Cumple con todo lo prometido. El envío fue rápido y el empaque perfecto.,positive,5,Electronics,False
1308,Es aceptable por el precio. Nada excepcional.,neutral,3,Pet Supplies,True
1309,Muy satisfecho con la compra. La calidad es increíble y llegó antes de lo esperado.,positive,5,Pet Supplies,True
1310,Funciona pero nada extraordinario. Cumple sin brillar.,neutral,3,Books,False
1311,Muy decepcionado con la compra. La atención al cliente fue pésima.,negative,2,Grocery,True
1312,Excedió todas mis expectativas. Mi familia quedó encantada.,positive,4,Jewelry,True
1313,Perfecto para lo que necesitaba. Lo compré para un regalo y fue un éxito.,positive,5,Travel,False
1314,Muy buena compra. El envío fue rápido y el empaque perfecto.,positive,4,Toys & Games,True
1315,Decepción total. Tuve que devolverlo.,negative,2,Fashion,True
1316,Producto de gran calidad. El diseño es moderno y elegante.,positive,5,Home & Kitchen,False
1317,Excedió todas mis expectativas. El diseño es moderno y elegante.,positive,4,Sports & Outdoors,False
1318,Muy buena compra. El diseño es moderno y elegante.,positive,5,Grocery,False
1319,Gran relación calidad-precio. Resistente y duradero.,positive,4,Fashion,False
1320,"Excelente producto, superó mis expectativas. Muy práctico y fácil de usar.",positive,4,Fashion,True
1321,"Sin quejas, todo perfecto. Resistente y duradero.",positive,4,Office Products,True
1322,Para el precio está bien. No destaca en nada.,neutral,3,Pet Supplies,False
1323,Para el precio está bien. Es lo que esperaba por ese precio.,neutral,3,Pet Supplies,True
1324,Muy decepcionado con la compra. No funciona como se prometía.,negative,1,Home & Kitchen,True
1325,Nada especial pero funciona. Hay mejores opciones en el mercado.,neutral,3,Grocery,False
1326,Horrible experiencia de compra. El producto llegó roto.,negative,1,Grocery,True
1327,Lo recomiendo ampliamente. Resistente y duradero.,positive,4,Travel,True
1328,Producto regular. Para uso ocasional está bien.,neutral,3,Travel,True
1329,De los mejores productos que he comprado. Mi familia quedó encantada.,positive,4,Fashion,True
1330,Excedió todas mis expectativas. El diseño es moderno y elegante.,positive,5,Jewelry,True
1331,El mejor que he probado. Lo volvería a comprar sin dudarlo.,positive,4,Pet Supplies,False
1332,Nada especial pero funciona. Hay mejores opciones en el mercado.,neutral,3,Electronics,False
1333,"Sin quejas, todo perfecto. Lo uso a diario y funciona perfecto.",positive,4,Grocery,False
1334,Producto de gran calidad. Muy práctico y fácil de usar.,positive,5,Office Products,True
1335,Producto de gran calidad. Lo compré para un regalo y fue un éxito.,positive,4,Office Products,False
1336,Muy decepcionado con la compra. El envío tardó demasiado.,negative,1,Pet Supplies,False
1337,Decepción total. No lo recomendaría a nadie.,negative,2,Fashion,False
1338,No vale la pena. Se rompió después de una semana.,negative,2,Pet Supplies,False
1339,Para el precio está bien. Para uso ocasional está bien.,neutral,3,Jewelry,False
1340,Cumple con todo lo prometido. Mi familia quedó encantada.,positive,5,Jewelry,True
1341,Muy satisfecho con la compra. La calidad es increíble y llegó antes de lo esperado.,positive,5,Grocery,False
1342,Es aceptable por el precio. Cumple sin brillar.,neutral,3,Travel,True
1343,Cumple lo básico. Para uso ocasional está bien.,neutral,3,Pet Supplies,False
1344,Perfecto para lo que necesitaba. El envío fue rápido y el empaque perfecto.,positive,5,Fashion,False
1345,No lo recomiendo. No lo recomendaría a nadie.,negative,2,Electronics,True
1346,Cumple lo básico. Nada excepcional.,neutral,3,Office Products,False
1347,Gran relación calidad-precio. El diseño es moderno y elegante.,positive,5,Jewelry,True
1348,Muy decepcionado con la compra. Tuve que devolverlo.,negative,1,Fashion,True
1349,Muy decepcionado con la compra. El material es de mala calidad.,negative,1,Toys & Games,False
1350,Mala calidad de materiales. Tuve que devolverlo.,negative,2,Jewelry,False
1351,Lo recomiendo ampliamente. El envío fue rápido y el empaque perfecto.,positive,4,Home & Kitchen,False
1352,Cumple lo básico. Es lo que esperaba por ese precio.,neutral,3,Grocery,True
1353,"Excelente producto, superó mis expectativas. El envío fue rápido y el empaque perfecto.",positive,4,Travel,False
1354,De los mejores productos que he comprado. Lo volvería a comprar sin dudarlo.,positive,5,Pet Supplies,False
1355,Se rompió a los pocos días. El material es de mala calidad.,negative,2,Toys & Games,True
1356,Lo recomiendo ampliamente. Lo uso a diario y funciona perfecto.,positive,4,Electronics,True
1357,Es aceptable por el precio. Es lo que esperaba por ese precio.,neutral,3,Travel,True
1358,No funciona para nada. Es una pérdida de dinero.,negative,2,Books,True
1359,Producto de gran calidad. Resistente y duradero.,positive,5,Office Products,True
1360,"Sin quejas, todo perfecto. Resistente y duradero.",positive,4,Pet Supplies,False
1361,Muy buena compra. Muy práctico y fácil de usar.,positive,5,Books,False
1362,Producto defectuoso. No funciona como se prometía.,negative,2,Electronics,True
1363,Llegó dañado y no me reembolsaron. Tuve que devolverlo.,negative,2,Jewelry,False
1364,Excedió todas mis expectativas. El mejor de su categoría.,positive,5,Jewelry,False
1365,Producto tal como se describe. La calidad es increíble y llegó antes de lo esperado.,positive,4,Office Products,False
1366,Decepción total. El material es de mala calidad.,negative,2,Pet Supplies,True
1367,Excedió todas mis expectativas. Lo compré para un regalo y fue un éxito.,positive,5,Electronics,True
1368,Excedió todas mis expectativas. Mi familia quedó encantada.,positive,4,Pet Supplies,True
1369,Decepción total. No lo recomendaría a nadie.,negative,2,Travel,False
1370,"Sin quejas, todo perfecto. Lo compré para un regalo y fue un éxito.",positive,5,Office Products,False
1371,Horrible experiencia de compra. Se rompió después de una semana.,negative,1,Toys & Games,True
1372,No funciona como se anuncia. Se rompió después de una semana.,negative,1,Fashion,False
1373,Excedió todas mis expectativas. El diseño es moderno y elegante.,positive,5,Books,True
1374,Una estafa total. El envío tardó demasiado.,negative,1,Sports & Outdoors,True
1375,Cumple con todo lo prometido. Lo uso a diario y funciona perfecto.,positive,4,Sports & Outdoors,False
1376,Muy satisfecho con la compra. El mejor de su categoría.,positive,4,Books,False
1377,Cumple con todo lo prometido. Mi familia quedó encantada.,positive,5,Electronics,False
1378,Cumple lo básico. Cumple sin brillar.,neutral,3,Electronics,False
1379,Muy decepcionado con la compra. No lo recomendaría a nadie.,negative,1,Jewelry,True
1380,No vale la pena. La atención al cliente fue pésima.,negative,1,Fashion,True
1381,Promedio. Hay mejores opciones en el mercado.,neutral,3,Toys & Games,False
1382,Se rompió a los pocos días. La atención al cliente fue pésima.,negative,2,Fashion,False
1383,Muy satisfecho con la compra. Muy práctico y fácil de usar.,positive,4,Pet Supplies,False
1384,Pésima calidad. Tuve que devolverlo.,negative,1,Sports & Outdoors,False
1385,No lo recomiendo. No funciona como se prometía.,negative,1,Office Products,False
1386,No funciona como se anuncia. Es una pérdida de dinero.,negative,1,Office Products,True
1387,Me encanta este producto. Lo compré para un regalo y fue un éxito.,positive,5,Pet Supplies,False
1388,Para el precio está bien. Hay mejores opciones en el mercado.,neutral,3,Electronics,True
1389,Me encanta este producto. El envío fue rápido y el empaque perfecto.,positive,5,Office Products,True
1390,El mejor que he probado. El envío fue rápido y el empaque perfecto.,positive,4,Jewelry,True
1391,No es malo ni bueno. Es lo que esperaba por ese precio.,neutral,3,Office Products,False
1392,Decepción total. No funciona como se prometía.,negative,2,Electronics,False
1393,Nada especial pero funciona. Cumple sin brillar.,neutral,3,Office Products,False
1394,Se rompió a los pocos días. No funciona como se prometía.,negative,2,Travel,False
1395,Muy decepcionado con la compra. El producto llegó roto.,negative,2,Grocery,False
1396,Producto tal como se describe. El mejor de su categoría.,positive,4,Toys & Games,True
1397,Producto tal como se describe. Mi familia quedó encantada.,positive,5,Travel,True
1398,Lo recomiendo ampliamente. El diseño es moderno y elegante.,positive,5,Office Products,True
1399,No lo recomiendo. Es una pérdida de dinero.,negative,2,Sports & Outdoors,True
1400,Excedió todas mis expectativas. El diseño es moderno y elegante.,positive,4,Jewelry,True
1401,Cumple con todo lo prometido. Lo volvería a comprar sin dudarlo.,positive,4,Jewelry,True
1402,El mejor que he probado. Lo volvería a comprar sin dudarlo.,positive,5,Travel,True
1403,Muy decepcionado con la compra. No funciona como se prometía.,negative,1,Grocery,True
1404,El peor producto que he comprado. La atención al cliente fue pésima.,negative,2,Fashion,False
1405,Muy decepcionado con la compra. El producto llegó roto.,negative,1,Office Products,True
1406,Muy satisfecho con la compra. Mi familia quedó encantada.,positive,5,Travel,False
1407,No funciona para nada. El envío tardó demasiado.,negative,2,Jewelry,False
1408,Se rompió a los pocos días. Tuve que devolverlo.,negative,2,Office Products,True
1409,Excedió todas mis expectativas. Resistente y duradero.,positive,4,Fashion,True
1410,El peor producto que he comprado. El producto llegó roto.,negative,2,Fashion,False
1411,Cumple lo básico. Nada excepcional.,neutral,3,Office Products,True
1412,"Excelente producto, superó mis expectativas. El mejor de su categoría.",positive,5,Fashion,True
1413,Perfecto para lo que necesitaba. El diseño es moderno y elegante.,positive,5,Pet Supplies,True
1414,Mala calidad de materiales. No lo recomendaría a nadie.,negative,1,Office Products,True
1415,No es malo ni bueno. Para uso ocasional está bien.,neutral,3,Books,True
1416,Producto defectuoso. La atención al cliente fue pésima.,negative,2,Grocery,False
1417,Me encanta este producto. Resistente y duradero.,positive,4,Jewelry,False
1418,Mala calidad de materiales. El material es de mala calidad.,negative,2,Pet Supplies,True
1419,Mala calidad de materiales. Tuve que devolverlo.,negative,2,Travel,False
1420,Muy satisfecho con la compra. Lo volvería a comprar sin dudarlo.,positive,5,Travel,False
1421,Gran relación calidad-precio. El mejor de su categoría.,positive,5,Electronics,False
1422,No funciona para nada. No coincide con la descripción.,negative,1,Electronics,False
1423,Producto diferente al publicado. Es una pérdida de dinero.,negative,1,Home & Kitchen,True
1424,Producto regular. Nada excepcional.,neutral,3,Grocery,True
1425,Muy decepcionado con la compra. Es una pérdida de dinero.,negative,1,Fashion,True
1426,Lo recomiendo ampliamente. Lo volvería a comprar sin dudarlo.,positive,4,Pet Supplies,True
1427,Llegó dañado y no me reembolsaron. No lo recomendaría a nadie.,negative,2,Electronics,False
1428,Producto regular. Para uso ocasional está bien.,neutral,3,Office Products,True
1429,Me encanta este producto. El diseño es moderno y elegante.,positive,5,Home & Kitchen,True
1430,Nada especial pero funciona. Para uso ocasional está bien.,neutral,3,Fashion,True
1431,Producto de gran calidad. El diseño es moderno y elegante.,positive,4,Office Products,True
1432,Producto de gran calidad. La calidad es increíble y llegó antes de lo esperado.,positive,5,Electronics,False
1433,Producto de gran calidad. Lo compré para un regalo y fue un éxito.,positive,5,Sports & Outdoors,False
1434,"Excelente producto, superó mis expectativas. Muy práctico y fácil de usar.",positive,4,Books,True
1435,Muy satisfecho con la compra. El diseño es moderno y elegante.,positive,5,Electronics,False
1436,Muy satisfecho con la compra. Resistente y duradero.,positive,5,Electronics,False
1437,No lo recomiendo. Es una pérdida de dinero.,negative,1,Jewelry,True
1438,Perfecto para lo que necesitaba. Lo volvería a comprar sin dudarlo.,positive,4,Office Products,False
1439,Cumple con todo lo prometido. El envío fue rápido y el empaque perfecto.,positive,4,Sports & Outdoors,True
1440,Decepción total. Es una pérdida de dinero.,negative,2,Pet Supplies,True
1441,De los mejores productos que he comprado. Lo volvería a comprar sin dudarlo.,positive,5,Toys & Games,True
1442,Perfecto para lo que necesitaba. Lo volvería a comprar sin dudarlo.,positive,5,Toys & Games,False
1443,Es aceptable por el precio. Nada excepcional.,neutral,3,Grocery,False
1444,Perfecto para lo que necesitaba. Lo uso a diario y funciona perfecto.,positive,4,Office Products,True
1445,Decepción total. El material es de mala calidad.,negative,2,Books,False
1446,Promedio. Cumple sin brillar.,neutral,3,Toys & Games,False
1447,Gran relación calidad-precio. Muy práctico y fácil de usar.,positive,5,Pet Supplies,False
1448,El mejor que he probado. La calidad es increíble y llegó antes de lo esperado.,positive,4,Jewelry,False
1449,El mejor que he probado. El envío fue rápido y el empaque perfecto.,positive,4,Office Products,False
1450,Mala calidad de materiales. La atención al cliente fue pésima.,negative,1,Grocery,True
1451,Para el precio está bien. Cumple sin brillar.,neutral,3,Home & Kitchen,False
1452,Funciona pero nada extraordinario. Nada excepcional.,neutral,3,Sports & Outdoors,False
1453,Muy satisfecho con la compra. Resistente y duradero.,positive,4,Sports & Outdoors,True
1454,"Sin quejas, todo perfecto. La calidad es increíble y llegó antes de lo esperado.",positive,4,Toys & Games,False
1455,Cumple con todo lo prometido. Muy práctico y fácil de usar.,positive,5,Books,False
1456,Producto regular. Para uso ocasional está bien.,neutral,3,Pet Supplies,True
1457,Muy satisfecho con la compra. El diseño es moderno y elegante.,positive,5,Jewelry,False
1458,El mejor que he probado. Lo volvería a comprar sin dudarlo.,positive,4,Travel,True
1459,"Sin quejas, todo perfecto. Lo uso a diario y funciona perfecto.",positive,4,Fashion,False
1460,Es aceptable por el precio. Nada excepcional.,neutral,3,Toys & Games,True
1461,Se rompió a los pocos días. Es una pérdida de dinero.,negative,1,Jewelry,False
1462,Producto defectuoso. El material es de mala calidad.,negative,2,Travel,True
1463,Promedio. Es lo que esperaba por ese precio.,neutral,3,Office Products,False
1464,Excedió todas mis expectativas. Mi familia quedó encantada.,positive,5,Grocery,True
1465,Es aceptable por el precio. No destaca en nada.,neutral,3,Toys & Games,False
1466,Producto defectuoso. El material es de mala calidad.,negative,2,Books,False
1467,"Sin quejas, todo perfecto. Muy práctico y fácil de usar.",positive,4,Office Products,True
1468,Es aceptable por el precio. Hay mejores opciones en el mercado.,neutral,3,Sports & Outdoors,False
1469,"Excelente producto, superó mis expectativas. Resistente y duradero.",positive,4,Office Products,True
1470,No funciona para nada. El envío tardó demasiado.,negative,2,Books,True
1471,De los mejores productos que he comprado. La calidad es increíble y llegó antes de lo esperado.,positive,5,Sports & Outdoors,True
1472,Para el precio está bien. No destaca en nada.,neutral,3,Travel,False
1473,Producto defectuoso. El producto llegó roto.,negative,1,Office Products,False
1474,Cumple lo básico. Hay mejores opciones en el mercado.,neutral,3,Electronics,False
1475,Muy satisfecho con la compra. Lo uso a diario y funciona perfecto.,positive,5,Travel,True
1476,No funciona para nada. El material es de mala calidad.,negative,2,Office Products,True
1477,Pésima calidad. No lo recomendaría a nadie.,negative,2,Travel,True
1478,Cumple con todo lo prometido. Lo compré para un regalo y fue un éxito.,positive,5,Jewelry,True
1479,Excedió todas mis expectativas. El mejor de su categoría.,positive,4,Sports & Outdoors,True
1480,Muy buena compra. Lo uso a diario y funciona perfecto.,positive,4,Jewelry,True
1481,Nada especial pero funciona. Cumple sin brillar.,neutral,3,Grocery,False
1482,"Sin quejas, todo perfecto. Lo volvería a comprar sin dudarlo.",positive,5,Pet Supplies,True
1483,"Excelente producto, superó mis expectativas. El envío fue rápido y el empaque perfecto.",positive,4,Toys & Games,False
1484,No lo recomiendo. No lo recomendaría a nadie.,negative,2,Grocery,True
1485,Muy buena compra. Mi familia quedó encantada.,positive,5,Toys & Games,False
1486,Nada especial pero funciona. No destaca en nada.,neutral,3,Books,True
1487,Lo recomiendo ampliamente. Muy práctico y fácil de usar.,positive,4,Home & Kitchen,False
1488,"Sin quejas, todo perfecto. Resistente y duradero.",positive,5,Jewelry,False
1489,Promedio. Nada excepcional.,neutral,3,Toys & Games,False
1490,Excedió todas mis expectativas. La calidad es increíble y llegó antes de lo esperado.,positive,4,Pet Supplies,True
1491,Es aceptable por el precio. Cumple sin brillar.,neutral,3,Books,False
1492,El peor producto que he comprado. No funciona como se prometía.,negative,1,Office Products,True
1493,Gran relación calidad-precio. La calidad es increíble y llegó antes de lo esperado.,positive,4,Home & Kitchen,False
1494,Producto de gran calidad. El diseño es moderno y elegante.,positive,4,Pet Supplies,True
1495,Producto defectuoso. El producto llegó roto.,negative,2,Books,True
1496,Increíble calidad por este precio. El diseño es moderno y elegante.,positive,4,Fashion,False
1497,No funciona como se anuncia. Se rompió después de una semana.,negative,1,Electronics,True
1498,Producto defectuoso. No coincide con la descripción.,negative,1,Office Products,True
1499,Perfecto para lo que necesitaba. Resistente y duradero.,positive,4,Books,False
1500,No vale la pena. No lo recomendaría a nadie.,negative,1,Office Products,True
1501,Cumple con todo lo prometido. Muy práctico y fácil de usar.,positive,4,Books,False
1502,Horrible experiencia de compra. El material es de mala calidad.,negative,2,Travel,True
1503,Es aceptable por el precio. Nada excepcional.,neutral,3,Toys & Games,True
1504,El mejor que he probado. El diseño es moderno y elegante.,positive,4,Fashion,False
1505,Cumple con todo lo prometido. Resistente y duradero.,positive,4,Travel,True
1506,Cumple con todo lo prometido. El mejor de su categoría.,positive,5,Sports & Outdoors,False
1507,Una estafa total. No funciona como se prometía.,negative,1,Grocery,False
1508,El peor producto que he comprado. El envío tardó demasiado.,negative,2,Jewelry,False
1509,Pésima calidad. Se rompió después de una semana.,negative,1,Books,False
1510,Funciona pero nada extraordinario. Hay mejores opciones en el mercado.,neutral,3,Toys & Games,False
1511,Nada especial pero funciona. Para uso ocasional está bien.,neutral,3,Toys & Games,True
1512,Perfecto para lo que necesitaba. Resistente y duradero.,positive,4,Grocery,False
1513,Excedió todas mis expectativas. El mejor de su categoría.,positive,4,Jewelry,False
1514,Me encanta este producto. Lo compré para un regalo y fue un éxito.,positive,5,Sports & Outdoors,False
1515,"Excelente producto, superó mis expectativas. El envío fue rápido y el empaque perfecto.",positive,5,Pet Supplies,True
1516,Gran relación calidad-precio. Lo uso a diario y funciona perfecto.,positive,4,Toys & Games,True
1517,Muy decepcionado con la compra. La atención al cliente fue pésima.,negative,1,Home & Kitchen,False
1518,Gran relación calidad-precio. Muy práctico y fácil de usar.,positive,4,Travel,False
1519,Lo recomiendo ampliamente. Lo volvería a comprar sin dudarlo.,positive,5,Fashion,False
1520,Perfecto para lo que necesitaba. Mi familia quedó encantada.,positive,5,Office Products,False
1521,El peor producto que he comprado. Es una pérdida de dinero.,negative,1,Fashion,False
1522,Excedió todas mis expectativas. Muy práctico y fácil de usar.,positive,4,Grocery,False
1523,Una estafa total. La atención al cliente fue pésima.,negative,2,Sports & Outdoors,True
1524,Lo recomiendo ampliamente. Resistente y duradero.,positive,5,Pet Supplies,True
1525,Perfecto para lo que necesitaba. La calidad es increíble y llegó antes de lo esperado.,positive,4,Pet Supplies,False
1526,Me encanta este producto. Lo compré para un regalo y fue un éxito.,positive,5,Grocery,False
1527,Muy buena compra. La calidad es increíble y llegó antes de lo esperado.,positive,4,Fashion,True
1528,Promedio. Nada excepcional.,neutral,3,Travel,False
1529,Es aceptable por el precio. Es lo que esperaba por ese precio.,neutral,3,Home & Kitchen,False
1530,Gran relación calidad-precio. Lo volvería a comprar sin dudarlo.,positive,4,Pet Supplies,False
1531,El mejor que he probado. El mejor de su categoría.,positive,4,Fashion,True
1532,Producto defectuoso. No coincide con la descripción.,negative,2,Books,True
1533,Funciona pero nada extraordinario. Para uso ocasional está bien.,neutral,3,Books,True
1534,Excedió todas mis expectativas. La calidad es increíble y llegó antes de lo esperado.,positive,4,Sports & Outdoors,True
1535,Me encanta este producto. El envío fue rápido y el empaque perfecto.,positive,5,Home & Kitchen,True
1536,Se rompió a los pocos días. La atención al cliente fue pésima.,negative,2,Office Products,True
1537,Perfecto para lo que necesitaba. Lo compré para un regalo y fue un éxito.,positive,4,Travel,False
1538,Muy buena compra. Muy práctico y fácil de usar.,positive,5,Grocery,False
1539,Producto de gran calidad. Resistente y duradero.,positive,4,Home & Kitchen,False
1540,No vale la pena. No funciona como se prometía.,negative,1,Jewelry,False
1541,"Sin quejas, todo perfecto. Lo uso a diario y funciona perfecto.",positive,4,Toys & Games,False
1542,Me encanta este producto. Lo volvería a comprar sin dudarlo.,positive,5,Fashion,False
1543,Excedió todas mis expectativas. Lo compré para un regalo y fue un éxito.,positive,5,Travel,True
1544,Llegó dañado y no me reembolsaron. El producto llegó roto.,negative,1,Books,True
1545,El mejor que he probado. Lo uso a diario y funciona perfecto.,positive,5,Books,False
1546,Gran relación calidad-precio. Lo uso a diario y funciona perfecto.,positive,4,Home & Kitchen,False
1547,Perfecto para lo que necesitaba. Muy práctico y fácil de usar.,positive,4,Grocery,True
1548,El mejor que he probado. Resistente y duradero.,positive,4,Office Products,False
1549,Llegó dañado y no me reembolsaron. El producto llegó roto.,negative,1,Electronics,False
1550,Gran relación calidad-precio. Resistente y duradero.,positive,4,Pet Supplies,False
1551,"Sin quejas, todo perfecto. Resistente y duradero.",positive,4,Fashion,False
1552,No funciona como se anuncia. El producto llegó roto.,negative,1,Jewelry,True
1553,Producto tal como se describe. Lo compré para un regalo y fue un éxito.,positive,4,Fashion,True
1554,Producto diferente al publicado. El envío tardó demasiado.,negative,1,Fashion,False
1555,"Sin quejas, todo perfecto. La calidad es increíble y llegó antes de lo esperado.",positive,4,Travel,True
1556,De los mejores productos que he comprado. El mejor de su categoría.,positive,4,Travel,True
1557,Excedió todas mis expectativas. La calidad es increíble y llegó antes de lo esperado.,positive,5,Jewelry,True
1558,Cumple con todo lo prometido. Muy práctico y fácil de usar.,positive,5,Books,False
1559,Es aceptable por el precio. No destaca en nada.,neutral,3,Electronics,False
1560,Gran relación calidad-precio. Muy práctico y fácil de usar.,positive,4,Travel,True
1561,Cumple con todo lo prometido. El envío fue rápido y el empaque perfecto.,positive,4,Fashion,True
1562,De los mejores productos que he comprado. Mi familia quedó encantada.,positive,4,Sports & Outdoors,True
1563,Llegó dañado y no me reembolsaron. La atención al cliente fue pésima.,negative,2,Books,True
1564,Producto de gran calidad. La calidad es increíble y llegó antes de lo esperado.,positive,5,Office Products,False
1565,Excedió todas mis expectativas. Muy práctico y fácil de usar.,positive,4,Home & Kitchen,False
1566,Producto defectuoso. La atención al cliente fue pésima.,negative,2,Books,False
1567,Muy satisfecho con la compra. El mejor de su categoría.,positive,5,Jewelry,True
1568,Muy buena compra. Mi familia quedó encantada.,positive,4,Travel,False
1569,Una estafa total. No coincide con la descripción.,negative,1,Travel,False
1570,Para el precio está bien. No destaca en nada.,neutral,3,Sports & Outdoors,True
1571,Llegó dañado y no me reembolsaron. Es una pérdida de dinero.,negative,2,Travel,True
1572,Pésima calidad. El producto llegó roto.,negative,1,Jewelry,True
1573,Cumple con todo lo prometido. Muy práctico y fácil de usar.,positive,5,Jewelry,True
1574,Excedió todas mis expectativas. El diseño es moderno y elegante.,positive,5,Books,True
1575,Lo recomiendo ampliamente. Lo volvería a comprar sin dudarlo.,positive,4,Pet Supplies,False
1576,El mejor que he probado. La calidad es increíble y llegó antes de lo esperado.,positive,5,Grocery,False
1577,Mala calidad de materiales. El producto llegó roto.,negative,2,Books,False
1578,Producto tal como se describe. La calidad es increíble y llegó antes de lo esperado.,positive,4,Travel,True
1579,Horrible experiencia de compra. El material es de mala calidad.,negative,1,Grocery,False
1580,Muy satisfecho con la compra. Resistente y duradero.,positive,4,Home & Kitchen,True
1581,Lo recomiendo ampliamente. El envío fue rápido y el empaque perfecto.,positive,4,Home & Kitchen,True
1582,Pésima calidad. Es una pérdida de dinero.,negative,1,Home & Kitchen,False
1583,No funciona como se anuncia. Se rompió después de una semana.,negative,2,Books,False
1584,Perfecto para lo que necesitaba. El diseño es moderno y elegante.,positive,4,Jewelry,False
1585,Es aceptable por el precio. Para uso ocasional está bien.,neutral,3,Pet Supplies,True
1586,Promedio. Es lo que esperaba por ese precio.,neutral,3,Office Products,True
1587,Producto tal como se describe. Lo volvería a comprar sin dudarlo.,positive,5,Office Products,True
1588,Producto defectuoso. El material es de mala calidad.,negative,2,Office Products,True
1589,Horrible experiencia de compra. Es una pérdida de dinero.,negative,2,Fashion,True
1590,Perfecto para lo que necesitaba. Resistente y duradero.,positive,5,Toys & Games,False
1591,Muy decepcionado con la compra. No funciona como se prometía.,negative,2,Fashion,False
1592,"Excelente producto, superó mis expectativas. La calidad es increíble y llegó antes de lo esperado.",positive,4,Grocery,False
1593,Me encanta este producto. Mi familia quedó encantada.,positive,5,Office Products,False
1594,Me encanta este producto. La calidad es increíble y llegó antes de lo esperado.,positive,4,Home & Kitchen,False
1595,Nada especial pero funciona. Hay mejores opciones en el mercado.,neutral,3,Office Products,False
1596,No vale la pena. Tuve que devolverlo.,negative,2,Travel,False
1597,Decepción total. El material es de mala calidad.,negative,2,Books,True
1598,El mejor que he probado. La calidad es increíble y llegó antes de lo esperado.,positive,5,Travel,True
1599,El mejor que he probado. El envío fue rápido y el empaque perfecto.,positive,5,Toys & Games,True
1600,Producto defectuoso. La atención al cliente fue pésima.,negative,1,Home & Kitchen,False
1601,Producto tal como se describe. Muy práctico y fácil de usar.,positive,4,Office Products,True
1602,Se rompió a los pocos días. El envío tardó demasiado.,negative,2,Grocery,False
1603,Mala calidad de materiales. La atención al cliente fue pésima.,negative,2,Home & Kitchen,False
1604,Se rompió a los pocos días. Se rompió después de una semana.,negative,2,Office Products,False
1605,De los mejores productos que he comprado. Resistente y duradero.,positive,4,Electronics,True
1606,Producto tal como se describe. Lo compré para un regalo y fue un éxito.,positive,5,Travel,False
1607,No funciona como se anuncia. No funciona como se prometía.,negative,1,Fashion,True
1608,Producto tal como se describe. Lo uso a diario y funciona perfecto.,positive,4,Pet Supplies,True
1609,"Sin quejas, todo perfecto. El envío fue rápido y el empaque perfecto.",positive,4,Books,False
1610,Funciona pero nada extraordinario. Es lo que esperaba por ese precio.,neutral,3,Travel,True
1611,Nada especial pero funciona. No destaca en nada.,neutral,3,Toys & Games,True
1612,Muy satisfecho con la compra. Mi familia quedó encantada.,positive,5,Electronics,True
1613,"Excelente producto, superó mis expectativas. La calidad es increíble y llegó antes de lo esperado.",positive,4,Toys & Games,True
1614,Muy decepcionado con la compra. Se rompió después de una semana.,negative,1,Grocery,True
1615,Increíble calidad por este precio. Resistente y duradero.,positive,5,Pet Supplies,False
1616,Una estafa total. No funciona como se prometía.,negative,2,Sports & Outdoors,True
1617,Funciona pero nada extraordinario. Es lo que esperaba por ese precio.,neutral,3,Jewelry,True
1618,Promedio. No destaca en nada.,neutral,3,Electronics,False
1619,Funciona pero nada extraordinario. Cumple sin brillar.,neutral,3,Fashion,True
1620,Se rompió a los pocos días. Se rompió después de una semana.,negative,2,Sports & Outdoors,False
1621,No vale la pena. El material es de mala calidad.,negative,2,Travel,True
1622,"Excelente producto, superó mis expectativas. Mi familia quedó encantada.",positive,5,Electronics,False
1623,Horrible experiencia de compra. Tuve que devolverlo.,negative,1,Office Products,True
1624,El mejor que he probado. Lo uso a diario y funciona perfecto.,positive,5,Office Products,False
1625,No funciona para nada. Es una pérdida de dinero.,negative,1,Jewelry,True
1626,Perfecto para lo que necesitaba. El mejor de su categoría.,positive,4,Pet Supplies,True
1627,Cumple lo básico. Es lo que esperaba por ese precio.,neutral,3,Travel,True
1628,Cumple con todo lo prometido. Lo uso a diario y funciona perfecto.,positive,4,Home & Kitchen,False
1629,Producto regular. Hay mejores opciones en el mercado.,neutral,3,Sports & Outdoors,False
1630,Se rompió a los pocos días. El envío tardó demasiado.,negative,1,Travel,False
1631,Cumple lo básico. Cumple sin brillar.,neutral,3,Fashion,False
1632,De los mejores productos que he comprado. Muy práctico y fácil de usar.,positive,5,Jewelry,True
1633,Decepción total. El material es de mala calidad.,negative,2,Travel,False
1634,No lo recomiendo. La atención al cliente fue pésima.,negative,1,Toys & Games,True
1635,"Sin quejas, todo perfecto. Lo volvería a comprar sin dudarlo.",positive,5,Books,True
1636,No funciona para nada. No funciona como se prometía.,negative,1,Office Products,True
1637,De los mejores productos que he comprado. Lo compré para un regalo y fue un éxito.,positive,4,Office Products,False
1638,No vale la pena. No lo recomendaría a nadie.,negative,1,Jewelry,True
1639,Producto tal como se describe. Resistente y duradero.,positive,4,Sports & Outdoors,True
1640,No funciona para nada. Se rompió después de una semana.,negative,2,Pet Supplies,False
1641,Producto de gran calidad. La calidad es increíble y llegó antes de lo esperado.,positive,5,Jewelry,False
1642,Perfecto para lo que necesitaba. Lo volvería a comprar sin dudarlo.,positive,4,Pet Supplies,True
1643,"Excelente producto, superó mis expectativas. Mi familia quedó encantada.",positive,5,Fashion,True
1644,Se rompió a los pocos días. El producto llegó roto.,negative,1,Fashion,False
1645,No funciona para nada. No coincide con la descripción.,negative,2,Electronics,False
1646,Gran relación calidad-precio. Lo compré para un regalo y fue un éxito.,positive,5,Office Products,True
1647,No lo recomiendo. Se rompió después de una semana.,negative,2,Grocery,False
1648,Cumple con todo lo prometido. Lo volvería a comprar sin dudarlo.,positive,5,Electronics,False
1649,Muy buena compra. El envío fue rápido y el empaque perfecto.,positive,4,Pet Supplies,False
1650,Lo recomiendo ampliamente. Muy práctico y fácil de usar.,positive,4,Books,True
1651,El mejor que he probado. El envío fue rápido y el empaque perfecto.,positive,4,Office Products,False
1652,Decepción total. El producto llegó roto.,negative,1,Home & Kitchen,False
1653,Nada especial pero funciona. No destaca en nada.,neutral,3,Home & Kitchen,False
1654,Producto diferente al publicado. El material es de mala calidad.,negative,1,Books,True
1655,Excedió todas mis expectativas. El diseño es moderno y elegante.,positive,5,Jewelry,True
1656,Mala calidad de materiales. La atención al cliente fue pésima.,negative,2,Pet Supplies,False
1657,Gran relación calidad-precio. La calidad es increíble y llegó antes de lo esperado.,positive,5,Home & Kitchen,True
1658,El mejor que he probado. El mejor de su categoría.,positive,5,Books,True
1659,No lo recomiendo. La atención al cliente fue pésima.,negative,2,Jewelry,True
1660,Perfecto para lo que necesitaba. Lo volvería a comprar sin dudarlo.,positive,5,Fashion,True
1661,Me encanta este producto. La calidad es increíble y llegó antes de lo esperado.,positive,4,Office Products,False
1662,Cumple con todo lo prometido. Muy práctico y fácil de usar.,positive,4,Travel,True
1663,"Excelente producto, superó mis expectativas. El mejor de su categoría.",positive,4,Pet Supplies,False
1664,Muy buena compra. Muy práctico y fácil de usar.,positive,4,Travel,True
1665,De los mejores productos que he comprado. La calidad es increíble y llegó antes de lo esperado.,positive,5,Home & Kitchen,True
1666,No vale la pena. No coincide con la descripción.,negative,2,Office Products,True
1667,Producto tal como se describe. El diseño es moderno y elegante.,positive,4,Travel,False
1668,"Sin quejas, todo perfecto. Mi familia quedó encantada.",positive,5,Grocery,False
1669,Se rompió a los pocos días. La atención al cliente fue pésima.,negative,1,Travel,True
1670,Producto de gran calidad. El diseño es moderno y elegante.,positive,4,Books,True
1671,Horrible experiencia de compra. No funciona como se prometía.,negative,1,Toys & Games,True
1672,Muy decepcionado con la compra. Es una pérdida de dinero.,negative,2,Toys & Games,False
1673,Me encanta este producto. Resistente y duradero.,positive,4,Home & Kitchen,False
1674,No vale la pena. Se rompió después de una semana.,negative,1,Home & Kitchen,False
1675,Es aceptable por el precio. Cumple sin brillar.,neutral,3,Sports & Outdoors,True
1676,Gran relación calidad-precio. Lo compré para un regalo y fue un éxito.,positive,4,Office Products,True
1677,Es aceptable por el precio. No destaca en nada.,neutral,3,Toys & Games,True
1678,Muy decepcionado con la compra. No funciona como se prometía.,negative,2,Travel,True
1679,Cumple con todo lo prometido. El diseño es moderno y elegante.,positive,5,Fashion,True
1680,Me encanta este producto. Muy práctico y fácil de usar.,positive,4,Office Products,True
1681,No funciona como se anuncia. Es una pérdida de dinero.,negative,1,Toys & Games,False
1682,"Sin quejas, todo perfecto. Lo volvería a comprar sin dudarlo.",positive,5,Toys & Games,False
1683,No funciona como se anuncia. No funciona como se prometía.,negative,1,Office Products,True
1684,Excedió todas mis expectativas. Lo volvería a comprar sin dudarlo.,positive,5,Fashion,False
1685,El mejor que he probado. El envío fue rápido y el empaque perfecto.,positive,4,Fashion,False
1686,Producto defectuoso. No funciona como se prometía.,negative,2,Books,False
1687,El peor producto que he comprado. No funciona como se prometía.,negative,1,Pet Supplies,False
1688,Producto tal como se describe. Muy práctico y fácil de usar.,positive,5,Toys & Games,True
1689,Funciona pero nada extraordinario. Para uso ocasional está bien.,neutral,3,Home & Kitchen,True
1690,Muy satisfecho con la compra. El envío fue rápido y el empaque perfecto.,positive,4,Jewelry,True
1691,Producto tal como se describe. Resistente y duradero.,positive,5,Electronics,False
1692,El peor producto que he comprado. Tuve que devolverlo.,negative,1,Grocery,True
1693,Increíble calidad por este precio. La calidad es increíble y llegó antes de lo esperado.,positive,4,Office Products,False
1694,Muy buena compra. Resistente y duradero.,positive,4,Fashion,True
1695,De los mejores productos que he comprado. El envío fue rápido y el empaque perfecto.,positive,5,Grocery,False
1696,Funciona pero nada extraordinario. Es lo que esperaba por ese precio.,neutral,3,Office Products,True
1697,Gran relación calidad-precio. Muy práctico y fácil de usar.,positive,4,Grocery,True
1698,Perfecto para lo que necesitaba. El diseño es moderno y elegante.,positive,5,Books,True
1699,Pésima calidad. El envío tardó demasiado.,negative,2,Travel,True
1700,Para el precio está bien. No destaca en nada.,neutral,3,Sports & Outdoors,True
1701,No lo recomiendo. No funciona como se prometía.,negative,2,Home & Kitchen,True
1702,Me encanta este producto. Mi familia quedó encantada.,positive,4,Electronics,True
1703,Muy satisfecho con la compra. El mejor de su categoría.,positive,4,Grocery,True
1704,"Excelente producto, superó mis expectativas. El envío fue rápido y el empaque perfecto.",positive,5,Travel,False
1705,Gran relación calidad-precio. El diseño es moderno y elegante.,positive,5,Sports & Outdoors,False
1706,No es malo ni bueno. No destaca en nada.,neutral,3,Pet Supplies,False
1707,"Sin quejas, todo perfecto. Lo compré para un regalo y fue un éxito.",positive,5,Electronics,False
1708,Es aceptable por el precio. No destaca en nada.,neutral,3,Books,False
1709,Me encanta este producto. Mi familia quedó encantada.,positive,5,Electronics,True
1710,Producto diferente al publicado. El envío tardó demasiado.,negative,2,Home & Kitchen,False
1711,Cumple con todo lo prometido. El envío fue rápido y el empaque perfecto.,positive,5,Sports & Outdoors,False
1712,No funciona como se anuncia. La atención al cliente fue pésima.,negative,2,Home & Kitchen,True
1713,Producto tal como se describe. La calidad es increíble y llegó antes de lo esperado.,positive,5,Travel,True
1714,Me encanta este producto. Lo volvería a comprar sin dudarlo.,positive,5,Electronics,False
1715,Excedió todas mis expectativas. Lo uso a diario y funciona perfecto.,positive,5,Office Products,True
1716,Pésima calidad. El envío tardó demasiado.,negative,1,Home & Kitchen,False
1717,Es aceptable por el precio. Cumple sin brillar.,neutral,3,Office Products,True
1718,"Sin quejas, todo perfecto. El mejor de su categoría.",positive,4,Jewelry,True
1719,Lo recomiendo ampliamente. Lo uso a diario y funciona perfecto.,positive,4,Fashion,False
1720,Increíble calidad por este precio. El envío fue rápido y el empaque perfecto.,positive,4,Office Products,True
1721,No funciona para nada. El producto llegó roto.,negative,1,Office Products,False
1722,Pésima calidad. No funciona como se prometía.,negative,1,Office Products,False
1723,El mejor que he probado. La calidad es increíble y llegó antes de lo esperado.,positive,5,Toys & Games,True
1724,Gran relación calidad-precio. Lo compré para un regalo y fue un éxito.,positive,5,Books,False
1725,Nada especial pero funciona. No destaca en nada.,neutral,3,Electronics,True
1726,Pésima calidad. El envío tardó demasiado.,negative,2,Pet Supplies,False
1727,Cumple lo básico. Es lo que esperaba por ese precio.,neutral,3,Fashion,False
1728,Promedio. Para uso ocasional está bien.,neutral,3,Toys & Games,True
1729,El mejor que he probado. El mejor de su categoría.,positive,4,Fashion,False
1730,"Sin quejas, todo perfecto. Lo volvería a comprar sin dudarlo.",positive,5,Grocery,False
1731,Lo recomiendo ampliamente. Lo volvería a comprar sin dudarlo.,positive,5,Office Products,True
1732,Nada especial pero funciona. Cumple sin brillar.,neutral,3,Jewelry,True
1733,Lo recomiendo ampliamente. Resistente y duradero.,positive,4,Home & Kitchen,True
1734,Promedio. Para uso ocasional está bien.,neutral,3,Pet Supplies,True
1735,Producto defectuoso. No coincide con la descripción.,negative,1,Books,False
1736,Decepción total. Es una pérdida de dinero.,negative,2,Sports & Outdoors,False
1737,Increíble calidad por este precio. Lo compré para un regalo y fue un éxito.,positive,4,Home & Kitchen,False
1738,Producto de gran calidad. Lo volvería a comprar sin dudarlo.,positive,4,Toys & Games,True
1739,Cumple con todo lo prometido. Muy práctico y fácil de usar.,positive,4,Office Products,False
1740,No funciona como se anuncia. Tuve que devolverlo.,negative,1,Grocery,False
1741,Llegó dañado y no me reembolsaron. No lo recomendaría a nadie.,negative,2,Toys & Games,True
1742,Muy buena compra. Muy práctico y fácil de usar.,positive,4,Jewelry,True
1743,Para el precio está bien. Nada excepcional.,neutral,3,Grocery,False
1744,Perfecto para lo que necesitaba. El diseño es moderno y elegante.,positive,4,Grocery,True
1745,Producto tal como se describe. Muy práctico y fácil de usar.,positive,4,Toys & Games,True
1746,Decepción total. No coincide con la descripción.,negative,2,Toys & Games,True
1747,No funciona para nada. Se rompió después de una semana.,negative,1,Grocery,True
1748,El mejor que he probado. Lo volvería a comprar sin dudarlo.,positive,5,Sports & Outdoors,False
1749,"Sin quejas, todo perfecto. El envío fue rápido y el empaque perfecto.",positive,5,Office Products,False
1750,El mejor que he probado. La calidad es increíble y llegó antes de lo esperado.,positive,4,Sports & Outdoors,True
1751,No funciona como se anuncia. El envío tardó demasiado.,negative,2,Electronics,True
1752,Producto diferente al publicado. El envío tardó demasiado.,negative,2,Travel,True
1753,Una estafa total. El envío tardó demasiado.,negative,1,Books,False
1754,"Sin quejas, todo perfecto. Lo compré para un regalo y fue un éxito.",positive,4,Sports & Outdoors,True
1755,Cumple lo básico. Es lo que esperaba por ese precio.,neutral,3,Fashion,False
1756,Lo recomiendo ampliamente. Lo volvería a comprar sin dudarlo.,positive,4,Pet Supplies,True
1757,No lo recomiendo. No coincide con la descripción.,negative,1,Fashion,False
1758,Muy decepcionado con la compra. No coincide con la descripción.,negative,1,Home & Kitchen,False
1759,Muy satisfecho con la compra. El mejor de su categoría.,positive,5,Fashion,True
1760,Llegó dañado y no me reembolsaron. El producto llegó roto.,negative,2,Home & Kitchen,True
1761,No funciona como se anuncia. Se rompió después de una semana.,negative,1,Home & Kitchen,False
1762,Cumple con todo lo prometido. La calidad es increíble y llegó antes de lo esperado.,positive,4,Home & Kitchen,False
1763,Cumple lo básico. Hay mejores opciones en el mercado.,neutral,3,Fashion,False
1764,No funciona para nada. No coincide con la descripción.,negative,2,Toys & Games,False
1765,"Excelente producto, superó mis expectativas. El mejor de su categoría.",positive,4,Toys & Games,True
1766,Muy satisfecho con la compra. El mejor de su categoría.,positive,4,Toys & Games,True
1767,No funciona como se anuncia. El producto llegó roto.,negative,2,Books,True
1768,Producto de gran calidad. Mi familia quedó encantada.,positive,5,Travel,False
1769,El mejor que he probado. Lo uso a diario y funciona perfecto.,positive,5,Pet Supplies,True
1770,Es aceptable por el precio. No destaca en nada.,neutral,3,Toys & Games,False
1771,Muy satisfecho con la compra. Mi familia quedó encantada.,positive,5,Home & Kitchen,True
1772,Llegó dañado y no me reembolsaron. Es una pérdida de dinero.,negative,1,Sports & Outdoors,True
1773,Decepción total. El envío tardó demasiado.,negative,1,Jewelry,False
1774,Perfecto para lo que necesitaba. Resistente y duradero.,positive,4,Travel,False
1775,Cumple lo básico. No destaca en nada.,neutral,3,Fashion,True
1776,Excedió todas mis expectativas. Resistente y duradero.,positive,5,Home & Kitchen,True
1777,No funciona como se anuncia. La atención al cliente fue pésima.,negative,2,Sports & Outdoors,True
1778,Gran relación calidad-precio. Mi familia quedó encantada.,positive,5,Pet Supplies,False
1779,Muy buena compra. Mi familia quedó encantada.,positive,5,Fashion,True
1780,Producto tal como se describe. El mejor de su categoría.,positive,5,Pet Supplies,True
1781,Producto tal como se describe. Lo volvería a comprar sin dudarlo.,positive,5,Books,True
1782,Lo recomiendo ampliamente. La calidad es increíble y llegó antes de lo esperado.,positive,4,Sports & Outdoors,False
1783,Cumple lo básico. No destaca en nada.,neutral,3,Sports & Outdoors,False
1784,No lo recomiendo. Tuve que devolverlo.,negative,1,Fashion,False
1785,"Excelente producto, superó mis expectativas. El envío fue rápido y el empaque perfecto.",positive,4,Home & Kitchen,True
1786,"Sin quejas, todo perfecto. Lo compré para un regalo y fue un éxito.",positive,4,Sports & Outdoors,True
1787,El peor producto que he comprado. No lo recomendaría a nadie.,negative,1,Fashion,True
1788,Muy satisfecho con la compra. Muy práctico y fácil de usar.,positive,4,Home & Kitchen,True
1789,No funciona como se anuncia. No coincide con la descripción.,negative,2,Pet Supplies,True
1790,El peor producto que he comprado. El material es de mala calidad.,negative,2,Sports & Outdoors,False
1791,No lo recomiendo. La atención al cliente fue pésima.,negative,1,Fashion,True
1792,Producto regular. Nada excepcional.,neutral,3,Fashion,True
1793,El mejor que he probado. Resistente y duradero.,positive,5,Grocery,False
1794,No es malo ni bueno. Cumple sin brillar.,neutral,3,Books,False
1795,No es malo ni bueno. No destaca en nada.,neutral,3,Grocery,False
1796,Nada especial pero funciona. Cumple sin brillar.,neutral,3,Books,False
1797,Llegó dañado y no me reembolsaron. No coincide con la descripción.,negative,1,Grocery,True
1798,El peor producto que he comprado. No funciona como se prometía.,negative,2,Travel,False
1799,Producto defectuoso. No funciona como se prometía.,negative,1,Travel,False
1800,Muy satisfecho con la compra. Lo uso a diario y funciona perfecto.,positive,4,Sports & Outdoors,False
1801,Producto de gran calidad. El mejor de su categoría.,positive,5,Home & Kitchen,True
1802,Cumple con todo lo prometido. El diseño es moderno y elegante.,positive,4,Books,True
1803,Pésima calidad. El envío tardó demasiado.,negative,1,Home & Kitchen,True
1804,Producto defectuoso. El producto llegó roto.,negative,2,Sports & Outdoors,True
1805,Producto regular. Para uso ocasional está bien.,neutral,3,Toys & Games,False
1806,Mala calidad de materiales. El material es de mala calidad.,negative,2,Sports & Outdoors,True
1807,Una estafa total. El material es de mala calidad.,negative,1,Grocery,True
1808,Producto defectuoso. No lo recomendaría a nadie.,negative,1,Office Products,False
1809,No lo recomiendo. No coincide con la descripción.,negative,1,Fashion,False
1810,"Sin quejas, todo perfecto. Muy práctico y fácil de usar.",positive,4,Books,True
1811,No vale la pena. Es una pérdida de dinero.,negative,1,Jewelry,False
1812,Gran relación calidad-precio. El diseño es moderno y elegante.,positive,4,Sports & Outdoors,False
1813,Lo recomiendo ampliamente. Muy práctico y fácil de usar.,positive,5,Jewelry,True
1814,Para el precio está bien. No destaca en nada.,neutral,3,Electronics,True
1815,No vale la pena. La atención al cliente fue pésima.,negative,2,Pet Supplies,True
1816,Increíble calidad por este precio. El diseño es moderno y elegante.,positive,4,Fashion,True
1817,Gran relación calidad-precio. Lo uso a diario y funciona perfecto.,positive,5,Home & Kitchen,True
1818,No lo recomiendo. Tuve que devolverlo.,negative,2,Toys & Games,False
1819,Muy decepcionado con la compra. No lo recomendaría a nadie.,negative,1,Pet Supplies,True
1820,Me encanta este producto. Lo compré para un regalo y fue un éxito.,positive,5,Jewelry,True
1821,Gran relación calidad-precio. Lo uso a diario y funciona perfecto.,positive,5,Travel,False
1822,Decepción total. El producto llegó roto.,negative,2,Jewelry,True
1823,Se rompió a los pocos días. Es una pérdida de dinero.,negative,1,Electronics,True
1824,No es malo ni bueno. Es lo que esperaba por ese precio.,neutral,3,Fashion,False
1825,Es aceptable por el precio. Es lo que esperaba por ese precio.,neutral,3,Pet Supplies,True
1826,El mejor que he probado. El mejor de su categoría.,positive,5,Pet Supplies,True
1827,Increíble calidad por este precio. Lo compré para un regalo y fue un éxito.,positive,4,Office Products,True
1828,Gran relación calidad-precio. Mi familia quedó encantada.,positive,4,Jewelry,False
1829,Muy satisfecho con la compra. El diseño es moderno y elegante.,positive,5,Pet Supplies,True
1830,No funciona como se anuncia. Se rompió después de una semana.,negative,2,Sports & Outdoors,True
1831,Funciona pero nada extraordinario. No destaca en nada.,neutral,3,Sports & Outdoors,False
1832,Es aceptable por el precio. No destaca en nada.,neutral,3,Books,True
1833,Funciona pero nada extraordinario. Para uso ocasional está bien.,neutral,3,Toys & Games,True
1834,Perfecto para lo que necesitaba. Lo compré para un regalo y fue un éxito.,positive,4,Home & Kitchen,False
1835,Para el precio está bien. Es lo que esperaba por ese precio.,neutral,3,Grocery,True
1836,No funciona como se anuncia. El producto llegó roto.,negative,2,Home & Kitchen,False
1837,Producto de gran calidad. Muy práctico y fácil de usar.,positive,5,Sports & Outdoors,False
1838,"Sin quejas, todo perfecto. Lo compré para un regalo y fue un éxito.",positive,4,Sports & Outdoors,False
1839,Muy decepcionado con la compra. No lo recomendaría a nadie.,negative,1,Jewelry,True
1840,"Excelente producto, superó mis expectativas. El envío fue rápido y el empaque perfecto.",positive,5,Pet Supplies,True
1841,Muy satisfecho con la compra. Lo compré para un regalo y fue un éxito.,positive,5,Toys & Games,True
1842,Nada especial pero funciona. Cumple sin brillar.,neutral,3,Pet Supplies,True
1843,Me encanta este producto. El mejor de su categoría.,positive,4,Fashion,False
1844,Lo recomiendo ampliamente. Lo volvería a comprar sin dudarlo.,positive,4,Electronics,False
1845,No lo recomiendo. El envío tardó demasiado.,negative,1,Grocery,True
1846,Llegó dañado y no me reembolsaron. El material es de mala calidad.,negative,2,Sports & Outdoors,False
1847,No vale la pena. No funciona como se prometía.,negative,2,Home & Kitchen,True
1848,Producto de gran calidad. El mejor de su categoría.,positive,5,Jewelry,True
1849,No lo recomiendo. El material es de mala calidad.,negative,2,Travel,False
1850,Muy decepcionado con la compra. La atención al cliente fue pésima.,negative,1,Home & Kitchen,True
1851,Muy decepcionado con la compra. Tuve que devolverlo.,negative,2,Jewelry,True
1852,Producto diferente al publicado. El envío tardó demasiado.,negative,1,Office Products,True
1853,Producto tal como se describe. Lo compré para un regalo y fue un éxito.,positive,5,Home & Kitchen,True
1854,Cumple lo básico. Para uso ocasional está bien.,neutral,3,Pet Supplies,False
1855,Funciona pero nada extraordinario. No destaca en nada.,neutral,3,Sports & Outdoors,True
1856,Decepción total. El envío tardó demasiado.,negative,2,Toys & Games,False
1857,Decepción total. El material es de mala calidad.,negative,1,Electronics,True
1858,De los mejores productos que he comprado. El mejor de su categoría.,positive,5,Jewelry,False
1859,Lo recomiendo ampliamente. El mejor de su categoría.,positive,5,Office Products,True
1860,No funciona para nada. El producto llegó roto.,negative,2,Jewelry,False
1861,"Sin quejas, todo perfecto. El envío fue rápido y el empaque perfecto.",positive,5,Office Products,False
1862,Pésima calidad. La atención al cliente fue pésima.,negative,2,Fashion,True
1863,No funciona para nada. El envío tardó demasiado.,negative,2,Grocery,True
1864,Es aceptable por el precio. No destaca en nada.,neutral,3,Home & Kitchen,True
1865,"Excelente producto, superó mis expectativas. Lo volvería a comprar sin dudarlo.",positive,4,Grocery,True
1866,Se rompió a los pocos días. No coincide con la descripción.,negative,1,Pet Supplies,False
1867,Perfecto para lo que necesitaba. Muy práctico y fácil de usar.,positive,4,Grocery,True
1868,Mala calidad de materiales. El envío tardó demasiado.,negative,2,Travel,True
1869,El mejor que he probado. La calidad es increíble y llegó antes de lo esperado.,positive,4,Travel,True
1870,Muy satisfecho con la compra. El envío fue rápido y el empaque perfecto.,positive,4,Toys & Games,False
1871,Cumple lo básico. No destaca en nada.,neutral,3,Pet Supplies,False
1872,Es aceptable por el precio. Es lo que esperaba por ese precio.,neutral,3,Home & Kitchen,False
1873,Muy decepcionado con la compra. Tuve que devolverlo.,negative,2,Travel,True
1874,Me encanta este producto. Mi familia quedó encantada.,positive,5,Travel,False
1875,No lo recomiendo. El producto llegó roto.,negative,1,Fashion,True
1876,Gran relación calidad-precio. Resistente y duradero.,positive,5,Jewelry,True
1877,Increíble calidad por este precio. Lo uso a diario y funciona perfecto.,positive,5,Books,True
1878,Pésima calidad. No funciona como se prometía.,negative,1,Home & Kitchen,True
1879,Lo recomiendo ampliamente. Lo uso a diario y funciona perfecto.,positive,4,Fashion,False
1880,Muy satisfecho con la compra. Mi familia quedó encantada.,positive,4,Grocery,False
1881,Me encanta este producto. El mejor de su categoría.,positive,5,Office Products,True
1882,El mejor que he probado. El diseño es moderno y elegante.,positive,4,Office Products,True
1883,No funciona como se anuncia. Se rompió después de una semana.,negative,2,Pet Supplies,False
1884,Funciona pero nada extraordinario. Nada excepcional.,neutral,3,Toys & Games,False
1885,Llegó dañado y no me reembolsaron. Se rompió después de una semana.,negative,2,Jewelry,False
1886,Excedió todas mis expectativas. El envío fue rápido y el empaque perfecto.,positive,4,Electronics,False
1887,Horrible experiencia de compra. Es una pérdida de dinero.,negative,2,Sports & Outdoors,False
1888,Cumple con todo lo prometido. Mi familia quedó encantada.,positive,4,Office Products,True
1889,Lo recomiendo ampliamente. Mi familia quedó encantada.,positive,4,Sports & Outdoors,True
1890,Producto defectuoso. No funciona como se prometía.,negative,1,Electronics,False
1891,Increíble calidad por este precio. Muy práctico y fácil de usar.,positive,5,Grocery,True
1892,Producto tal como se describe. Muy práctico y fácil de usar.,positive,4,Home & Kitchen,False
1893,Horrible experiencia de compra. El material es de mala calidad.,negative,1,Travel,False
1894,Lo recomiendo ampliamente. Muy práctico y fácil de usar.,positive,5,Electronics,False
1895,Me encanta este producto. Lo uso a diario y funciona perfecto.,positive,5,Home & Kitchen,False
1896,Muy buena compra. Lo compré para un regalo y fue un éxito.,positive,5,Books,True
1897,Increíble calidad por este precio. Resistente y duradero.,positive,4,Toys & Games,True
1898,Producto defectuoso. Es una pérdida de dinero.,negative,2,Grocery,True
1899,Muy satisfecho con la compra. Resistente y duradero.,positive,4,Home & Kitchen,False
1900,Una estafa total. No funciona como se prometía.,negative,2,Office Products,True
1901,El peor producto que he comprado. No lo recomendaría a nadie.,negative,2,Electronics,False
1902,Excedió todas mis expectativas. Lo uso a diario y funciona perfecto.,positive,5,Sports & Outdoors,True
1903,De los mejores productos que he comprado. La calidad es increíble y llegó antes de lo esperado.,positive,4,Fashion,True
1904,Funciona pero nada extraordinario. Hay mejores opciones en el mercado.,neutral,3,Fashion,True
1905,De los mejores productos que he comprado. El mejor de su categoría.,positive,5,Electronics,True
1906,Muy satisfecho con la compra. La calidad es increíble y llegó antes de lo esperado.,positive,4,Toys & Games,True
1907,Perfecto para lo que necesitaba. El envío fue rápido y el empaque perfecto.,positive,5,Fashion,False
1908,De los mejores productos que he comprado. El envío fue rápido y el empaque perfecto.,positive,5,Jewelry,False
1909,No vale la pena. Es una pérdida de dinero.,negative,1,Books,False
1910,Una estafa total. Tuve que devolverlo.,negative,2,Books,True
1911,"Sin quejas, todo perfecto. Lo uso a diario y funciona perfecto.",positive,5,Sports & Outdoors,True
1912,Se rompió a los pocos días. La atención al cliente fue pésima.,negative,1,Home & Kitchen,False
1913,El mejor que he probado. Muy práctico y fácil de usar.,positive,4,Pet Supplies,False
1914,Gran relación calidad-precio. Muy práctico y fácil de usar.,positive,4,Jewelry,False
1915,Se rompió a los pocos días. Tuve que devolverlo.,negative,2,Travel,True
1916,Decepción total. No coincide con la descripción.,negative,1,Books,False
1917,De los mejores productos que he comprado. Lo volvería a comprar sin dudarlo.,positive,5,Grocery,True
1918,Muy decepcionado con la compra. El envío tardó demasiado.,negative,1,Office Products,True
1919,No funciona como se anuncia. Tuve que devolverlo.,negative,1,Home & Kitchen,True
1920,Producto de gran calidad. El diseño es moderno y elegante.,positive,5,Electronics,False
1921,Una estafa total. El envío tardó demasiado.,negative,2,Home & Kitchen,True
1922,Producto de gran calidad. Lo compré para un regalo y fue un éxito.,positive,4,Grocery,False
1923,El peor producto que he comprado. El envío tardó demasiado.,negative,1,Sports & Outdoors,True
1924,"Sin quejas, todo perfecto. Lo compré para un regalo y fue un éxito.",positive,5,Books,False
1925,Muy buena compra. El diseño es moderno y elegante.,positive,4,Grocery,False
1926,Producto diferente al publicado. El producto llegó roto.,negative,1,Travel,True
1927,Es aceptable por el precio. No destaca en nada.,neutral,3,Electronics,True
1928,Muy decepcionado con la compra. Es una pérdida de dinero.,negative,1,Home & Kitchen,False
1929,Me encanta este producto. Lo compré para un regalo y fue un éxito.,positive,5,Home & Kitchen,True
1930,El peor producto que he comprado. Se rompió después de una semana.,negative,2,Fashion,True
1931,"Sin quejas, todo perfecto. Lo volvería a comprar sin dudarlo.",positive,5,Toys & Games,True
1932,"Sin quejas, todo perfecto. El diseño es moderno y elegante.",positive,5,Books,True
1933,Producto de gran calidad. El envío fue rápido y el empaque perfecto.,positive,4,Sports & Outdoors,False
1934,El mejor que he probado. Resistente y duradero.,positive,4,Office Products,False
1935,Increíble calidad por este precio. Lo uso a diario y funciona perfecto.,positive,5,Fashion,True
1936,Horrible experiencia de compra. El producto llegó roto.,negative,2,Pet Supplies,True
1937,De los mejores productos que he comprado. La calidad es increíble y llegó antes de lo esperado.,positive,4,Jewelry,False
1938,Mala calidad de materiales. No coincide con la descripción.,negative,1,Home & Kitchen,True
1939,Excedió todas mis expectativas. Resistente y duradero.,positive,5,Sports & Outdoors,False
1940,Una estafa total. Tuve que devolverlo.,negative,2,Electronics,False
1941,Increíble calidad por este precio. El mejor de su categoría.,positive,5,Travel,False
1942,Producto de gran calidad. Lo compré para un regalo y fue un éxito.,positive,4,Books,True
1943,Lo recomiendo ampliamente. Lo volvería a comprar sin dudarlo.,positive,4,Office Products,False
1944,Lo recomiendo ampliamente. Lo compré para un regalo y fue un éxito.,positive,4,Travel,True
1945,Para el precio está bien. Nada excepcional.,neutral,3,Fashion,False
1946,Promedio. Para uso ocasional está bien.,neutral,3,Office Products,False
1947,No es malo ni bueno. Para uso ocasional está bien.,neutral,3,Books,True
1948,No funciona para nada. No lo recomendaría a nadie.,negative,2,Home & Kitchen,False
1949,No lo recomiendo. La atención al cliente fue pésima.,negative,2,Electronics,False
1950,Nada especial pero funciona. Es lo que esperaba por ese precio.,neutral,3,Travel,True
1951,Horrible experiencia de compra. Es una pérdida de dinero.,negative,2,Travel,True
1952,Muy satisfecho con la compra. El diseño es moderno y elegante.,positive,5,Electronics,False
1953,De los mejores productos que he comprado. Lo volvería a comprar sin dudarlo.,positive,5,Home & Kitchen,True
1954,Me encanta este producto. Mi familia quedó encantada.,positive,4,Travel,True
1955,Gran relación calidad-precio. El diseño es moderno y elegante.,positive,4,Grocery,True
1956,No es malo ni bueno. Hay mejores opciones en el mercado.,neutral,3,Books,False
1957,No lo recomiendo. Se rompió después de una semana.,negative,1,Electronics,False
1958,Es aceptable por el precio. Cumple sin brillar.,neutral,3,Travel,False
1959,Increíble calidad por este precio. El diseño es moderno y elegante.,positive,4,Toys & Games,False
1960,El mejor que he probado. Mi familia quedó encantada.,positive,5,Jewelry,True
1961,No lo recomiendo. No coincide con la descripción.,negative,1,Office Products,True
1962,Perfecto para lo que necesitaba. Lo volvería a comprar sin dudarlo.,positive,4,Travel,False
1963,Mala calidad de materiales. El material es de mala calidad.,negative,2,Home & Kitchen,True
1964,No vale la pena. No funciona como se prometía.,negative,2,Pet Supplies,False
1965,Me encanta este producto. Resistente y duradero.,positive,5,Electronics,True
1966,Funciona pero nada extraordinario. No destaca en nada.,neutral,3,Fashion,False
1967,No funciona como se anuncia. No lo recomendaría a nadie.,negative,2,Grocery,False
1968,Producto de gran calidad. Lo compré para un regalo y fue un éxito.,positive,5,Travel,True
1969,De los mejores productos que he comprado. La calidad es increíble y llegó antes de lo esperado.,positive,5,Home & Kitchen,True
1970,Gran relación calidad-precio. Lo volvería a comprar sin dudarlo.,positive,4,Home & Kitchen,False
1971,No funciona para nada. El producto llegó roto.,negative,2,Home & Kitchen,True
1972,No vale la pena. Tuve que devolverlo.,negative,1,Fashion,True
1973,Nada especial pero funciona. Para uso ocasional está bien.,neutral,3,Travel,False
1974,Mala calidad de materiales. Tuve que devolverlo.,negative,1,Jewelry,True
1975,Producto de gran calidad. Lo volvería a comprar sin dudarlo.,positive,4,Home & Kitchen,True
1976,Excedió todas mis expectativas. La calidad es increíble y llegó antes de lo esperado.,positive,4,Grocery,False
1977,Perfecto para lo que necesitaba. Lo compré para un regalo y fue un éxito.,positive,4,Pet Supplies,True
1978,No funciona para nada. No lo recomendaría a nadie.,negative,2,Travel,False
1979,Cumple lo básico. Es lo que esperaba por ese precio.,neutral,3,Fashion,True
1980,Producto de gran calidad. El mejor de su categoría.,positive,4,Grocery,True
1981,Perfecto para lo que necesitaba. Lo uso a diario y funciona perfecto.,positive,5,Jewelry,False
1982,Me encanta este producto. Lo compré para un regalo y fue un éxito.,positive,5,Home & Kitchen,False
1983,Producto de gran calidad. La calidad es increíble y llegó antes de lo esperado.,positive,5,Toys & Games,False
1984,"Excelente producto, superó mis expectativas. Lo volvería a comprar sin dudarlo.",positive,5,Toys & Games,True
1985,Producto defectuoso. No funciona como se prometía.,negative,2,Fashion,False
1986,Para el precio está bien. Para uso ocasional está bien.,neutral,3,Electronics,True
1987,Gran relación calidad-precio. El mejor de su categoría.,positive,4,Office Products,True
1988,Gran relación calidad-precio. Lo volvería a comprar sin dudarlo.,positive,4,Sports & Outdoors,False
1989,No lo recomiendo. El envío tardó demasiado.,negative,1,Office Products,True
1990,Para el precio está bien. Es lo que esperaba por ese precio.,neutral,3,Pet Supplies,True
1991,No funciona como se anuncia. No funciona como se prometía.,negative,2,Jewelry,False
1992,Muy decepcionado con la compra. El producto llegó roto.,negative,2,Electronics,True
1993,Excedió todas mis expectativas. Resistente y duradero.,positive,4,Sports & Outdoors,True
1994,Es aceptable por el precio. No destaca en nada.,neutral,3,Fashion,False
1995,Decepción total. La atención al cliente fue pésima.,negative,2,Electronics,False
1996,Excedió todas mis expectativas. Mi familia quedó encantada.,positive,4,Jewelry,True
1997,Promedio. No destaca en nada.,neutral,3,Pet Supplies,False
1998,Lo recomiendo ampliamente. El diseño es moderno y elegante.,positive,4,Pet Supplies,False
1999,Pésima calidad. No coincide con la descripción.,negative,1,Office Products,True
2000,El mejor que he probado. Lo uso a diario y funciona perfecto.,positive,4,Books,True
2001,Una estafa total. El material es de mala calidad.,negative,1,Jewelry,True
2002,Lo recomiendo ampliamente. Muy práctico y fácil de usar.,positive,5,Jewelry,False
2003,Horrible experiencia de compra. Es una pérdida de dinero.,negative,2,Fashion,True
2004,De los mejores productos que he comprado. Lo uso a diario y funciona perfecto.,positive,5,Jewelry,True
2005,Muy satisfecho con la compra. Lo uso a diario y funciona perfecto.,positive,5,Pet Supplies,True
2006,"Excelente producto, superó mis expectativas. Muy práctico y fácil de usar.",positive,5,Toys & Games,False
2007,Muy satisfecho con la compra. El envío fue rápido y el empaque perfecto.,positive,5,Toys & Games,True
2008,No funciona para nada. Es una pérdida de dinero.,negative,1,Jewelry,False
2009,Producto tal como se describe. Lo uso a diario y funciona perfecto.,positive,4,Jewelry,False
2010,No es malo ni bueno. Cumple sin brillar.,neutral,3,Electronics,True
2011,Lo recomiendo ampliamente. Mi familia quedó encantada.,positive,5,Electronics,True
2012,Increíble calidad por este precio. La calidad es increíble y llegó antes de lo esperado.,positive,5,Books,False
2013,Gran relación calidad-precio. Lo uso a diario y funciona perfecto.,positive,4,Office Products,True
2014,Para el precio está bien. Hay mejores opciones en el mercado.,neutral,3,Toys & Games,True
2015,Producto tal como se describe. Muy práctico y fácil de usar.,positive,5,Travel,False
2016,Cumple con todo lo prometido. Muy práctico y fácil de usar.,positive,5,Electronics,True
2017,Producto tal como se describe. Lo volvería a comprar sin dudarlo.,positive,4,Office Products,True
2018,Llegó dañado y no me reembolsaron. El material es de mala calidad.,negative,1,Fashion,False
2019,Muy decepcionado con la compra. Tuve que devolverlo.,negative,1,Home & Kitchen,False
2020,Me encanta este producto. La calidad es increíble y llegó antes de lo esperado.,positive,5,Books,True
2021,Lo recomiendo ampliamente. Lo compré para un regalo y fue un éxito.,positive,4,Grocery,True
2022,Producto regular. Cumple sin brillar.,neutral,3,Books,True
2023,Excedió todas mis expectativas. El envío fue rápido y el empaque perfecto.,positive,4,Toys & Games,True
2024,Perfecto para lo que necesitaba. El envío fue rápido y el empaque perfecto.,positive,4,Jewelry,False
2025,El mejor que he probado. Lo uso a diario y funciona perfecto.,positive,4,Home & Kitchen,False
2026,Es aceptable por el precio. Es lo que esperaba por ese precio.,neutral,3,Sports & Outdoors,True
2027,Gran relación calidad-precio. El mejor de su categoría.,positive,5,Toys & Games,True
2028,Una estafa total. Es una pérdida de dinero.,negative,2,Grocery,True
2029,"Sin quejas, todo perfecto. Lo volvería a comprar sin dudarlo.",positive,5,Pet Supplies,False
2030,De los mejores productos que he comprado. El mejor de su categoría.,positive,4,Books,False
2031,Muy decepcionado con la compra. No funciona como se prometía.,negative,1,Fashion,True
2032,Para el precio está bien. Cumple sin brillar.,neutral,3,Pet Supplies,True
2033,Perfecto para lo que necesitaba. El diseño es moderno y elegante.,positive,4,Jewelry,False
2034,"Excelente producto, superó mis expectativas. El diseño es moderno y elegante.",positive,4,Jewelry,False
2035,Me encanta este producto. Resistente y duradero.,positive,5,Electronics,True
2036,El mejor que he probado. Lo compré para un regalo y fue un éxito.,positive,4,Grocery,True
2037,No vale la pena. No funciona como se prometía.,negative,1,Electronics,False
2038,No es malo ni bueno. Nada excepcional.,neutral,3,Books,True
2039,De los mejores productos que he comprado. Lo compré para un regalo y fue un éxito.,positive,5,Electronics,True
2040,No funciona para nada. Es una pérdida de dinero.,negative,2,Pet Supplies,False
2041,No funciona como se anuncia. El material es de mala calidad.,negative,2,Pet Supplies,True
2042,Perfecto para lo que necesitaba. El diseño es moderno y elegante.,positive,4,Home & Kitchen,True
2043,Una estafa total. No lo recomendaría a nadie.,negative,2,Office Products,True
2044,No lo recomiendo. El envío tardó demasiado.,negative,2,Travel,True
2045,De los mejores productos que he comprado. El diseño es moderno y elegante.,positive,5,Fashion,False
2046,"Excelente producto, superó mis expectativas. Resistente y duradero.",positive,5,Electronics,False
2047,Me encanta este producto. La calidad es increíble y llegó antes de lo esperado.,positive,4,Jewelry,True
2048,Muy satisfecho con la compra. Resistente y duradero.,positive,5,Fashion,False
2049,No lo recomiendo. Tuve que devolverlo.,negative,2,Fashion,True
2050,No funciona para nada. No lo recomendaría a nadie.,negative,1,Travel,True
2051,Producto de gran calidad. El mejor de su categoría.,positive,4,Pet Supplies,False
2052,"Excelente producto, superó mis expectativas. El diseño es moderno y elegante.",positive,4,Toys & Games,True
2053,No vale la pena. El producto llegó roto.,negative,2,Jewelry,True
2054,Producto tal como se describe. Resistente y duradero.,positive,4,Home & Kitchen,True
2055,Muy buena compra. Mi familia quedó encantada.,positive,5,Travel,False
2056,Increíble calidad por este precio. El diseño es moderno y elegante.,positive,5,Fashion,True
2057,Gran relación calidad-precio. Lo compré para un regalo y fue un éxito.,positive,5,Travel,False
2058,Muy buena compra. La calidad es increíble y llegó antes de lo esperado.,positive,5,Fashion,False
2059,Increíble calidad por este precio. Lo volvería a comprar sin dudarlo.,positive,4,Electronics,True
2060,No vale la pena. Es una pérdida de dinero.,negative,2,Jewelry,False
2061,Funciona pero nada extraordinario. Nada excepcional.,neutral,3,Electronics,True
2062,Muy satisfecho con la compra. Muy práctico y fácil de usar.,positive,4,Jewelry,False
2063,No funciona para nada. Es una pérdida de dinero.,negative,1,Electronics,False
2064,Una estafa total. El envío tardó demasiado.,negative,2,Books,False
2065,Promedio. Hay mejores opciones en el mercado.,neutral,3,Sports & Outdoors,True
2066,"Sin quejas, todo perfecto. Muy práctico y fácil de usar.",positive,4,Pet Supplies,False
2067,Producto tal como se describe. El mejor de su categoría.,positive,5,Home & Kitchen,False
2068,El peor producto que he comprado. El material es de mala calidad.,negative,1,Books,True
2069,Es aceptable por el precio. Es lo que esperaba por ese precio.,neutral,3,Travel,True
2070,Una estafa total. No funciona como se prometía.,negative,2,Home & Kitchen,True
2071,Muy buena compra. Resistente y duradero.,positive,4,Travel,True
2072,Para el precio está bien. No destaca en nada.,neutral,3,Fashion,True
2073,"Sin quejas, todo perfecto. Lo uso a diario y funciona perfecto.",positive,5,Fashion,True
2074,Se rompió a los pocos días. No coincide con la descripción.,negative,1,Home & Kitchen,True
2075,Decepción total. El material es de mala calidad.,negative,2,Sports & Outdoors,True
2076,"Sin quejas, todo perfecto. El diseño es moderno y elegante.",positive,4,Home & Kitchen,False
2077,Promedio. Nada excepcional.,neutral,3,Jewelry,True
2078,Producto regular. No destaca en nada.,neutral,3,Sports & Outdoors,False
2079,Para el precio está bien. Cumple sin brillar.,neutral,3,Office Products,False
2080,Se rompió a los pocos días. No coincide con la descripción.,negative,1,Jewelry,True
2081,Muy buena compra. Lo volvería a comprar sin dudarlo.,positive,4,Sports & Outdoors,False
2082,Producto de gran calidad. El mejor de su categoría.,positive,5,Jewelry,False
2083,Cumple lo básico. Hay mejores opciones en el mercado.,neutral,3,Toys & Games,False
2084,Perfecto para lo que necesitaba. Mi familia quedó encantada.,positive,5,Office Products,False
2085,Producto defectuoso. Se rompió después de una semana.,negative,1,Office Products,False
2086,Muy decepcionado con la compra. No funciona como se prometía.,negative,2,Toys & Games,True
2087,Excedió todas mis expectativas. Resistente y duradero.,positive,5,Books,True
2088,Muy buena compra. Lo uso a diario y funciona perfecto.,positive,5,Books,False
2089,Producto tal como se describe. El mejor de su categoría.,positive,4,Fashion,True
2090,Decepción total. Es una pérdida de dinero.,negative,1,Grocery,True
2091,Gran relación calidad-precio. Muy práctico y fácil de usar.,positive,4,Toys & Games,False
2092,No funciona para nada. Tuve que devolverlo.,negative,1,Toys & Games,True
2093,El peor producto que he comprado. El material es de mala calidad.,negative,1,Pet Supplies,False
2094,Perfecto para lo que necesitaba. Lo uso a diario y funciona perfecto.,positive,4,Sports & Outdoors,True
2095,Se rompió a los pocos días. La atención al cliente fue pésima.,negative,1,Sports & Outdoors,True
2096,El peor producto que he comprado. Es una pérdida de dinero.,negative,2,Travel,True
2097,Decepción total. El producto llegó roto.,negative,2,Office Products,True
2098,Promedio. Hay mejores opciones en el mercado.,neutral,3,Grocery,True
2099,Producto regular. Hay mejores opciones en el mercado.,neutral,3,Fashion,False
2100,Es aceptable por el precio. Cumple sin brillar.,neutral,3,Books,False
2101,De los mejores productos que he comprado. El envío fue rápido y el empaque perfecto.,positive,5,Pet Supplies,False
2102,Producto tal como se describe. Muy práctico y fácil de usar.,positive,4,Electronics,False
2103,"Sin quejas, todo perfecto. El envío fue rápido y el empaque perfecto.",positive,4,Electronics,False
2104,Producto diferente al publicado. No lo recomendaría a nadie.,negative,2,Books,False
2105,Increíble calidad por este precio. El diseño es moderno y elegante.,positive,4,Books,False
2106,Mala calidad de materiales. El material es de mala calidad.,negative,2,Jewelry,False
2107,Muy decepcionado con la compra. Se rompió después de una semana.,negative,2,Home & Kitchen,False
2108,Gran relación calidad-precio. Muy práctico y fácil de usar.,positive,5,Travel,False
2109,Gran relación calidad-precio. Lo uso a diario y funciona perfecto.,positive,5,Sports & Outdoors,False
2110,No funciona para nada. Tuve que devolverlo.,negative,2,Jewelry,False
2111,No lo recomiendo. El envío tardó demasiado.,negative,1,Grocery,True
2112,Funciona pero nada extraordinario. No destaca en nada.,neutral,3,Grocery,False
2113,Me encanta este producto. Lo compré para un regalo y fue un éxito.,positive,5,Pet Supplies,False
2114,Perfecto para lo que necesitaba. Resistente y duradero.,positive,4,Books,False
2115,No lo recomiendo. Tuve que devolverlo.,negative,1,Office Products,True
2116,No vale la pena. Se rompió después de una semana.,negative,1,Travel,True
2117,Promedio. Hay mejores opciones en el mercado.,neutral,3,Jewelry,True
2118,Producto regular. Es lo que esperaba por ese precio.,neutral,3,Home & Kitchen,False
2119,Cumple lo básico. Cumple sin brillar.,neutral,3,Electronics,True
2120,Producto de gran calidad. El mejor de su categoría.,positive,4,Office Products,True
2121,Increíble calidad por este precio. Mi familia quedó encantada.,positive,4,Sports & Outdoors,False
2122,"Excelente producto, superó mis expectativas. La calidad es increíble y llegó antes de lo esperado.",positive,4,Electronics,True
2123,Producto defectuoso. No coincide con la descripción.,negative,2,Toys & Games,False
2124,"Excelente producto, superó mis expectativas. El diseño es moderno y elegante.",positive,4,Home & Kitchen,False
2125,No funciona para nada. El envío tardó demasiado.,negative,1,Home & Kitchen,True
2126,"Excelente producto, superó mis expectativas. La calidad es increíble y llegó antes de lo esperado.",positive,5,Grocery,True
2127,Lo recomiendo ampliamente. Lo volvería a comprar sin dudarlo.,positive,5,Toys & Games,False
2128,Perfecto para lo que necesitaba. El diseño es moderno y elegante.,positive,4,Pet Supplies,True
2129,Me encanta este producto. El diseño es moderno y elegante.,positive,5,Office Products,True
2130,Producto tal como se describe. El diseño es moderno y elegante.,positive,5,Pet Supplies,False
2131,Es aceptable por el precio. Es lo que esperaba por ese precio.,neutral,3,Electronics,False
2132,Mala calidad de materiales. Es una pérdida de dinero.,negative,2,Home & Kitchen,False
2133,Me encanta este producto. Muy práctico y fácil de usar.,positive,4,Pet Supplies,False
2134,El mejor que he probado. El diseño es moderno y elegante.,positive,4,Sports & Outdoors,True
2135,Muy decepcionado con la compra. Es una pérdida de dinero.,negative,1,Fashion,True
2136,Para el precio está bien. Nada excepcional.,neutral,3,Books,True
2137,Producto tal como se describe. Lo volvería a comprar sin dudarlo.,positive,5,Books,True
2138,Llegó dañado y no me reembolsaron. El envío tardó demasiado.,negative,2,Sports & Outdoors,True
2139,De los mejores productos que he comprado. La calidad es increíble y llegó antes de lo esperado.,positive,5,Toys & Games,True
2140,No vale la pena. Tuve que devolverlo.,negative,2,Sports & Outdoors,True
2141,Producto tal como se describe. El mejor de su categoría.,positive,5,Home & Kitchen,True
2142,Me encanta este producto. El envío fue rápido y el empaque perfecto.,positive,4,Electronics,True
2143,No funciona como se anuncia. Se rompió después de una semana.,negative,1,Pet Supplies,True
2144,Excedió todas mis expectativas. El envío fue rápido y el empaque perfecto.,positive,5,Travel,False
2145,Me encanta este producto. La calidad es increíble y llegó antes de lo esperado.,positive,5,Toys & Games,True
2146,"Sin quejas, todo perfecto. El diseño es moderno y elegante.",positive,5,Grocery,False
2147,Horrible experiencia de compra. No coincide con la descripción.,negative,2,Fashion,False
2148,Mala calidad de materiales. No lo recomendaría a nadie.,negative,1,Sports & Outdoors,False
2149,Increíble calidad por este precio. Mi familia quedó encantada.,positive,4,Fashion,True
2150,Producto defectuoso. No funciona como se prometía.,negative,2,Office Products,True
2151,"Excelente producto, superó mis expectativas. El diseño es moderno y elegante.",positive,4,Books,True
2152,Una estafa total. La atención al cliente fue pésima.,negative,2,Electronics,False
2153,Una estafa total. Es una pérdida de dinero.,negative,1,Books,False
2154,No lo recomiendo. El envío tardó demasiado.,negative,1,Office Products,False
2155,Increíble calidad por este precio. El diseño es moderno y elegante.,positive,5,Grocery,True
2156,Muy satisfecho con la compra. Muy práctico y fácil de usar.,positive,4,Toys & Games,True
2157,Producto de gran calidad. El mejor de su categoría.,positive,4,Jewelry,False
2158,Cumple con todo lo prometido. Lo volvería a comprar sin dudarlo.,positive,5,Travel,False
2159,Cumple con todo lo prometido. Muy práctico y fácil de usar.,positive,4,Books,True
2160,Nada especial pero funciona. Hay mejores opciones en el mercado.,neutral,3,Fashion,False
2161,Promedio. No destaca en nada.,neutral,3,Electronics,True
2162,Llegó dañado y no me reembolsaron. Tuve que devolverlo.,negative,2,Sports & Outdoors,False
2163,Pésima calidad. Es una pérdida de dinero.,negative,1,Office Products,False
2164,Una estafa total. El envío tardó demasiado.,negative,2,Grocery,False
2165,No funciona como se anuncia. El envío tardó demasiado.,negative,1,Fashion,False
2166,Se rompió a los pocos días. El envío tardó demasiado.,negative,2,Travel,True
2167,Producto diferente al publicado. No funciona como se prometía.,negative,2,Fashion,True
2168,Para el precio está bien. Cumple sin brillar.,neutral,3,Sports & Outdoors,False
2169,Me encanta este producto. Mi familia quedó encantada.,positive,4,Fashion,True
2170,Producto tal como se describe. Muy práctico y fácil de usar.,positive,5,Electronics,False
2171,Increíble calidad por este precio. El diseño es moderno y elegante.,positive,5,Grocery,True
2172,Producto diferente al publicado. El envío tardó demasiado.,negative,1,Travel,False
2173,Perfecto para lo que necesitaba. La calidad es increíble y llegó antes de lo esperado.,positive,5,Jewelry,True
2174,Para el precio está bien. Nada excepcional.,neutral,3,Travel,False
2175,"Sin quejas, todo perfecto. El mejor de su categoría.",positive,5,Home & Kitchen,True
2176,"Sin quejas, todo perfecto. El envío fue rápido y el empaque perfecto.",positive,4,Fashion,True
2177,"Excelente producto, superó mis expectativas. Resistente y duradero.",positive,4,Travel,True
2178,De los mejores productos que he comprado. Muy práctico y fácil de usar.,positive,5,Travel,True
2179,Increíble calidad por este precio. El envío fue rápido y el empaque perfecto.,positive,5,Jewelry,False
2180,Llegó dañado y no me reembolsaron. El producto llegó roto.,negative,2,Home & Kitchen,True
2181,Se rompió a los pocos días. El envío tardó demasiado.,negative,1,Home & Kitchen,True
2182,Muy buena compra. Muy práctico y fácil de usar.,positive,5,Grocery,False
2183,Perfecto para lo que necesitaba. El diseño es moderno y elegante.,positive,4,Grocery,False
2184,Muy buena compra. Lo uso a diario y funciona perfecto.,positive,5,Jewelry,False
2185,Producto de gran calidad. Lo uso a diario y funciona perfecto.,positive,4,Fashion,False
2186,Mala calidad de materiales. No coincide con la descripción.,negative,1,Electronics,True
2187,Muy decepcionado con la compra. Se rompió después de una semana.,negative,2,Toys & Games,True
2188,No lo recomiendo. El producto llegó roto.,negative,1,Office Products,False
2189,Muy buena compra. Mi familia quedó encantada.,positive,4,Office Products,True
2190,Decepción total. Se rompió después de una semana.,negative,2,Fashion,False
2191,Perfecto para lo que necesitaba. Lo uso a diario y funciona perfecto.,positive,5,Pet Supplies,False
2192,Mala calidad de materiales. Es una pérdida de dinero.,negative,2,Pet Supplies,True
2193,Producto de gran calidad. El mejor de su categoría.,positive,5,Jewelry,True
2194,Funciona pero nada extraordinario. Para uso ocasional está bien.,neutral,3,Travel,False
2195,Muy satisfecho con la compra. El mejor de su categoría.,positive,5,Books,False
2196,"Excelente producto, superó mis expectativas. Lo uso a diario y funciona perfecto.",positive,5,Grocery,True
2197,Muy buena compra. Mi familia quedó encantada.,positive,5,Sports & Outdoors,False
2198,Una estafa total. La atención al cliente fue pésima.,negative,1,Travel,False
2199,Producto regular. Hay mejores opciones en el mercado.,neutral,3,Office Products,False
2200,Producto de gran calidad. Mi familia quedó encantada.,positive,4,Toys & Games,True
2201,Cumple con todo lo prometido. La calidad es increíble y llegó antes de lo esperado.,positive,4,Pet Supplies,False
2202,Se rompió a los pocos días. El material es de mala calidad.,negative,2,Pet Supplies,True
2203,Muy buena compra. Mi familia quedó encantada.,positive,5,Pet Supplies,False
2204,Cumple con todo lo prometido. El mejor de su categoría.,positive,4,Home & Kitchen,False
2205,Muy buena compra. Lo compré para un regalo y fue un éxito.,positive,5,Jewelry,True
2206,Increíble calidad por este precio. El diseño es moderno y elegante.,positive,4,Jewelry,True
2207,Nada especial pero funciona. Hay mejores opciones en el mercado.,neutral,3,Travel,False
2208,Muy decepcionado con la compra. El envío tardó demasiado.,negative,1,Fashion,False
2209,Excedió todas mis expectativas. La calidad es increíble y llegó antes de lo esperado.,positive,4,Travel,True
2210,Perfecto para lo que necesitaba. El diseño es moderno y elegante.,positive,4,Home & Kitchen,True
2211,Me encanta este producto. Lo uso a diario y funciona perfecto.,positive,4,Books,True
2212,Producto defectuoso. Tuve que devolverlo.,negative,2,Fashion,False
2213,"Sin quejas, todo perfecto. Muy práctico y fácil de usar.",positive,5,Pet Supplies,False
2214,Mala calidad de materiales. La atención al cliente fue pésima.,negative,1,Office Products,True
2215,Me encanta este producto. Mi familia quedó encantada.,positive,4,Toys & Games,False
2216,Una estafa total. Tuve que devolverlo.,negative,1,Travel,True
2217,Cumple con todo lo prometido. Muy práctico y fácil de usar.,positive,4,Sports & Outdoors,False
2218,Muy buena compra. Lo volvería a comprar sin dudarlo.,positive,4,Office Products,True
2219,El peor producto que he comprado. Se rompió después de una semana.,negative,1,Electronics,True
2220,Gran relación calidad-precio. Lo compré para un regalo y fue un éxito.,positive,4,Travel,True
2221,Perfecto para lo que necesitaba. Lo compré para un regalo y fue un éxito.,positive,5,Travel,False
2222,Producto de gran calidad. El envío fue rápido y el empaque perfecto.,positive,5,Office Products,True
2223,Gran relación calidad-precio. Lo uso a diario y funciona perfecto.,positive,4,Travel,False
2224,No funciona como se anuncia. No funciona como se prometía.,negative,1,Fashion,False
2225,El peor producto que he comprado. El material es de mala calidad.,negative,1,Office Products,True
2226,"Sin quejas, todo perfecto. Lo uso a diario y funciona perfecto.",positive,5,Jewelry,False
2227,Se rompió a los pocos días. No funciona como se prometía.,negative,2,Grocery,False
2228,Me encanta este producto. El mejor de su categoría.,positive,4,Office Products,True
2229,Increíble calidad por este precio. Lo volvería a comprar sin dudarlo.,positive,5,Toys & Games,True
2230,Llegó dañado y no me reembolsaron. El producto llegó roto.,negative,2,Pet Supplies,False
2231,Excedió todas mis expectativas. Mi familia quedó encantada.,positive,5,Electronics,False
2232,El mejor que he probado. El diseño es moderno y elegante.,positive,5,Electronics,False
2233,Me encanta este producto. La calidad es increíble y llegó antes de lo esperado.,positive,5,Pet Supplies,False
2234,Muy buena compra. Lo uso a diario y funciona perfecto.,positive,4,Sports & Outdoors,True
2235,Pésima calidad. No coincide con la descripción.,negative,2,Home & Kitchen,True
2236,El mejor que he probado. Resistente y duradero.,positive,4,Office Products,False
2237,"Sin quejas, todo perfecto. Lo volvería a comprar sin dudarlo.",positive,5,Books,False
2238,Gran relación calidad-precio. La calidad es increíble y llegó antes de lo esperado.,positive,5,Fashion,True
2239,Gran relación calidad-precio. El diseño es moderno y elegante.,positive,4,Office Products,False
2240,"Sin quejas, todo perfecto. Lo uso a diario y funciona perfecto.",positive,5,Office Products,True
2241,No lo recomiendo. No lo recomendaría a nadie.,negative,2,Grocery,True
2242,Una estafa total. No lo recomendaría a nadie.,negative,1,Pet Supplies,True
2243,No lo recomiendo. No coincide con la descripción.,negative,2,Toys & Games,True
2244,Producto diferente al publicado. El envío tardó demasiado.,negative,1,Toys & Games,True
2245,Cumple con todo lo prometido. Lo compré para un regalo y fue un éxito.,positive,4,Travel,True
2246,Muy buena compra. Mi familia quedó encantada.,positive,5,Home & Kitchen,True
2247,Lo recomiendo ampliamente. Lo uso a diario y funciona perfecto.,positive,5,Jewelry,False
2248,Horrible experiencia de compra. El material es de mala calidad.,negative,2,Travel,False
2249,Decepción total. Es una pérdida de dinero.,negative,2,Electronics,False
2250,De los mejores productos que he comprado. Resistente y duradero.,positive,5,Fashion,False
2251,Para el precio está bien. Hay mejores opciones en el mercado.,neutral,3,Grocery,True
2252,Llegó dañado y no me reembolsaron. El producto llegó roto.,negative,2,Travel,True
2253,Muy decepcionado con la compra. Se rompió después de una semana.,negative,2,Grocery,False
2254,Excedió todas mis expectativas. Resistente y duradero.,positive,5,Electronics,True
2255,Horrible experiencia de compra. No funciona como se prometía.,negative,1,Jewelry,False
2256,Cumple con todo lo prometido. El diseño es moderno y elegante.,positive,4,Grocery,False
2257,Funciona pero nada extraordinario. Nada excepcional.,neutral,3,Fashion,False
2258,Muy decepcionado con la compra. El material es de mala calidad.,negative,1,Books,True
2259,No es malo ni bueno. Hay mejores opciones en el mercado.,neutral,3,Fashion,False
2260,Mala calidad de materiales. Se rompió después de una semana.,negative,2,Office Products,False
2261,El mejor que he probado. Lo uso a diario y funciona perfecto.,positive,5,Travel,False
2262,Pésima calidad. El material es de mala calidad.,negative,2,Pet Supplies,False
2263,Producto de gran calidad. El envío fue rápido y el empaque perfecto.,positive,5,Office Products,False
2264,Cumple con todo lo prometido. Resistente y duradero.,positive,5,Travel,True
2265,Llegó dañado y no me reembolsaron. No lo recomendaría a nadie.,negative,1,Travel,False
2266,Funciona pero nada extraordinario. Hay mejores opciones en el mercado.,neutral,3,Travel,True
2267,Horrible experiencia de compra. No lo recomendaría a nadie.,negative,1,Grocery,True
2268,Producto defectuoso. No funciona como se prometía.,negative,2,Jewelry,True
2269,El mejor que he probado. Lo uso a diario y funciona perfecto.,positive,5,Sports & Outdoors,True
2270,No vale la pena. Es una pérdida de dinero.,negative,2,Books,True
2271,Producto de gran calidad. Resistente y duradero.,positive,4,Books,False
2272,Increíble calidad por este precio. La calidad es increíble y llegó antes de lo esperado.,positive,4,Books,False
2273,Lo recomiendo ampliamente. El envío fue rápido y el empaque perfecto.,positive,5,Pet Supplies,True
2274,No funciona para nada. No coincide con la descripción.,negative,2,Books,False
2275,Producto defectuoso. El producto llegó roto.,negative,1,Travel,False
2276,Para el precio está bien. Es lo que esperaba por ese precio.,neutral,3,Home & Kitchen,False
2277,Cumple lo básico. Cumple sin brillar.,neutral,3,Jewelry,True
2278,Perfecto para lo que necesitaba. Lo compré para un regalo y fue un éxito.,positive,4,Electronics,False
2279,Me encanta este producto. Lo uso a diario y funciona perfecto.,positive,5,Home & Kitchen,True
2280,Se rompió a los pocos días. No coincide con la descripción.,negative,1,Sports & Outdoors,False
2281,Decepción total. Se rompió después de una semana.,negative,1,Pet Supplies,True
2282,El mejor que he probado. Lo uso a diario y funciona perfecto.,positive,5,Pet Supplies,False
2283,Una estafa total. El envío tardó demasiado.,negative,2,Pet Supplies,False
2284,Horrible experiencia de compra. El envío tardó demasiado.,negative,2,Jewelry,True
2285,No vale la pena. El envío tardó demasiado.,negative,1,Electronics,True
2286,Promedio. Cumple sin brillar.,neutral,3,Toys & Games,False
2287,Nada especial pero funciona. Nada excepcional.,neutral,3,Travel,False
2288,El mejor que he probado. El diseño es moderno y elegante.,positive,5,Fashion,True
2289,De los mejores productos que he comprado. Lo compré para un regalo y fue un éxito.,positive,5,Toys & Games,True
2290,Muy buena compra. El diseño es moderno y elegante.,positive,4,Fashion,True
2291,Excedió todas mis expectativas. Lo volvería a comprar sin dudarlo.,positive,5,Fashion,False
2292,No vale la pena. No funciona como se prometía.,negative,2,Office Products,False
2293,No funciona como se anuncia. Tuve que devolverlo.,negative,2,Office Products,True
2294,Una estafa total. Se rompió después de una semana.,negative,1,Toys & Games,True
2295,Muy buena compra. Lo uso a diario y funciona perfecto.,positive,5,Travel,True
2296,Muy buena compra. La calidad es increíble y llegó antes de lo esperado.,positive,5,Grocery,True
2297,Producto diferente al publicado. El producto llegó roto.,negative,2,Office Products,True
2298,Cumple lo básico. Para uso ocasional está bien.,neutral,3,Grocery,True
2299,Producto regular. Es lo que esperaba por ese precio.,neutral,3,Jewelry,True
2300,"Sin quejas, todo perfecto. Muy práctico y fácil de usar.",positive,4,Books,False
2301,Producto tal como se describe. El diseño es moderno y elegante.,positive,5,Home & Kitchen,True
2302,Decepción total. No coincide con la descripción.,negative,1,Grocery,False
2303,Lo recomiendo ampliamente. Lo volvería a comprar sin dudarlo.,positive,4,Jewelry,False
2304,Gran relación calidad-precio. Lo uso a diario y funciona perfecto.,positive,4,Books,False
2305,Excedió todas mis expectativas. Muy práctico y fácil de usar.,positive,4,Home & Kitchen,True
2306,Horrible experiencia de compra. El producto llegó roto.,negative,2,Jewelry,False
2307,Cumple lo básico. Cumple sin brillar.,neutral,3,Pet Supplies,True
2308,Producto defectuoso. El envío tardó demasiado.,negative,2,Office Products,False
2309,Gran relación calidad-precio. El mejor de su categoría.,positive,4,Pet Supplies,False
2310,No es malo ni bueno. Para uso ocasional está bien.,neutral,3,Grocery,True
2311,El mejor que he probado. Resistente y duradero.,positive,5,Home & Kitchen,True
2312,Increíble calidad por este precio. El mejor de su categoría.,positive,5,Pet Supplies,False
2313,Cumple con todo lo prometido. Lo compré para un regalo y fue un éxito.,positive,4,Travel,False
2314,Gran relación calidad-precio. El mejor de su categoría.,positive,5,Fashion,True
2315,Pésima calidad. El envío tardó demasiado.,negative,1,Grocery,False
2316,Muy satisfecho con la compra. El diseño es moderno y elegante.,positive,5,Jewelry,True
2317,Una estafa total. No coincide con la descripción.,negative,1,Books,False
2318,Horrible experiencia de compra. No coincide con la descripción.,negative,1,Sports & Outdoors,False
2319,Mala calidad de materiales. El envío tardó demasiado.,negative,2,Books,False
2320,Gran relación calidad-precio. El envío fue rápido y el empaque perfecto.,positive,5,Toys & Games,False
2321,El peor producto que he comprado. El envío tardó demasiado.,negative,2,Office Products,False
2322,Mala calidad de materiales. El material es de mala calidad.,negative,1,Electronics,False
2323,Excedió todas mis expectativas. El diseño es moderno y elegante.,positive,4,Electronics,True
2324,Perfecto para lo que necesitaba. Mi familia quedó encantada.,positive,5,Electronics,False
2325,Gran relación calidad-precio. El mejor de su categoría.,positive,5,Grocery,True
2326,No funciona para nada. El envío tardó demasiado.,negative,2,Home & Kitchen,True
2327,"Sin quejas, todo perfecto. Resistente y duradero.",positive,5,Jewelry,False
2328,Producto regular. Cumple sin brillar.,neutral,3,Office Products,False
2329,"Excelente producto, superó mis expectativas. Lo uso a diario y funciona perfecto.",positive,5,Electronics,False
2330,Excedió todas mis expectativas. El diseño es moderno y elegante.,positive,5,Home & Kitchen,False
2331,Gran relación calidad-precio. Lo compré para un regalo y fue un éxito.,positive,4,Fashion,True
2332,No vale la pena. La atención al cliente fue pésima.,negative,1,Pet Supplies,True
2333,Producto tal como se describe. El mejor de su categoría.,positive,5,Toys & Games,True
2334,De los mejores productos que he comprado. Mi familia quedó encantada.,positive,4,Sports & Outdoors,False
2335,No funciona como se anuncia. No funciona como se prometía.,negative,1,Pet Supplies,True
2336,Lo recomiendo ampliamente. El diseño es moderno y elegante.,positive,5,Toys & Games,True
2337,Me encanta este producto. Lo compré para un regalo y fue un éxito.,positive,5,Pet Supplies,True
2338,Decepción total. Es una pérdida de dinero.,negative,1,Sports & Outdoors,True
2339,No vale la pena. No funciona como se prometía.,negative,1,Grocery,False
2340,El mejor que he probado. Lo uso a diario y funciona perfecto.,positive,5,Home & Kitchen,True
2341,Cumple lo básico. Nada excepcional.,neutral,3,Fashion,True
2342,Horrible experiencia de compra. Se rompió después de una semana.,negative,2,Home & Kitchen,False
2343,El peor producto que he comprado. No coincide con la descripción.,negative,2,Travel,False
2344,Excedió todas mis expectativas. El mejor de su categoría.,positive,5,Office Products,True
2345,"Excelente producto, superó mis expectativas. Lo volvería a comprar sin dudarlo.",positive,5,Office Products,True
2346,Me encanta este producto. El envío fue rápido y el empaque perfecto.,positive,5,Toys & Games,True
2347,No vale la pena. Tuve que devolverlo.,negative,2,Travel,True
2348,Decepción total. No lo recomendaría a nadie.,negative,2,Fashion,True
2349,No lo recomiendo. No coincide con la descripción.,negative,1,Home & Kitchen,True
2350,Mala calidad de materiales. No coincide con la descripción.,negative,1,Grocery,False
2351,Promedio. Para uso ocasional está bien.,neutral,3,Books,True
2352,Me encanta este producto. El diseño es moderno y elegante.,positive,4,Books,True
2353,No funciona como se anuncia. Tuve que devolverlo.,negative,1,Home & Kitchen,False
2354,Me encanta este producto. La calidad es increíble y llegó antes de lo esperado.,positive,4,Pet Supplies,False
2355,Cumple con todo lo prometido. Lo compré para un regalo y fue un éxito.,positive,4,Jewelry,True
2356,Producto tal como se describe. Lo volvería a comprar sin dudarlo.,positive,4,Grocery,True
2357,Muy satisfecho con la compra. Resistente y duradero.,positive,4,Jewelry,False
2358,Llegó dañado y no me reembolsaron. Se rompió después de una semana.,negative,2,Books,True
2359,El peor producto que he comprado. El envío tardó demasiado.,negative,2,Grocery,True
2360,Producto regular. No destaca en nada.,neutral,3,Office Products,False
2361,Gran relación calidad-precio. Mi familia quedó encantada.,positive,4,Toys & Games,True
2362,Lo recomiendo ampliamente. Lo uso a diario y funciona perfecto.,positive,5,Travel,False
2363,Producto regular. Para uso ocasional está bien.,neutral,3,Travel,False
2364,Producto de gran calidad. Lo volvería a comprar sin dudarlo.,positive,4,Electronics,True
2365,Se rompió a los pocos días. Tuve que devolverlo.,negative,1,Electronics,True
2366,No funciona para nada. El envío tardó demasiado.,negative,1,Sports & Outdoors,False
2367,No funciona como se anuncia. No coincide con la descripción.,negative,2,Grocery,True
2368,Una estafa total. La atención al cliente fue pésima.,negative,1,Fashion,True
2369,Me encanta este producto. Mi familia quedó encantada.,positive,5,Toys & Games,False
2370,Gran relación calidad-precio. La calidad es increíble y llegó antes de lo esperado.,positive,4,Pet Supplies,True
2371,Decepción total. El material es de mala calidad.,negative,1,Electronics,False
2372,No funciona como se anuncia. La atención al cliente fue pésima.,negative,1,Electronics,False
2373,Cumple lo básico. Es lo que esperaba por ese precio.,neutral,3,Home & Kitchen,True
2374,Para el precio está bien. Es lo que esperaba por ese precio.,neutral,3,Grocery,False
2375,Perfecto para lo que necesitaba. Resistente y duradero.,positive,4,Pet Supplies,False
2376,Muy buena compra. Lo uso a diario y funciona perfecto.,positive,5,Pet Supplies,False
2377,No funciona como se anuncia. Se rompió después de una semana.,negative,1,Grocery,True
2378,Pésima calidad. La atención al cliente fue pésima.,negative,1,Home & Kitchen,False
2379,Lo recomiendo ampliamente. Muy práctico y fácil de usar.,positive,4,Toys & Games,True
2380,Una estafa total. Tuve que devolverlo.,negative,2,Travel,False
2381,Una estafa total. El material es de mala calidad.,negative,1,Sports & Outdoors,True
2382,Se rompió a los pocos días. El material es de mala calidad.,negative,1,Travel,True
2383,Producto defectuoso. No coincide con la descripción.,negative,1,Travel,True
2384,No funciona como se anuncia. El material es de mala calidad.,negative,1,Sports & Outdoors,True
2385,No funciona para nada. No funciona como se prometía.,negative,2,Books,False
2386,Excedió todas mis expectativas. Lo volvería a comprar sin dudarlo.,positive,4,Toys & Games,False
2387,El mejor que he probado. El mejor de su categoría.,positive,5,Sports & Outdoors,False
2388,Nada especial pero funciona. Para uso ocasional está bien.,neutral,3,Sports & Outdoors,False
2389,Producto diferente al publicado. La atención al cliente fue pésima.,negative,2,Travel,False
2390,Muy decepcionado con la compra. No funciona como se prometía.,negative,2,Office Products,True
2391,Nada especial pero funciona. No destaca en nada.,neutral,3,Books,False
2392,No vale la pena. El envío tardó demasiado.,negative,1,Fashion,False
2393,Producto tal como se describe. Lo uso a diario y funciona perfecto.,positive,5,Grocery,True
2394,Producto de gran calidad. Muy práctico y fácil de usar.,positive,4,Electronics,True
2395,No vale la pena. No lo recomendaría a nadie.,negative,2,Fashion,True
2396,No vale la pena. Se rompió después de una semana.,negative,2,Grocery,True
2397,El mejor que he probado. El envío fue rápido y el empaque perfecto.,positive,4,Travel,True
2398,No vale la pena. No lo recomendaría a nadie.,negative,1,Office Products,True
2399,Perfecto para lo que necesitaba. Lo compré para un regalo y fue un éxito.,positive,5,Grocery,False
2400,Para el precio está bien. Para uso ocasional está bien.,neutral,3,Fashion,False
2401,"Sin quejas, todo perfecto. El mejor de su categoría.",positive,5,Travel,False
2402,"Excelente producto, superó mis expectativas. Lo compré para un regalo y fue un éxito.",positive,4,Fashion,True
2403,Cumple con todo lo prometido. Muy práctico y fácil de usar.,positive,4,Office Products,True
2404,Horrible experiencia de compra. Se rompió después de una semana.,negative,2,Books,False
2405,Producto de gran calidad. Lo compré para un regalo y fue un éxito.,positive,5,Home & Kitchen,True
2406,El mejor que he probado. El diseño es moderno y elegante.,positive,4,Sports & Outdoors,True
2407,No vale la pena. La atención al cliente fue pésima.,negative,2,Travel,False
2408,Perfecto para lo que necesitaba. Lo uso a diario y funciona perfecto.,positive,5,Grocery,False
2409,Increíble calidad por este precio. El diseño es moderno y elegante.,positive,5,Electronics,False
2410,Muy decepcionado con la compra. Tuve que devolverlo.,negative,2,Office Products,True
2411,Para el precio está bien. Para uso ocasional está bien.,neutral,3,Books,True
2412,Lo recomiendo ampliamente. Resistente y duradero.,positive,5,Office Products,False
2413,De los mejores productos que he comprado. El diseño es moderno y elegante.,positive,4,Toys & Games,False
2414,Llegó dañado y no me reembolsaron. El envío tardó demasiado.,negative,2,Sports & Outdoors,True
2415,Lo recomiendo ampliamente. Lo volvería a comprar sin dudarlo.,positive,5,Pet Supplies,True
2416,Muy decepcionado con la compra. Tuve que devolverlo.,negative,2,Grocery,False
2417,Producto defectuoso. No lo recomendaría a nadie.,negative,2,Home & Kitchen,True
2418,Mala calidad de materiales. Se rompió después de una semana.,negative,1,Sports & Outdoors,False
2419,Una estafa total. Tuve que devolverlo.,negative,1,Pet Supplies,True
2420,Funciona pero nada extraordinario. Cumple sin brillar.,neutral,3,Electronics,True
2421,Producto diferente al publicado. No funciona como se prometía.,negative,1,Home & Kitchen,False
2422,Producto regular. Cumple sin brillar.,neutral,3,Pet Supplies,False
2423,Gran relación calidad-precio. Muy práctico y fácil de usar.,positive,5,Toys & Games,False
2424,El peor producto que he comprado. El envío tardó demasiado.,negative,2,Fashion,True
2425,Se rompió a los pocos días. El material es de mala calidad.,negative,2,Sports & Outdoors,True
2426,Una estafa total. No funciona como se prometía.,negative,1,Jewelry,True
2427,Muy satisfecho con la compra. Lo uso a diario y funciona perfecto.,positive,5,Travel,False
2428,El mejor que he probado. El envío fue rápido y el empaque perfecto.,positive,5,Office Products,True
2429,Gran relación calidad-precio. Mi familia quedó encantada.,positive,5,Pet Supplies,False
2430,Una estafa total. El producto llegó roto.,negative,1,Home & Kitchen,True
2431,Mala calidad de materiales. Es una pérdida de dinero.,negative,2,Grocery,True
2432,Lo recomiendo ampliamente. Lo uso a diario y funciona perfecto.,positive,4,Home & Kitchen,False
2433,Nada especial pero funciona. Cumple sin brillar.,neutral,3,Sports & Outdoors,False
2434,Muy satisfecho con la compra. El diseño es moderno y elegante.,positive,5,Jewelry,True
2435,Excedió todas mis expectativas. La calidad es increíble y llegó antes de lo esperado.,positive,4,Books,True
2436,Producto defectuoso. Tuve que devolverlo.,negative,2,Books,True
2437,Excedió todas mis expectativas. Muy práctico y fácil de usar.,positive,4,Fashion,True
2438,De los mejores productos que he comprado. Lo volvería a comprar sin dudarlo.,positive,4,Pet Supplies,False
2439,Me encanta este producto. El envío fue rápido y el empaque perfecto.,positive,4,Grocery,False
2440,Se rompió a los pocos días. El envío tardó demasiado.,negative,2,Sports & Outdoors,False
2441,Increíble calidad por este precio. Muy práctico y fácil de usar.,positive,5,Sports & Outdoors,False
2442,Gran relación calidad-precio. Muy práctico y fácil de usar.,positive,4,Grocery,True
2443,Producto tal como se describe. Mi familia quedó encantada.,positive,5,Home & Kitchen,True
2444,El peor producto que he comprado. El envío tardó demasiado.,negative,1,Jewelry,True
2445,Excedió todas mis expectativas. Lo volvería a comprar sin dudarlo.,positive,5,Office Products,True
2446,Nada especial pero funciona. No destaca en nada.,neutral,3,Grocery,False
2447,Decepción total. No funciona como se prometía.,negative,1,Pet Supplies,True
2448,Muy satisfecho con la compra. El diseño es moderno y elegante.,positive,5,Jewelry,False
2449,Producto regular. Cumple sin brillar.,neutral,3,Jewelry,False
2450,Me encanta este producto. Muy práctico y fácil de usar.,positive,4,Travel,False
2451,Gran relación calidad-precio. Muy práctico y fácil de usar.,positive,5,Jewelry,False
2452,De los mejores productos que he comprado. La calidad es increíble y llegó antes de lo esperado.,positive,5,Jewelry,True
2453,Horrible experiencia de compra. La atención al cliente fue pésima.,negative,2,Home & Kitchen,True
2454,Se rompió a los pocos días. Se rompió después de una semana.,negative,1,Books,True
2455,Producto diferente al publicado. Tuve que devolverlo.,negative,1,Home & Kitchen,False
2456,Muy buena compra. Lo compré para un regalo y fue un éxito.,positive,5,Office Products,False
2457,No funciona para nada. No funciona como se prometía.,negative,1,Fashion,True
2458,"Sin quejas, todo perfecto. Lo compré para un regalo y fue un éxito.",positive,4,Toys & Games,False
2459,Me encanta este producto. Muy práctico y fácil de usar.,positive,5,Books,False
2460,Cumple lo básico. Para uso ocasional está bien.,neutral,3,Pet Supplies,True
2461,Decepción total. No lo recomendaría a nadie.,negative,1,Electronics,True
2462,No funciona como se anuncia. El producto llegó roto.,negative,1,Grocery,True
2463,Perfecto para lo que necesitaba. La calidad es increíble y llegó antes de lo esperado.,positive,5,Jewelry,False
2464,Nada especial pero funciona. Hay mejores opciones en el mercado.,neutral,3,Travel,False
2465,Gran relación calidad-precio. Lo uso a diario y funciona perfecto.,positive,4,Travel,True
2466,Decepción total. Tuve que devolverlo.,negative,1,Fashion,True
2467,Producto defectuoso. No lo recomendaría a nadie.,negative,2,Electronics,True
2468,Decepción total. El envío tardó demasiado.,negative,2,Home & Kitchen,False
2469,Decepción total. La atención al cliente fue pésima.,negative,1,Pet Supplies,True
2470,El peor producto que he comprado. Es una pérdida de dinero.,negative,2,Office Products,False
2471,Cumple lo básico. Para uso ocasional está bien.,neutral,3,Books,False
2472,Lo recomiendo ampliamente. Lo compré para un regalo y fue un éxito.,positive,5,Electronics,False
2473,Cumple con todo lo prometido. Lo volvería a comprar sin dudarlo.,positive,5,Home & Kitchen,True
2474,Decepción total. Es una pérdida de dinero.,negative,2,Jewelry,False
2475,No lo recomiendo. No funciona como se prometía.,negative,1,Fashion,False
2476,Producto diferente al publicado. El material es de mala calidad.,negative,2,Office Products,False
2477,"Excelente producto, superó mis expectativas. Resistente y duradero.",positive,5,Home & Kitchen,False
2478,No lo recomiendo. Tuve que devolverlo.,negative,2,Toys & Games,True
2479,Pésima calidad. La atención al cliente fue pésima.,negative,1,Toys & Games,True
2480,No vale la pena. El producto llegó roto.,negative,1,Electronics,False
2481,Producto tal como se describe. La calidad es increíble y llegó antes de lo esperado.,positive,5,Travel,False
2482,No vale la pena. No funciona como se prometía.,negative,1,Travel,True
2483,Cumple lo básico. Es lo que esperaba por ese precio.,neutral,3,Fashion,True
2484,Se rompió a los pocos días. Se rompió después de una semana.,negative,1,Pet Supplies,True
2485,Producto defectuoso. El material es de mala calidad.,negative,1,Books,True
2486,Producto regular. Hay mejores opciones en el mercado.,neutral,3,Travel,False
2487,Funciona pero nada extraordinario. Hay mejores opciones en el mercado.,neutral,3,Sports & Outdoors,False
2488,Muy buena compra. Muy práctico y fácil de usar.,positive,4,Jewelry,False
2489,Funciona pero nada extraordinario. Cumple sin brillar.,neutral,3,Jewelry,False
2490,Me encanta este producto. La calidad es increíble y llegó antes de lo esperado.,positive,5,Office Products,False
2491,De los mejores productos que he comprado. Resistente y duradero.,positive,4,Toys & Games,True
2492,Producto defectuoso. Tuve que devolverlo.,negative,2,Fashion,True
2493,Muy satisfecho con la compra. El envío fue rápido y el empaque perfecto.,positive,4,Pet Supplies,True
2494,Producto de gran calidad. El diseño es moderno y elegante.,positive,5,Travel,False
2495,Perfecto para lo que necesitaba. Lo volvería a comprar sin dudarlo.,positive,5,Toys & Games,True
2496,No funciona para nada. Se rompió después de una semana.,negative,2,Home & Kitchen,False
2497,Excedió todas mis expectativas. Resistente y duradero.,positive,4,Home & Kitchen,True
2498,Producto de gran calidad. Lo uso a diario y funciona perfecto.,positive,5,Home & Kitchen,True
2499,Excedió todas mis expectativas. El envío fue rápido y el empaque perfecto.,positive,5,Pet Supplies,True
2500,Mala calidad de materiales. Se rompió después de una semana.,negative,1,Sports & Outdoors,True
2501,Una estafa total. El envío tardó demasiado.,negative,1,Fashion,False
2502,Me encanta este producto. Lo compré para un regalo y fue un éxito.,positive,4,Fashion,False
2503,No funciona como se anuncia. Se rompió después de una semana.,negative,1,Sports & Outdoors,False
2504,Muy satisfecho con la compra. Muy práctico y fácil de usar.,positive,5,Jewelry,False
2505,No vale la pena. No funciona como se prometía.,negative,1,Electronics,True
2506,No vale la pena. Es una pérdida de dinero.,negative,2,Electronics,True
2507,Una estafa total. El producto llegó roto.,negative,2,Fashion,True
2508,Llegó dañado y no me reembolsaron. El producto llegó roto.,negative,1,Jewelry,True
2509,No funciona para nada. Se rompió después de una semana.,negative,1,Travel,True
2510,Producto defectuoso. Tuve que devolverlo.,negative,1,Jewelry,False
2511,Excedió todas mis expectativas. Muy práctico y fácil de usar.,positive,5,Travel,False
2512,Producto diferente al publicado. Tuve que devolverlo.,negative,2,Pet Supplies,True
2513,Lo recomiendo ampliamente. El envío fue rápido y el empaque perfecto.,positive,5,Toys & Games,True
2514,Funciona pero nada extraordinario. Para uso ocasional está bien.,neutral,3,Fashion,False
2515,Mala calidad de materiales. El envío tardó demasiado.,negative,2,Fashion,True
2516,Me encanta este producto. El envío fue rápido y el empaque perfecto.,positive,4,Travel,False
2517,Me encanta este producto. Lo compré para un regalo y fue un éxito.,positive,5,Pet Supplies,False
2518,Excedió todas mis expectativas. Mi familia quedó encantada.,positive,5,Sports & Outdoors,False
2519,Se rompió a los pocos días. Es una pérdida de dinero.,negative,1,Books,True
2520,Muy buena compra. Muy práctico y fácil de usar.,positive,4,Travel,False
2521,Funciona pero nada extraordinario. Para uso ocasional está bien.,neutral,3,Travel,False
2522,Excedió todas mis expectativas. Lo uso a diario y funciona perfecto.,positive,4,Grocery,False
2523,"Excelente producto, superó mis expectativas. Muy práctico y fácil de usar.",positive,5,Books,False
2524,Producto diferente al publicado. El material es de mala calidad.,negative,1,Grocery,False
2525,"Excelente producto, superó mis expectativas. Muy práctico y fácil de usar.",positive,5,Office Products,True
2526,El mejor que he probado. Lo compré para un regalo y fue un éxito.,positive,4,Jewelry,True
2527,Excedió todas mis expectativas. Muy práctico y fácil de usar.,positive,5,Fashion,False
2528,El mejor que he probado. Lo uso a diario y funciona perfecto.,positive,4,Home & Kitchen,True
2529,Gran relación calidad-precio. Lo uso a diario y funciona perfecto.,positive,4,Sports & Outdoors,False
2530,Lo recomiendo ampliamente. El diseño es moderno y elegante.,positive,4,Home & Kitchen,False
2531,Horrible experiencia de compra. Tuve que devolverlo.,negative,2,Pet Supplies,False
2532,No lo recomiendo. La atención al cliente fue pésima.,negative,2,Grocery,True
2533,Nada especial pero funciona. Hay mejores opciones en el mercado.,neutral,3,Office Products,True
2534,No funciona como se anuncia. Es una pérdida de dinero.,negative,2,Grocery,False
2535,Se rompió a los pocos días. Se rompió después de una semana.,negative,2,Home & Kitchen,True
2536,Cumple lo básico. No destaca en nada.,neutral,3,Fashion,False
2537,Producto de gran calidad. La calidad es increíble y llegó antes de lo esperado.,positive,5,Jewelry,False
2538,Nada especial pero funciona. Es lo que esperaba por ese precio.,neutral,3,Electronics,False
2539,Promedio. Para uso ocasional está bien.,neutral,3,Home & Kitchen,False
2540,Muy buena compra. El diseño es moderno y elegante.,positive,4,Travel,False
2541,Cumple lo básico. Cumple sin brillar.,neutral,3,Books,False
2542,Gran relación calidad-precio. Lo volvería a comprar sin dudarlo.,positive,4,Pet Supplies,True
2543,No funciona como se anuncia. No funciona como se prometía.,negative,2,Toys & Games,True
2544,El peor producto que he comprado. No funciona como se prometía.,negative,1,Fashion,True
2545,No lo recomiendo. Tuve que devolverlo.,negative,2,Office Products,False
2546,El mejor que he probado. Lo uso a diario y funciona perfecto.,positive,5,Sports & Outdoors,True
2547,"Sin quejas, todo perfecto. Lo volvería a comprar sin dudarlo.",positive,4,Electronics,False
2548,Me encanta este producto. Lo compré para un regalo y fue un éxito.,positive,5,Electronics,False
2549,Una estafa total. Es una pérdida de dinero.,negative,2,Office Products,False
2550,Una estafa total. El envío tardó demasiado.,negative,1,Grocery,True
2551,Muy satisfecho con la compra. Resistente y duradero.,positive,5,Travel,True
2552,No funciona para nada. Es una pérdida de dinero.,negative,2,Home & Kitchen,True
2553,Pésima calidad. La atención al cliente fue pésima.,negative,1,Fashion,False
2554,Cumple con todo lo prometido. Lo uso a diario y funciona perfecto.,positive,4,Home & Kitchen,True
2555,No funciona para nada. No lo recomendaría a nadie.,negative,2,Home & Kitchen,True
2556,Producto diferente al publicado. No funciona como se prometía.,negative,2,Travel,True
2557,Se rompió a los pocos días. No coincide con la descripción.,negative,1,Books,True
2558,"Excelente producto, superó mis expectativas. Lo compré para un regalo y fue un éxito.",positive,4,Travel,True
2559,Me encanta este producto. Mi familia quedó encantada.,positive,4,Travel,True
2560,"Sin quejas, todo perfecto. Resistente y duradero.",positive,4,Jewelry,True
2561,Excedió todas mis expectativas. El envío fue rápido y el empaque perfecto.,positive,4,Grocery,True
2562,Perfecto para lo que necesitaba. El envío fue rápido y el empaque perfecto.,positive,4,Grocery,True
2563,Pésima calidad. No coincide con la descripción.,negative,1,Sports & Outdoors,True
2564,Muy buena compra. Lo compré para un regalo y fue un éxito.,positive,5,Grocery,False
2565,De los mejores productos que he comprado. Mi familia quedó encantada.,positive,5,Books,True
2566,No lo recomiendo. No coincide con la descripción.,negative,2,Home & Kitchen,True
2567,Increíble calidad por este precio. La calidad es increíble y llegó antes de lo esperado.,positive,5,Jewelry,False
2568,"Excelente producto, superó mis expectativas. Lo uso a diario y funciona perfecto.",positive,5,Sports & Outdoors,False
2569,Horrible experiencia de compra. El envío tardó demasiado.,negative,1,Sports & Outdoors,False
2570,Gran relación calidad-precio. Resistente y duradero.,positive,5,Toys & Games,False
2571,Lo recomiendo ampliamente. Lo volvería a comprar sin dudarlo.,positive,4,Fashion,True
2572,El peor producto que he comprado. Tuve que devolverlo.,negative,2,Sports & Outdoors,False
2573,Excedió todas mis expectativas. El envío fue rápido y el empaque perfecto.,positive,5,Fashion,False
2574,De los mejores productos que he comprado. El envío fue rápido y el empaque perfecto.,positive,4,Sports & Outdoors,False
2575,Nada especial pero funciona. Es lo que esperaba por ese precio.,neutral,3,Sports & Outdoors,True
2576,Producto de gran calidad. Lo volvería a comprar sin dudarlo.,positive,4,Fashion,True
2577,Excedió todas mis expectativas. El envío fue rápido y el empaque perfecto.,positive,5,Toys & Games,False
2578,Me encanta este producto. El envío fue rápido y el empaque perfecto.,positive,5,Toys & Games,False
2579,Muy buena compra. Resistente y duradero.,positive,5,Office Products,False
2580,Nada especial pero funciona. Es lo que esperaba por ese precio.,neutral,3,Travel,True
2581,Muy satisfecho con la compra. Mi familia quedó encantada.,positive,4,Pet Supplies,False
2582,Cumple con todo lo prometido. Muy práctico y fácil de usar.,positive,5,Office Products,False
2583,El mejor que he probado. El envío fue rápido y el empaque perfecto.,positive,5,Sports & Outdoors,False
2584,Horrible experiencia de compra. La atención al cliente fue pésima.,negative,2,Jewelry,True
2585,Se rompió a los pocos días. No funciona como se prometía.,negative,2,Fashion,False
2586,Muy decepcionado con la compra. El producto llegó roto.,negative,2,Pet Supplies,False
2587,Gran relación calidad-precio. Muy práctico y fácil de usar.,positive,4,Sports & Outdoors,False
2588,Horrible experiencia de compra. No funciona como se prometía.,negative,2,Books,True
2589,Es aceptable por el precio. Cumple sin brillar.,neutral,3,Jewelry,True
2590,El peor producto que he comprado. No lo recomendaría a nadie.,negative,1,Pet Supplies,True
2591,Me encanta este producto. El envío fue rápido y el empaque perfecto.,positive,4,Jewelry,False
2592,Excedió todas mis expectativas. Lo volvería a comprar sin dudarlo.,positive,5,Toys & Games,True
2593,Cumple con todo lo prometido. El diseño es moderno y elegante.,positive,4,Fashion,False
2594,El peor producto que he comprado. Se rompió después de una semana.,negative,1,Books,True
2595,Producto tal como se describe. El envío fue rápido y el empaque perfecto.,positive,5,Toys & Games,False
2596,Muy buena compra. El mejor de su categoría.,positive,5,Books,True
2597,Cumple lo básico. Para uso ocasional está bien.,neutral,3,Electronics,True
2598,Pésima calidad. El material es de mala calidad.,negative,2,Office Products,True
2599,Producto de gran calidad. El diseño es moderno y elegante.,positive,4,Electronics,True
2600,Muy decepcionado con la compra. No funciona como se prometía.,negative,2,Pet Supplies,True
2601,Producto tal como se describe. El envío fue rápido y el empaque perfecto.,positive,5,Jewelry,False
2602,Decepción total. El envío tardó demasiado.,negative,1,Pet Supplies,False
2603,Perfecto para lo que necesitaba. El envío fue rápido y el empaque perfecto.,positive,5,Jewelry,True
2604,Muy satisfecho con la compra. La calidad es increíble y llegó antes de lo esperado.,positive,4,Sports & Outdoors,False
2605,De los mejores productos que he comprado. Lo compré para un regalo y fue un éxito.,positive,5,Grocery,True
2606,Llegó dañado y no me reembolsaron. No coincide con la descripción.,negative,2,Sports & Outdoors,True
2607,Horrible experiencia de compra. No lo recomendaría a nadie.,negative,2,Electronics,True
2608,El peor producto que he comprado. La atención al cliente fue pésima.,negative,1,Home & Kitchen,True
2609,"Sin quejas, todo perfecto. Muy práctico y fácil de usar.",positive,4,Home & Kitchen,False
2610,Promedio. No destaca en nada.,neutral,3,Office Products,False
2611,Llegó dañado y no me reembolsaron. Es una pérdida de dinero.,negative,2,Electronics,False
2612,Se rompió a los pocos días. No coincide con la descripción.,negative,2,Grocery,True
2613,No funciona como se anuncia. La atención al cliente fue pésima.,negative,2,Toys & Games,True
2614,"Excelente producto, superó mis expectativas. Muy práctico y fácil de usar.",positive,4,Pet Supplies,True
2615,Producto de gran calidad. El envío fue rápido y el empaque perfecto.,positive,4,Grocery,False
2616,"Excelente producto, superó mis expectativas. El mejor de su categoría.",positive,5,Toys & Games,False
2617,Producto tal como se describe. Lo uso a diario y funciona perfecto.,positive,5,Electronics,True
2618,Pésima calidad. No lo recomendaría a nadie.,negative,1,Pet Supplies,True
2619,Muy buena compra. Mi familia quedó encantada.,positive,4,Grocery,True
2620,Producto tal como se describe. La calidad es increíble y llegó antes de lo esperado.,positive,4,Travel,False
2621,Producto tal como se describe. Lo compré para un regalo y fue un éxito.,positive,5,Fashion,True
2622,Una estafa total. Se rompió después de una semana.,negative,2,Sports & Outdoors,False
2623,Excedió todas mis expectativas. La calidad es increíble y llegó antes de lo esperado.,positive,5,Pet Supplies,False
2624,"Excelente producto, superó mis expectativas. Lo compré para un regalo y fue un éxito.",positive,4,Home & Kitchen,True
2625,De los mejores productos que he comprado. Muy práctico y fácil de usar.,positive,5,Jewelry,False
2626,El mejor que he probado. Muy práctico y fácil de usar.,positive,4,Jewelry,False
2627,Perfecto para lo que necesitaba. La calidad es increíble y llegó antes de lo esperado.,positive,4,Books,True
2628,Es aceptable por el precio. Es lo que esperaba por ese precio.,neutral,3,Office Products,False
2629,Muy buena compra. El envío fue rápido y el empaque perfecto.,positive,5,Pet Supplies,False
2630,Mala calidad de materiales. Se rompió después de una semana.,negative,2,Home & Kitchen,True
2631,Producto regular. Nada excepcional.,neutral,3,Electronics,True
2632,Producto regular. Para uso ocasional está bien.,neutral,3,Pet Supplies,False
2633,Muy decepcionado con la compra. El producto llegó roto.,negative,1,Sports & Outdoors,True
2634,Se rompió a los pocos días. No funciona como se prometía.,negative,2,Home & Kitchen,False
2635,Perfecto para lo que necesitaba. La calidad es increíble y llegó antes de lo esperado.,positive,4,Home & Kitchen,False
2636,Increíble calidad por este precio. Muy práctico y fácil de usar.,positive,5,Home & Kitchen,True
2637,Para el precio está bien. Hay mejores opciones en el mercado.,neutral,3,Electronics,True
2638,Excedió todas mis expectativas. Lo volvería a comprar sin dudarlo.,positive,4,Grocery,False
2639,Muy satisfecho con la compra. El envío fue rápido y el empaque perfecto.,positive,5,Books,True
2640,"Excelente producto, superó mis expectativas. La calidad es increíble y llegó antes de lo esperado.",positive,5,Pet Supplies,False
2641,No funciona como se anuncia. El producto llegó roto.,negative,2,Jewelry,True
2642,Se rompió a los pocos días. El envío tardó demasiado.,negative,2,Pet Supplies,True
2643,Producto diferente al publicado. El envío tardó demasiado.,negative,1,Books,True
2644,Producto diferente al publicado. El producto llegó roto.,negative,1,Jewelry,False
2645,Mala calidad de materiales. Se rompió después de una semana.,negative,2,Electronics,False
2646,Excedió todas mis expectativas. Resistente y duradero.,positive,5,Grocery,True
2647,"Sin quejas, todo perfecto. El mejor de su categoría.",positive,5,Grocery,True
2648,Me encanta este producto. El envío fue rápido y el empaque perfecto.,positive,5,Jewelry,False
2649,Cumple con todo lo prometido. El diseño es moderno y elegante.,positive,5,Fashion,False
2650,Una estafa total. El material es de mala calidad.,negative,2,Home & Kitchen,False
2651,Promedio. Para uso ocasional está bien.,neutral,3,Travel,False
2652,Increíble calidad por este precio. La calidad es increíble y llegó antes de lo esperado.,positive,4,Sports & Outdoors,True
2653,No funciona para nada. No lo recomendaría a nadie.,negative,1,Fashion,True
2654,Muy decepcionado con la compra. El material es de mala calidad.,negative,2,Home & Kitchen,True
2655,No lo recomiendo. Es una pérdida de dinero.,negative,1,Travel,True
2656,El peor producto que he comprado. La atención al cliente fue pésima.,negative,2,Sports & Outdoors,False
2657,No vale la pena. El material es de mala calidad.,negative,2,Books,False
2658,Pésima calidad. Tuve que devolverlo.,negative,1,Fashion,True
2659,El peor producto que he comprado. No coincide con la descripción.,negative,1,Home & Kitchen,False
2660,Perfecto para lo que necesitaba. Muy práctico y fácil de usar.,positive,5,Grocery,True
2661,Es aceptable por el precio. No destaca en nada.,neutral,3,Electronics,True
2662,Producto de gran calidad. Lo uso a diario y funciona perfecto.,positive,4,Home & Kitchen,False
2663,Me encanta este producto. Mi familia quedó encantada.,positive,4,Travel,False
2664,Gran relación calidad-precio. Lo compré para un regalo y fue un éxito.,positive,5,Sports & Outdoors,True
2665,El mejor que he probado. Lo volvería a comprar sin dudarlo.,positive,5,Jewelry,True
2666,El peor producto que he comprado. No funciona como se prometía.,negative,1,Sports & Outdoors,True
2667,De los mejores productos que he comprado. Lo compré para un regalo y fue un éxito.,positive,5,Grocery,True
2668,El mejor que he probado. Resistente y duradero.,positive,5,Electronics,False
2669,Cumple con todo lo prometido. Lo uso a diario y funciona perfecto.,positive,5,Pet Supplies,False
2670,Pésima calidad. La atención al cliente fue pésima.,negative,1,Pet Supplies,False
2671,Horrible experiencia de compra. Tuve que devolverlo.,negative,1,Electronics,False
2672,Lo recomiendo ampliamente. Lo volvería a comprar sin dudarlo.,positive,5,Office Products,True
2673,Muy buena compra. La calidad es increíble y llegó antes de lo esperado.,positive,4,Grocery,False
2674,Excedió todas mis expectativas. El diseño es moderno y elegante.,positive,4,Jewelry,False
2675,No lo recomiendo. No lo recomendaría a nadie.,negative,1,Home & Kitchen,False
2676,Perfecto para lo que necesitaba. El envío fue rápido y el empaque perfecto.,positive,5,Electronics,False
2677,Muy decepcionado con la compra. No coincide con la descripción.,negative,2,Home & Kitchen,True
2678,"Excelente producto, superó mis expectativas. Lo compré para un regalo y fue un éxito.",positive,4,Travel,True
2679,No lo recomiendo. No coincide con la descripción.,negative,1,Books,False
2680,Para el precio está bien. Hay mejores opciones en el mercado.,neutral,3,Pet Supplies,True
2681,Producto de gran calidad. Lo volvería a comprar sin dudarlo.,positive,4,Jewelry,True
2682,Cumple con todo lo prometido. Lo compré para un regalo y fue un éxito.,positive,5,Electronics,False
2683,Llegó dañado y no me reembolsaron. Tuve que devolverlo.,negative,1,Electronics,False
2684,Muy satisfecho con la compra. Lo uso a diario y funciona perfecto.,positive,5,Home & Kitchen,False
2685,Promedio. Es lo que esperaba por ese precio.,neutral,3,Office Products,True
2686,Nada especial pero funciona. No destaca en nada.,neutral,3,Electronics,True
2687,El mejor que he probado. Muy práctico y fácil de usar.,positive,4,Pet Supplies,False
2688,Muy decepcionado con la compra. No coincide con la descripción.,negative,2,Jewelry,False
2689,Lo recomiendo ampliamente. Muy práctico y fácil de usar.,positive,4,Fashion,False
2690,"Excelente producto, superó mis expectativas. Mi familia quedó encantada.",positive,5,Electronics,True
2691,Muy buena compra. El mejor de su categoría.,positive,5,Electronics,False
2692,Nada especial pero funciona. Para uso ocasional está bien.,neutral,3,Books,False
2693,Producto diferente al publicado. Tuve que devolverlo.,negative,1,Pet Supplies,False
2694,Me encanta este producto. El mejor de su categoría.,positive,4,Travel,True
2695,De los mejores productos que he comprado. El mejor de su categoría.,positive,4,Fashion,True
2696,Muy buena compra. El envío fue rápido y el empaque perfecto.,positive,4,Books,False
2697,Pésima calidad. El envío tardó demasiado.,negative,2,Office Products,True
2698,No funciona para nada. No funciona como se prometía.,negative,1,Office Products,True
2699,Me encanta este producto. Resistente y duradero.,positive,5,Jewelry,True
2700,El peor producto que he comprado. No lo recomendaría a nadie.,negative,1,Grocery,False
2701,Pésima calidad. No lo recomendaría a nadie.,negative,1,Grocery,False
2702,Me encanta este producto. Lo volvería a comprar sin dudarlo.,positive,4,Electronics,False
2703,"Sin quejas, todo perfecto. El envío fue rápido y el empaque perfecto.",positive,4,Travel,True
2704,Perfecto para lo que necesitaba. Resistente y duradero.,positive,5,Travel,False
2705,Increíble calidad por este precio. El diseño es moderno y elegante.,positive,5,Pet Supplies,False
2706,Excedió todas mis expectativas. Mi familia quedó encantada.,positive,4,Home & Kitchen,False
2707,Cumple lo básico. Para uso ocasional está bien.,neutral,3,Travel,False
2708,No es malo ni bueno. Nada excepcional.,neutral,3,Grocery,True
2709,Increíble calidad por este precio. Muy práctico y fácil de usar.,positive,5,Jewelry,True
2710,Lo recomiendo ampliamente. Mi familia quedó encantada.,positive,5,Grocery,False
2711,El mejor que he probado. Muy práctico y fácil de usar.,positive,5,Jewelry,True
2712,Pésima calidad. No funciona como se prometía.,negative,2,Grocery,False
2713,Muy buena compra. El mejor de su categoría.,positive,5,Fashion,True
2714,Producto diferente al publicado. Se rompió después de una semana.,negative,2,Books,False
2715,Gran relación calidad-precio. Muy práctico y fácil de usar.,positive,5,Office Products,False
2716,No vale la pena. No funciona como se prometía.,negative,2,Fashion,False
2717,Muy decepcionado con la compra. El material es de mala calidad.,negative,2,Grocery,False
2718,Cumple con todo lo prometido. El diseño es moderno y elegante.,positive,4,Pet Supplies,False
2719,No es malo ni bueno. Nada excepcional.,neutral,3,Jewelry,False
2720,Me encanta este producto. Resistente y duradero.,positive,4,Jewelry,True
2721,Gran relación calidad-precio. Lo uso a diario y funciona perfecto.,positive,5,Fashion,True
2722,"Excelente producto, superó mis expectativas. Lo uso a diario y funciona perfecto.",positive,4,Toys & Games,True
2723,No funciona como se anuncia. La atención al cliente fue pésima.,negative,2,Travel,False
2724,"Excelente producto, superó mis expectativas. Lo uso a diario y funciona perfecto.",positive,4,Sports & Outdoors,False
2725,Lo recomiendo ampliamente. Muy práctico y fácil de usar.,positive,4,Jewelry,False
2726,Promedio. Hay mejores opciones en el mercado.,neutral,3,Fashion,True
2727,Mala calidad de materiales. Se rompió después de una semana.,negative,2,Fashion,False
2728,Producto de gran calidad. Lo uso a diario y funciona perfecto.,positive,4,Jewelry,False
2729,Muy decepcionado con la compra. Se rompió después de una semana.,negative,1,Office Products,True
2730,Increíble calidad por este precio. El envío fue rápido y el empaque perfecto.,positive,4,Books,False
2731,El mejor que he probado. El diseño es moderno y elegante.,positive,4,Office Products,False
2732,Muy satisfecho con la compra. Lo uso a diario y funciona perfecto.,positive,4,Office Products,False
2733,De los mejores productos que he comprado. Lo volvería a comprar sin dudarlo.,positive,5,Office Products,True
2734,Pésima calidad. Tuve que devolverlo.,negative,2,Office Products,False
2735,Producto tal como se describe. Lo volvería a comprar sin dudarlo.,positive,5,Office Products,False
2736,No funciona como se anuncia. La atención al cliente fue pésima.,negative,2,Jewelry,False
2737,Lo recomiendo ampliamente. Muy práctico y fácil de usar.,positive,5,Sports & Outdoors,False
2738,"Sin quejas, todo perfecto. El diseño es moderno y elegante.",positive,4,Books,False
2739,Producto defectuoso. No lo recomendaría a nadie.,negative,2,Books,True
2740,Me encanta este producto. Lo volvería a comprar sin dudarlo.,positive,4,Sports & Outdoors,False
2741,Me encanta este producto. Resistente y duradero.,positive,5,Office Products,True
2742,Lo recomiendo ampliamente. El diseño es moderno y elegante.,positive,5,Sports & Outdoors,False
2743,Lo recomiendo ampliamente. Lo volvería a comprar sin dudarlo.,positive,4,Travel,True
2744,Una estafa total. El producto llegó roto.,negative,2,Books,True
2745,Muy decepcionado con la compra. No lo recomendaría a nadie.,negative,1,Grocery,True
2746,Excedió todas mis expectativas. El envío fue rápido y el empaque perfecto.,positive,5,Toys & Games,True
2747,No es malo ni bueno. Hay mejores opciones en el mercado.,neutral,3,Books,False
2748,Lo recomiendo ampliamente. Lo uso a diario y funciona perfecto.,positive,4,Jewelry,True
2749,No lo recomiendo. Es una pérdida de dinero.,negative,1,Pet Supplies,False
2750,Es aceptable por el precio. No destaca en nada.,neutral,3,Books,True
2751,Perfecto para lo que necesitaba. El envío fue rápido y el empaque perfecto.,positive,4,Grocery,True
2752,Se rompió a los pocos días. No coincide con la descripción.,negative,2,Fashion,True
2753,Gran relación calidad-precio. El envío fue rápido y el empaque perfecto.,positive,4,Toys & Games,True
2754,Llegó dañado y no me reembolsaron. No coincide con la descripción.,negative,1,Fashion,True
2755,Lo recomiendo ampliamente. Lo volvería a comprar sin dudarlo.,positive,4,Sports & Outdoors,False
2756,Producto de gran calidad. Lo uso a diario y funciona perfecto.,positive,5,Books,True
2757,Muy decepcionado con la compra. El material es de mala calidad.,negative,1,Fashion,True
2758,El mejor que he probado. Lo compré para un regalo y fue un éxito.,positive,5,Grocery,False
2759,Para el precio está bien. Cumple sin brillar.,neutral,3,Grocery,False
2760,Mala calidad de materiales. El envío tardó demasiado.,negative,2,Grocery,False
2761,Producto de gran calidad. La calidad es increíble y llegó antes de lo esperado.,positive,5,Books,True
2762,No funciona para nada. El envío tardó demasiado.,negative,2,Home & Kitchen,False
2763,Gran relación calidad-precio. La calidad es increíble y llegó antes de lo esperado.,positive,5,Sports & Outdoors,False
2764,Lo recomiendo ampliamente. Lo compré para un regalo y fue un éxito.,positive,4,Travel,True
2765,El mejor que he probado. El diseño es moderno y elegante.,positive,4,Office Products,True
2766,Increíble calidad por este precio. Resistente y duradero.,positive,4,Toys & Games,False
2767,Gran relación calidad-precio. Muy práctico y fácil de usar.,positive,5,Pet Supplies,True
2768,Lo recomiendo ampliamente. El envío fue rápido y el empaque perfecto.,positive,4,Travel,True
2769,Gran relación calidad-precio. Resistente y duradero.,positive,4,Office Products,False
2770,Gran relación calidad-precio. El mejor de su categoría.,positive,5,Grocery,False
2771,Muy satisfecho con la compra. Mi familia quedó encantada.,positive,5,Sports & Outdoors,True
2772,"Excelente producto, superó mis expectativas. Lo uso a diario y funciona perfecto.",positive,4,Fashion,False
2773,El mejor que he probado. El mejor de su categoría.,positive,4,Sports & Outdoors,True
2774,Cumple con todo lo prometido. Lo volvería a comprar sin dudarlo.,positive,5,Pet Supplies,False
2775,Una estafa total. El producto llegó roto.,negative,2,Grocery,True
2776,Para el precio está bien. Es lo que esperaba por ese precio.,neutral,3,Grocery,True
2777,No funciona como se anuncia. El material es de mala calidad.,negative,1,Sports & Outdoors,False
2778,No funciona como se anuncia. No coincide con la descripción.,negative,2,Books,True
2779,Llegó dañado y no me reembolsaron. Se rompió después de una semana.,negative,2,Electronics,True
2780,Lo recomiendo ampliamente. Lo compré para un regalo y fue un éxito.,positive,4,Jewelry,True
2781,Me encanta este producto. El mejor de su categoría.,positive,4,Jewelry,False
2782,Es aceptable por el precio. No destaca en nada.,neutral,3,Home & Kitchen,True
2783,No es malo ni bueno. Cumple sin brillar.,neutral,3,Pet Supplies,True
2784,Increíble calidad por este precio. Resistente y duradero.,positive,4,Home & Kitchen,True
2785,Horrible experiencia de compra. No funciona como se prometía.,negative,2,Pet Supplies,False
2786,Producto diferente al publicado. No funciona como se prometía.,negative,2,Grocery,True
2787,Mala calidad de materiales. No lo recomendaría a nadie.,negative,2,Books,True
2788,El peor producto que he comprado. El envío tardó demasiado.,negative,2,Sports & Outdoors,False
2789,"Excelente producto, superó mis expectativas. Lo volvería a comprar sin dudarlo.",positive,5,Toys & Games,False
2790,Producto tal como se describe. Muy práctico y fácil de usar.,positive,4,Books,True
2791,Increíble calidad por este precio. Lo uso a diario y funciona perfecto.,positive,4,Grocery,False
2792,Me encanta este producto. Lo volvería a comprar sin dudarlo.,positive,5,Sports & Outdoors,False
2793,Muy buena compra. Resistente y duradero.,positive,4,Travel,True
2794,Llegó dañado y no me reembolsaron. El material es de mala calidad.,negative,1,Office Products,True
2795,Gran relación calidad-precio. Mi familia quedó encantada.,positive,4,Home & Kitchen,False
2796,Increíble calidad por este precio. Lo compré para un regalo y fue un éxito.,positive,5,Jewelry,True
2797,Perfecto para lo que necesitaba. Muy práctico y fácil de usar.,positive,4,Jewelry,True
2798,Muy buena compra. Lo compré para un regalo y fue un éxito.,positive,5,Home & Kitchen,True
2799,Producto de gran calidad. El mejor de su categoría.,positive,4,Office Products,False
2800,Nada especial pero funciona. No destaca en nada.,neutral,3,Electronics,False
2801,Perfecto para lo que necesitaba. Mi familia quedó encantada.,positive,4,Travel,False
2802,Producto defectuoso. No coincide con la descripción.,negative,1,Toys & Games,False
2803,"Excelente producto, superó mis expectativas. Lo volvería a comprar sin dudarlo.",positive,4,Electronics,True
2804,No funciona para nada. Tuve que devolverlo.,negative,2,Home & Kitchen,False
2805,No funciona para nada. No lo recomendaría a nadie.,negative,1,Toys & Games,True
2806,Producto de gran calidad. El mejor de su categoría.,positive,5,Home & Kitchen,False
2807,Producto defectuoso. El material es de mala calidad.,negative,2,Sports & Outdoors,True
2808,Una estafa total. Es una pérdida de dinero.,negative,2,Toys & Games,False
2809,Llegó dañado y no me reembolsaron. Se rompió después de una semana.,negative,2,Toys & Games,False
2810,Producto de gran calidad. El envío fue rápido y el empaque perfecto.,positive,5,Electronics,True
2811,Producto de gran calidad. Lo uso a diario y funciona perfecto.,positive,4,Pet Supplies,True
2812,Perfecto para lo que necesitaba. Mi familia quedó encantada.,positive,4,Sports & Outdoors,True
2813,Llegó dañado y no me reembolsaron. La atención al cliente fue pésima.,negative,2,Travel,False
2814,Es aceptable por el precio. Es lo que esperaba por ese precio.,neutral,3,Travel,True
2815,Lo recomiendo ampliamente. Mi familia quedó encantada.,positive,5,Home & Kitchen,True
2816,Me encanta este producto. El envío fue rápido y el empaque perfecto.,positive,5,Pet Supplies,False
2817,Mala calidad de materiales. No funciona como se prometía.,negative,2,Pet Supplies,True
2818,Producto diferente al publicado. No funciona como se prometía.,negative,2,Jewelry,True
2819,Perfecto para lo que necesitaba. Lo compré para un regalo y fue un éxito.,positive,4,Home & Kitchen,False
2820,Promedio. Hay mejores opciones en el mercado.,neutral,3,Electronics,True
2821,Perfecto para lo que necesitaba. Muy práctico y fácil de usar.,positive,5,Fashion,False
2822,El mejor que he probado. Mi familia quedó encantada.,positive,4,Sports & Outdoors,False
2823,Excedió todas mis expectativas. El mejor de su categoría.,positive,4,Books,True
2824,Producto tal como se describe. Lo compré para un regalo y fue un éxito.,positive,5,Grocery,True
2825,Excedió todas mis expectativas. Lo volvería a comprar sin dudarlo.,positive,4,Grocery,False
2826,Producto defectuoso. El envío tardó demasiado.,negative,2,Sports & Outdoors,True
2827,Excedió todas mis expectativas. Lo compré para un regalo y fue un éxito.,positive,4,Pet Supplies,True
2828,Es aceptable por el precio. Es lo que esperaba por ese precio.,neutral,3,Toys & Games,False
2829,Producto regular. Hay mejores opciones en el mercado.,neutral,3,Travel,False
2830,Producto tal como se describe. Muy práctico y fácil de usar.,positive,4,Electronics,True
2831,Para el precio está bien. Hay mejores opciones en el mercado.,neutral,3,Office Products,True
2832,Cumple con todo lo prometido. El diseño es moderno y elegante.,positive,4,Grocery,False
2833,Cumple con todo lo prometido. Lo volvería a comprar sin dudarlo.,positive,5,Travel,True
2834,Producto tal como se describe. El mejor de su categoría.,positive,4,Toys & Games,True
2835,Funciona pero nada extraordinario. Nada excepcional.,neutral,3,Sports & Outdoors,True
2836,Producto defectuoso. El material es de mala calidad.,negative,1,Home & Kitchen,False
2837,Producto defectuoso. La atención al cliente fue pésima.,negative,2,Fashion,False
2838,El mejor que he probado. El diseño es moderno y elegante.,positive,5,Office Products,True
2839,Es aceptable por el precio. Cumple sin brillar.,neutral,3,Fashion,False
2840,Perfecto para lo que necesitaba. El mejor de su categoría.,positive,5,Grocery,True
2841,De los mejores productos que he comprado. Lo uso a diario y funciona perfecto.,positive,4,Electronics,True
2842,Producto de gran calidad. Lo uso a diario y funciona perfecto.,positive,5,Pet Supplies,False
2843,Producto tal como se describe. Lo uso a diario y funciona perfecto.,positive,5,Pet Supplies,False
2844,Mala calidad de materiales. La atención al cliente fue pésima.,negative,2,Sports & Outdoors,True
2845,Producto tal como se describe. El diseño es moderno y elegante.,positive,4,Electronics,True
2846,Nada especial pero funciona. Hay mejores opciones en el mercado.,neutral,3,Sports & Outdoors,True
2847,El peor producto que he comprado. No funciona como se prometía.,negative,1,Electronics,False
2848,Funciona pero nada extraordinario. No destaca en nada.,neutral,3,Grocery,False
2849,Muy buena compra. Resistente y duradero.,positive,4,Jewelry,True
2850,Es aceptable por el precio. Cumple sin brillar.,neutral,3,Pet Supplies,False
2851,Lo recomiendo ampliamente. La calidad es increíble y llegó antes de lo esperado.,positive,5,Electronics,False
2852,"Excelente producto, superó mis expectativas. Mi familia quedó encantada.",positive,5,Travel,False
2853,Gran relación calidad-precio. Resistente y duradero.,positive,4,Home & Kitchen,True
2854,Horrible experiencia de compra. No coincide con la descripción.,negative,1,Pet Supplies,False
2855,Muy decepcionado con la compra. No lo recomendaría a nadie.,negative,2,Electronics,False
2856,Perfecto para lo que necesitaba. La calidad es increíble y llegó antes de lo esperado.,positive,5,Home & Kitchen,True
2857,Nada especial pero funciona. Cumple sin brillar.,neutral,3,Toys & Games,False
2858,No es malo ni bueno. Para uso ocasional está bien.,neutral,3,Office Products,True
2859,Promedio. No destaca en nada.,neutral,3,Pet Supplies,False
2860,Producto defectuoso. El producto llegó roto.,negative,2,Toys & Games,False
2861,De los mejores productos que he comprado. El envío fue rápido y el empaque perfecto.,positive,4,Grocery,True
2862,Perfecto para lo que necesitaba. Mi familia quedó encantada.,positive,4,Sports & Outdoors,True
2863,Muy buena compra. Lo uso a diario y funciona perfecto.,positive,4,Books,True
2864,Cumple con todo lo prometido. El mejor de su categoría.,positive,4,Jewelry,False
2865,No es malo ni bueno. No destaca en nada.,neutral,3,Office Products,True
2866,Muy satisfecho con la compra. Mi familia quedó encantada.,positive,5,Toys & Games,True
2867,Muy buena compra. La calidad es increíble y llegó antes de lo esperado.,positive,4,Home & Kitchen,False
2868,Me encanta este producto. El mejor de su categoría.,positive,5,Home & Kitchen,False
2869,Muy satisfecho con la compra. Mi familia quedó encantada.,positive,4,Fashion,True
2870,Producto diferente al publicado. El producto llegó roto.,negative,1,Pet Supplies,True
2871,No funciona como se anuncia. Es una pérdida de dinero.,negative,1,Books,False
2872,Muy buena compra. Muy práctico y fácil de usar.,positive,5,Pet Supplies,True
2873,Muy buena compra. Lo compré para un regalo y fue un éxito.,positive,4,Books,False
2874,Muy buena compra. Lo compré para un regalo y fue un éxito.,positive,5,Jewelry,False
2875,"Sin quejas, todo perfecto. Lo compré para un regalo y fue un éxito.",positive,4,Toys & Games,False
2876,Me encanta este producto. Lo volvería a comprar sin dudarlo.,positive,4,Books,False
2877,No funciona para nada. No lo recomendaría a nadie.,negative,1,Home & Kitchen,True
2878,Lo recomiendo ampliamente. Muy práctico y fácil de usar.,positive,4,Electronics,True
2879,Pésima calidad. El envío tardó demasiado.,negative,1,Home & Kitchen,True
2880,No funciona para nada. El producto llegó roto.,negative,1,Office Products,True
2881,Producto de gran calidad. El envío fue rápido y el empaque perfecto.,positive,5,Travel,True
2882,Promedio. Es lo que esperaba por ese precio.,neutral,3,Office Products,False
2883,De los mejores productos que he comprado. El envío fue rápido y el empaque perfecto.,positive,4,Books,False
2884,Excedió todas mis expectativas. Resistente y duradero.,positive,4,Toys & Games,False
2885,Me encanta este producto. Resistente y duradero.,positive,4,Fashion,True
2886,Se rompió a los pocos días. Tuve que devolverlo.,negative,1,Grocery,False
2887,Increíble calidad por este precio. El diseño es moderno y elegante.,positive,4,Fashion,False
2888,Cumple con todo lo prometido. La calidad es increíble y llegó antes de lo esperado.,positive,5,Pet Supplies,True
2889,No lo recomiendo. Se rompió después de una semana.,negative,2,Pet Supplies,True
2890,No funciona para nada. Tuve que devolverlo.,negative,2,Office Products,False
2891,Excedió todas mis expectativas. El envío fue rápido y el empaque perfecto.,positive,4,Electronics,True
2892,Pésima calidad. Es una pérdida de dinero.,negative,2,Grocery,True
2893,Producto tal como se describe. El diseño es moderno y elegante.,positive,5,Home & Kitchen,False
2894,No es malo ni bueno. Cumple sin brillar.,neutral,3,Office Products,True
2895,Lo recomiendo ampliamente. El diseño es moderno y elegante.,positive,4,Toys & Games,True
2896,Producto diferente al publicado. Tuve que devolverlo.,negative,1,Grocery,True
2897,Gran relación calidad-precio. El mejor de su categoría.,positive,4,Office Products,False
2898,Producto de gran calidad. Lo uso a diario y funciona perfecto.,positive,4,Toys & Games,False
2899,Muy buena compra. Muy práctico y fácil de usar.,positive,5,Travel,False
2900,Muy decepcionado con la compra. El material es de mala calidad.,negative,2,Pet Supplies,True
2901,Promedio. No destaca en nada.,neutral,3,Sports & Outdoors,False
2902,Producto tal como se describe. Mi familia quedó encantada.,positive,4,Pet Supplies,True
2903,"Sin quejas, todo perfecto. Lo uso a diario y funciona perfecto.",positive,4,Home & Kitchen,True
2904,Lo recomiendo ampliamente. Resistente y duradero.,positive,4,Office Products,True
2905,"Sin quejas, todo perfecto. El envío fue rápido y el empaque perfecto.",positive,5,Books,True
2906,"Excelente producto, superó mis expectativas. El diseño es moderno y elegante.",positive,4,Electronics,False
2907,El mejor que he probado. Lo volvería a comprar sin dudarlo.,positive,5,Pet Supplies,True
2908,Muy buena compra. Lo uso a diario y funciona perfecto.,positive,4,Home & Kitchen,False
2909,Producto defectuoso. Tuve que devolverlo.,negative,1,Toys & Games,True
2910,Decepción total. Tuve que devolverlo.,negative,1,Books,False
2911,Cumple lo básico. No destaca en nada.,neutral,3,Grocery,True
2912,No es malo ni bueno. No destaca en nada.,neutral,3,Office Products,False
2913,Para el precio está bien. Nada excepcional.,neutral,3,Fashion,True
2914,Producto diferente al publicado. El envío tardó demasiado.,negative,1,Books,True
2915,Se rompió a los pocos días. El producto llegó roto.,negative,1,Fashion,True
2916,No funciona como se anuncia. El envío tardó demasiado.,negative,1,Pet Supplies,True
2917,Horrible experiencia de compra. No coincide con la descripción.,negative,1,Electronics,True
2918,Una estafa total. El envío tardó demasiado.,negative,1,Travel,False
2919,De los mejores productos que he comprado. El envío fue rápido y el empaque perfecto.,positive,4,Pet Supplies,False
2920,"Excelente producto, superó mis expectativas. El mejor de su categoría.",positive,5,Fashion,False
2921,Lo recomiendo ampliamente. Lo uso a diario y funciona perfecto.,positive,4,Fashion,False
2922,"Sin quejas, todo perfecto. El envío fue rápido y el empaque perfecto.",positive,4,Toys & Games,False
2923,Nada especial pero funciona. Nada excepcional.,neutral,3,Grocery,True
2924,Funciona pero nada extraordinario. Hay mejores opciones en el mercado.,neutral,3,Jewelry,False
2925,Muy buena compra. Muy práctico y fácil de usar.,positive,5,Electronics,True
2926,Cumple con todo lo prometido. El mejor de su categoría.,positive,5,Pet Supplies,True
2927,Cumple lo básico. Cumple sin brillar.,neutral,3,Fashion,True
2928,Producto tal como se describe. Resistente y duradero.,positive,4,Office Products,True
2929,Producto tal como se describe. Muy práctico y fácil de usar.,positive,4,Fashion,True
2930,Cumple lo básico. Hay mejores opciones en el mercado.,neutral,3,Grocery,True
2931,Perfecto para lo que necesitaba. El diseño es moderno y elegante.,positive,4,Sports & Outdoors,True
2932,Llegó dañado y no me reembolsaron. Tuve que devolverlo.,negative,1,Books,True
2933,Se rompió a los pocos días. La atención al cliente fue pésima.,negative,1,Grocery,True
2934,Llegó dañado y no me reembolsaron. Es una pérdida de dinero.,negative,1,Home & Kitchen,False
2935,De los mejores productos que he comprado. Mi familia quedó encantada.,positive,5,Electronics,True
2936,Mala calidad de materiales. El producto llegó roto.,negative,1,Electronics,True
2937,Muy satisfecho con la compra. Muy práctico y fácil de usar.,positive,4,Pet Supplies,True
2938,"Excelente producto, superó mis expectativas. Lo volvería a comprar sin dudarlo.",positive,5,Electronics,True
2939,Promedio. Es lo que esperaba por ese precio.,neutral,3,Travel,True
2940,Mala calidad de materiales. El envío tardó demasiado.,negative,2,Toys & Games,True
2941,Muy buena compra. Lo volvería a comprar sin dudarlo.,positive,4,Grocery,False
2942,Producto de gran calidad. El envío fue rápido y el empaque perfecto.,positive,4,Toys & Games,True
2943,"Excelente producto, superó mis expectativas. El mejor de su categoría.",positive,5,Office Products,False
2944,"Excelente producto, superó mis expectativas. El diseño es moderno y elegante.",positive,4,Books,False
2945,Muy satisfecho con la compra. Mi familia quedó encantada.,positive,5,Grocery,False
2946,Llegó dañado y no me reembolsaron. No lo recomendaría a nadie.,negative,2,Home & Kitchen,True
2947,Producto tal como se describe. Muy práctico y fácil de usar.,positive,5,Sports & Outdoors,False
2948,No lo recomiendo. No coincide con la descripción.,negative,2,Jewelry,False
2949,Producto diferente al publicado. Tuve que devolverlo.,negative,1,Electronics,False
2950,Muy buena compra. Lo volvería a comprar sin dudarlo.,positive,5,Grocery,False
2951,Mala calidad de materiales. No lo recomendaría a nadie.,negative,1,Travel,True
2952,Perfecto para lo que necesitaba. La calidad es increíble y llegó antes de lo esperado.,positive,4,Home & Kitchen,False
2953,Increíble calidad por este precio. El mejor de su categoría.,positive,4,Grocery,True
2954,De los mejores productos que he comprado. El envío fue rápido y el empaque perfecto.,positive,5,Grocery,False
2955,Producto tal como se describe. Muy práctico y fácil de usar.,positive,4,Office Products,True
2956,Llegó dañado y no me reembolsaron. El envío tardó demasiado.,negative,1,Books,True
2957,Se rompió a los pocos días. El material es de mala calidad.,negative,1,Jewelry,False
2958,Llegó dañado y no me reembolsaron. El envío tardó demasiado.,negative,2,Fashion,True
2959,Cumple con todo lo prometido. El envío fue rápido y el empaque perfecto.,positive,5,Sports & Outdoors,False
2960,Cumple con todo lo prometido. El diseño es moderno y elegante.,positive,5,Home & Kitchen,False
2961,Funciona pero nada extraordinario. Para uso ocasional está bien.,neutral,3,Travel,False
2962,Cumple con todo lo prometido. El diseño es moderno y elegante.,positive,5,Electronics,True
2963,"Sin quejas, todo perfecto. Mi familia quedó encantada.",positive,4,Sports & Outdoors,True
2964,El mejor que he probado. Lo uso a diario y funciona perfecto.,positive,4,Pet Supplies,False
2965,De los mejores productos que he comprado. El diseño es moderno y elegante.,positive,5,Grocery,True
2966,Una estafa total. Se rompió después de una semana.,negative,1,Grocery,True
2967,Una estafa total. No coincide con la descripción.,negative,2,Pet Supplies,True
2968,Producto defectuoso. El envío tardó demasiado.,negative,2,Travel,True
2969,No es malo ni bueno. Hay mejores opciones en el mercado.,neutral,3,Books,True
2970,Lo recomiendo ampliamente. El mejor de su categoría.,positive,5,Toys & Games,False
2971,Cumple lo básico. Es lo que esperaba por ese precio.,neutral,3,Books,True
2972,Muy decepcionado con la compra. No lo recomendaría a nadie.,negative,1,Pet Supplies,False
2973,No vale la pena. El producto llegó roto.,negative,1,Jewelry,True
2974,El mejor que he probado. Muy práctico y fácil de usar.,positive,4,Pet Supplies,True
2975,Lo recomiendo ampliamente. La calidad es increíble y llegó antes de lo esperado.,positive,5,Office Products,True
2976,Decepción total. No lo recomendaría a nadie.,negative,1,Grocery,False
2977,Llegó dañado y no me reembolsaron. La atención al cliente fue pésima.,negative,2,Pet Supplies,False
2978,Producto defectuoso. No coincide con la descripción.,negative,1,Books,True
2979,Producto regular. Nada excepcional.,neutral,3,Home & Kitchen,False
2980,No vale la pena. No coincide con la descripción.,negative,1,Jewelry,True
2981,Gran relación calidad-precio. Resistente y duradero.,positive,5,Travel,False
2982,De los mejores productos que he comprado. Lo volvería a comprar sin dudarlo.,positive,5,Home & Kitchen,False
2983,Es aceptable por el precio. Es lo que esperaba por ese precio.,neutral,3,Sports & Outdoors,False
2984,Muy satisfecho con la compra. El diseño es moderno y elegante.,positive,4,Jewelry,True
2985,Muy decepcionado con la compra. Es una pérdida de dinero.,negative,2,Toys & Games,True
2986,Gran relación calidad-precio. La calidad es increíble y llegó antes de lo esperado.,positive,5,Jewelry,True
2987,Pésima calidad. No coincide con la descripción.,negative,2,Fashion,True
2988,Muy decepcionado con la compra. Se rompió después de una semana.,negative,1,Pet Supplies,False
2989,Muy satisfecho con la compra. Lo uso a diario y funciona perfecto.,positive,5,Toys & Games,True
2990,No funciona como se anuncia. Es una pérdida de dinero.,negative,2,Grocery,False
2991,Producto regular. Para uso ocasional está bien.,neutral,3,Travel,True
2992,Pésima calidad. Tuve que devolverlo.,negative,2,Office Products,False
2993,Producto tal como se describe. Lo uso a diario y funciona perfecto.,positive,4,Home & Kitchen,True
2994,"Excelente producto, superó mis expectativas. Muy práctico y fácil de usar.",positive,4,Electronics,True
2995,Increíble calidad por este precio. Lo volvería a comprar sin dudarlo.,positive,5,Home & Kitchen,True
2996,Muy satisfecho con la compra. Mi familia quedó encantada.,positive,5,Books,True
2997,Es aceptable por el precio. Para uso ocasional está bien.,neutral,3,Sports & Outdoors,False
2998,Producto tal como se describe. El mejor de su categoría.,positive,5,Fashion,False
2999,Producto diferente al publicado. Tuve que devolverlo.,negative,2,Office Products,True
3000,No lo recomiendo. El producto llegó roto.,negative,2,Home & Kitchen,True
